S.No.,Order Id,Order Date,Item Id,Product Name,Brand Name,UPC,Variant Description,"Mapping on consumer app (L0, L1, L2)",Business Category,Supply City,Supply State,Supply State GST,Customer City,Customer State,Order Status,HSN Code,IGST(%),CGST(%),SGST(%),CESS(%),Quantity,MRP (Rs),Selling Price (Rs),IGST Value,CGST Value,SGST Value,CESS Value,Total Tax,Total Gross Bill Amount
1,1527917492,01-12-2025,10196943,"Vyndo Masala Ragi Bhakhri, Healthy Millet Snacks",Vyndo,8906172900495,"Vyndo Masala Ragi Bhakhri, Healthy Millet Snacks(Pack)",Munchies -> Namkeen Snacks -> Namkeen Snacks,Grocery - Snacks & Packaged Foods,UP-NCR,Uttar Pradesh,09AAFCG9846E1Z9,Ghaziabad,Uttar Pradesh,DELIVERED,19059090,0,0,0,0,1,198,178,0,0,0,0,0,178
2,1527099766,01-12-2025,10196943,"Vyndo Masala Ragi Bhakhri, Healthy Millet Snacks",Vyndo,8906172900495,"Vyndo Masala Ragi Bhakhri, Healthy Millet Snacks(Pack)",Munchies -> Namkeen Snacks -> Namkeen Snacks,Grocery - Snacks & Packaged Foods,Raebareli,Uttar Pradesh,09AAFCG9846E1Z9,Raebareli,Uttar Pradesh,DELIVERED,19059090,0,0,0,0,1,198,178,0,0,0,0,0,178
3,1528557435,01-12-2025,10196943,"Vyndo Masala Ragi Bhakhri, Healthy Millet Snacks",Vyndo,8906172900495,"Vyndo Masala Ragi Bhakhri, Healthy Millet Snacks(Pack)",Munchies -> Namkeen Snacks -> Namkeen Snacks,Grocery - Snacks & Packaged Foods,Bengaluru,Karnataka,29AAFCG9846E1Z7,Bengaluru,Karnataka,DELIVERED,19059090,0,0,0,0,1,198,178,0,0,0,0,0,178
4,1527098924,01-12-2025,10196943,"Vyndo Masala Ragi Bhakhri, Healthy Millet Snacks",Vyndo,8906172900495,"Vyndo Masala Ragi Bhakhri, Healthy Millet Snacks(Pack)",Munchies -> Namkeen Snacks -> Namkeen Snacks,Grocery - Snacks & Packaged Foods,Mumbai,Maharashtra,27AAFCG9846E1ZB,Mumbai,Maharashtra,DELIVERED,19059090,0,0,0,0,1,198,178,0,0,0,0,0,178
5,1528531745,01-12-2025,10196943,"Vyndo Masala Ragi Bhakhri, Healthy Millet Snacks",Vyndo,8906172900495,"Vyndo Masala Ragi Bhakhri, Healthy Millet Snacks(Pack)",Munchies -> Namkeen Snacks -> Namkeen Snacks,Grocery - Snacks & Packaged Foods,Kolkata,West Bengal,19AAFCG9846E1Z8,Kolkata,West Bengal,DELIVERED,19059090,0,0,0,0,1,198,178,0,0,0,0,0,178
6,1529125140,01-12-2025,10196943,"Vyndo Masala Ragi Bhakhri, Healthy Millet Snacks",Vyndo,8906172900495,"Vyndo Masala Ragi Bhakhri, Healthy Millet Snacks(Pack)",Munchies -> Namkeen Snacks -> Namkeen Snacks,Grocery - Snacks & Packaged Foods,Kolkata,West Bengal,19AAFCG9846E1Z8,Kolkata,West Bengal,DELIVERED,19059090,0,0,0,0,1,198,178,0,0,0,0,0,178
7,1529108545,01-12-2025,10197316,Vyndo Farali Millet Bhakhri Fasting Energy Snacks,Vyndo,8906172900358,Vyndo Farali Millet Bhakhri Fasting Energy Snacks,Organic & Premium -> Snacks & Munchies -> Snacks & Munchies,Grocery - Snacks & Packaged Foods,Mumbai,Maharashtra,27AAFCG9846E1ZB,Mumbai,Maharashtra,DELIVERED,19059090,0,0,0,0,1,198,178,0,0,0,0,0,178
8,1528374055,01-12-2025,10197316,Vyndo Farali Millet Bhakhri Fasting Energy Snacks,Vyndo,8906172900358,Vyndo Farali Millet Bhakhri Fasting Energy Snacks,Organic & Premium -> Snacks & Munchies -> Snacks & Munchies,Grocery - Snacks & Packaged Foods,Mumbai,Maharashtra,27AAFCG9846E1ZB,Mumbai,Maharashtra,DELIVERED,19059090,0,0,0,0,1,198,178,0,0,0,0,0,178
9,1527187964,01-12-2025,10197316,Vyndo Farali Millet Bhakhri Fasting Energy Snacks,Vyndo,8906172900358,Vyndo Farali Millet Bhakhri Fasting Energy Snacks,Organic & Premium -> Snacks & Munchies -> Snacks & Munchies,Grocery - Snacks & Packaged Foods,Mumbai,Maharashtra,27AAFCG9846E1ZB,Mumbai,Maharashtra,DELIVERED,19059090,0,0,0,0,1,198,178,0,0,0,0,0,178
10,1527464784,01-12-2025,10197316,Vyndo Farali Millet Bhakhri Fasting Energy Snacks,Vyndo,8906172900358,Vyndo Farali Millet Bhakhri Fasting Energy Snacks,Organic & Premium -> Snacks & Munchies -> Snacks & Munchies,Grocery - Snacks & Packaged Foods,Mumbai,Maharashtra,27AAFCG9846E1ZB,Mumbai,Maharashtra,DELIVERED,19059090,0,0,0,0,1,198,178,0,0,0,0,0,178
11,1528372658,01-12-2025,10197316,Vyndo Farali Millet Bhakhri Fasting Energy Snacks,Vyndo,8906172900358,Vyndo Farali Millet Bhakhri Fasting Energy Snacks,Organic & Premium -> Snacks & Munchies -> Snacks & Munchies,Grocery - Snacks & Packaged Foods,Kanpur,Uttar Pradesh,09AAFCG9846E1Z9,Kanpur,Uttar Pradesh,DELIVERED,19059090,0,0,0,0,1,198,178,0,0,0,0,0,178
12,1527147000,01-12-2025,10197316,Vyndo Farali Millet Bhakhri Fasting Energy Snacks,Vyndo,8906172900358,Vyndo Farali Millet Bhakhri Fasting Energy Snacks,Organic & Premium -> Snacks & Munchies -> Snacks & Munchies,Grocery - Snacks & Packaged Foods,Panipat,Haryana,06AAFCG9846E1ZF,Panipat,Haryana,DELIVERED,19059090,0,0,0,0,1,198,178,0,0,0,0,0,178
13,1527215970,01-12-2025,10197316,Vyndo Farali Millet Bhakhri Fasting Energy Snacks,Vyndo,8906172900358,Vyndo Farali Millet Bhakhri Fasting Energy Snacks,Organic & Premium -> Snacks & Munchies -> Snacks & Munchies,Grocery - Snacks & Packaged Foods,Delhi,Delhi,07AAFCG9846E2ZC,Delhi,Delhi,DELIVERED,19059090,0,0,0,0,1,198,178,0,0,0,0,0,178
14,1527162072,01-12-2025,10197316,Vyndo Farali Millet Bhakhri Fasting Energy Snacks,Vyndo,8906172900358,Vyndo Farali Millet Bhakhri Fasting Energy Snacks,Organic & Premium -> Snacks & Munchies -> Snacks & Munchies,Grocery - Snacks & Packaged Foods,Mumbai,Maharashtra,27AAFCG9846E1ZB,Mumbai,Maharashtra,DELIVERED,19059090,0,0,0,0,1,198,178,0,0,0,0,0,178
15,1528112516,01-12-2025,10197316,Vyndo Farali Millet Bhakhri Fasting Energy Snacks,Vyndo,8906172900358,Vyndo Farali Millet Bhakhri Fasting Energy Snacks,Organic & Premium -> Snacks & Munchies -> Snacks & Munchies,Grocery - Snacks & Packaged Foods,Mumbai,Maharashtra,27AAFCG9846E1ZB,Mumbai,Maharashtra,DELIVERED,19059090,0,0,0,0,1,198,178,0,0,0,0,0,178
16,1529392037,01-12-2025,10197316,Vyndo Farali Millet Bhakhri Fasting Energy Snacks,Vyndo,8906172900358,Vyndo Farali Millet Bhakhri Fasting Energy Snacks,Organic & Premium -> Snacks & Munchies -> Snacks & Munchies,Grocery - Snacks & Packaged Foods,Pune,Maharashtra,27AAFCG9846E1ZB,Pune,Maharashtra,DELIVERED,19059090,0,0,0,0,1,198,178,0,0,0,0,0,178
17,1527127095,01-12-2025,10197316,Vyndo Farali Millet Bhakhri Fasting Energy Snacks,Vyndo,8906172900358,Vyndo Farali Millet Bhakhri Fasting Energy Snacks,Organic & Premium -> Snacks & Munchies -> Snacks & Munchies,Grocery - Snacks & Packaged Foods,Kolkata,West Bengal,19AAFCG9846E1Z8,Kolkata,West Bengal,DELIVERED,19059090,0,0,0,0,1,198,178,0,0,0,0,0,178
18,1529323935,01-12-2025,10197316,Vyndo Farali Millet Bhakhri Fasting Energy Snacks,Vyndo,8906172900358,Vyndo Farali Millet Bhakhri Fasting Energy Snacks,Organic & Premium -> Snacks & Munchies -> Snacks & Munchies,Grocery - Snacks & Packaged Foods,Pune,Maharashtra,27AAFCG9846E1ZB,Pune,Maharashtra,DELIVERED,19059090,0,0,0,0,1,198,178,0,0,0,0,0,178
19,1527336426,01-12-2025,10197316,Vyndo Farali Millet Bhakhri Fasting Energy Snacks,Vyndo,8906172900358,Vyndo Farali Millet Bhakhri Fasting Energy Snacks,Organic & Premium -> Snacks & Munchies -> Snacks & Munchies,Grocery - Snacks & Packaged Foods,Pune,Maharashtra,27AAFCG9846E1ZB,Pune,Maharashtra,DELIVERED,19059090,0,0,0,0,1,198,178,0,0,0,0,0,178
20,1528605830,01-12-2025,10197316,Vyndo Farali Millet Bhakhri Fasting Energy Snacks,Vyndo,8906172900358,Vyndo Farali Millet Bhakhri Fasting Energy Snacks,Organic & Premium -> Snacks & Munchies -> Snacks & Munchies,Grocery - Snacks & Packaged Foods,Pune,Maharashtra,27AAFCG9846E1ZB,Pune,Maharashtra,DELIVERED,19059090,0,0,0,0,1,198,178,0,0,0,0,0,178
21,1527987821,01-12-2025,10197316,Vyndo Farali Millet Bhakhri Fasting Energy Snacks,Vyndo,8906172900358,Vyndo Farali Millet Bhakhri Fasting Energy Snacks,Organic & Premium -> Snacks & Munchies -> Snacks & Munchies,Grocery - Snacks & Packaged Foods,UP-NCR,Uttar Pradesh,09AAFCG9846E1Z9,Ghaziabad,Uttar Pradesh,DELIVERED,19059090,0,0,0,0,1,198,178,0,0,0,0,0,178
22,1527920219,01-12-2025,10197316,Vyndo Farali Millet Bhakhri Fasting Energy Snacks,Vyndo,8906172900358,Vyndo Farali Millet Bhakhri Fasting Energy Snacks,Organic & Premium -> Snacks & Munchies -> Snacks & Munchies,Grocery - Snacks & Packaged Foods,Mumbai,Maharashtra,27AAFCG9846E1ZB,Mumbai,Maharashtra,DELIVERED,19059090,0,0,0,0,1,198,178,0,0,0,0,0,178
23,1527990902,01-12-2025,10200587,"Vyndo Moong Bajra Bhakhri, Healthy Millet Snacks",Vyndo,8906172900365,"Vyndo Moong Bajra Bhakhri, Healthy Millet Snacks(Box)",Munchies -> Namkeen Snacks -> Namkeen Snacks,Grocery - Snacks & Packaged Foods,Vadodara,Gujarat,24AAFCG9846E1ZH,Vadodara,Gujarat,DELIVERED,19059090,0,0,0,0,1,198,178,0,0,0,0,0,178
24,1526966972,01-12-2025,10200590,"Vyndo Roasted Ragi Bhakhri, Healthy Millet Snacks",Vyndo,8906172900372,"Vyndo Roasted Ragi Bhakhri, Healthy Millet Snacks(Box)",Munchies -> Namkeen Snacks -> Namkeen Snacks,Grocery - Snacks & Packaged Foods,UP-NCR,Uttar Pradesh,09AAFCG9846E1Z9,Ghaziabad,Uttar Pradesh,DELIVERED,19059090,0,0,0,0,1,198,178,0,0,0,0,0,178
25,1527312541,01-12-2025,10200590,"Vyndo Roasted Ragi Bhakhri, Healthy Millet Snacks",Vyndo,8906172900372,"Vyndo Roasted Ragi Bhakhri, Healthy Millet Snacks(Box)",Munchies -> Namkeen Snacks -> Namkeen Snacks,Grocery - Snacks & Packaged Foods,Pune,Maharashtra,27AAFCG9846E1ZB,Pune,Maharashtra,DELIVERED,19059090,0,0,0,0,1,198,178,0,0,0,0,0,178
26,1528329950,01-12-2025,10200590,"Vyndo Roasted Ragi Bhakhri, Healthy Millet Snacks",Vyndo,8906172900372,"Vyndo Roasted Ragi Bhakhri, Healthy Millet Snacks(Box)",Munchies -> Namkeen Snacks -> Namkeen Snacks,Grocery - Snacks & Packaged Foods,Pune,Maharashtra,27AAFCG9846E1ZB,Pune,Maharashtra,DELIVERED,19059090,0,0,0,0,1,198,178,0,0,0,0,0,178
27,1527328870,01-12-2025,10200590,"Vyndo Roasted Ragi Bhakhri, Healthy Millet Snacks",Vyndo,8906172900372,"Vyndo Roasted Ragi Bhakhri, Healthy Millet Snacks(Box)",Munchies -> Namkeen Snacks -> Namkeen Snacks,Grocery - Snacks & Packaged Foods,Ahmedabad,Gujarat,24AAFCG9846E1ZH,Ahmedabad,Gujarat,DELIVERED,19059090,0,0,0,0,1,198,178,0,0,0,0,0,178
28,1528677423,01-12-2025,10200590,"Vyndo Roasted Ragi Bhakhri, Healthy Millet Snacks",Vyndo,8906172900372,"Vyndo Roasted Ragi Bhakhri, Healthy Millet Snacks(Box)",Munchies -> Namkeen Snacks -> Namkeen Snacks,Grocery - Snacks & Packaged Foods,Mumbai,Maharashtra,27AAFCG9846E1ZB,Mumbai,Maharashtra,DELIVERED,19059090,0,0,0,0,1,198,178,0,0,0,0,0,178
29,1528563653,01-12-2025,10200590,"Vyndo Roasted Ragi Bhakhri, Healthy Millet Snacks",Vyndo,8906172900372,"Vyndo Roasted Ragi Bhakhri, Healthy Millet Snacks(Box)",Munchies -> Namkeen Snacks -> Namkeen Snacks,Grocery - Snacks & Packaged Foods,Mumbai,Maharashtra,27AAFCG9846E1ZB,Mumbai,Maharashtra,DELIVERED,19059090,0,0,0,0,1,198,178,0,0,0,0,0,178
30,1528217947,01-12-2025,10200590,"Vyndo Roasted Ragi Bhakhri, Healthy Millet Snacks",Vyndo,8906172900372,"Vyndo Roasted Ragi Bhakhri, Healthy Millet Snacks(Box)",Munchies -> Namkeen Snacks -> Namkeen Snacks,Grocery - Snacks & Packaged Foods,Ahmedabad,Gujarat,24AAFCG9846E1ZH,Ahmedabad,Gujarat,DELIVERED,19059090,0,0,0,0,1,198,178,0,0,0,0,0,178
31,1529134400,01-12-2025,10200590,"Vyndo Roasted Ragi Bhakhri, Healthy Millet Snacks",Vyndo,8906172900372,"Vyndo Roasted Ragi Bhakhri, Healthy Millet Snacks(Box)",Munchies -> Namkeen Snacks -> Namkeen Snacks,Grocery - Snacks & Packaged Foods,Ahmedabad,Gujarat,24AAFCG9846E1ZH,Ahmedabad,Gujarat,DELIVERED,19059090,0,0,0,0,1,198,178,0,0,0,0,0,178
32,1527670306,01-12-2025,10200590,"Vyndo Roasted Ragi Bhakhri, Healthy Millet Snacks",Vyndo,8906172900372,"Vyndo Roasted Ragi Bhakhri, Healthy Millet Snacks(Box)",Munchies -> Namkeen Snacks -> Namkeen Snacks,Grocery - Snacks & Packaged Foods,Ahmedabad,Gujarat,24AAFCG9846E1ZH,Ahmedabad,Gujarat,DELIVERED,19059090,0,0,0,0,1,198,178,0,0,0,0,0,178
33,1528820896,01-12-2025,10200590,"Vyndo Roasted Ragi Bhakhri, Healthy Millet Snacks",Vyndo,8906172900372,"Vyndo Roasted Ragi Bhakhri, Healthy Millet Snacks(Box)",Munchies -> Namkeen Snacks -> Namkeen Snacks,Grocery - Snacks & Packaged Foods,Bengaluru,Karnataka,29AAFCG9846E1Z7,Bengaluru,Karnataka,DELIVERED,19059090,0,0,0,0,1,198,178,0,0,0,0,0,178
34,1528605830,01-12-2025,10200590,"Vyndo Roasted Ragi Bhakhri, Healthy Millet Snacks",Vyndo,8906172900372,"Vyndo Roasted Ragi Bhakhri, Healthy Millet Snacks(Box)",Munchies -> Namkeen Snacks -> Namkeen Snacks,Grocery - Snacks & Packaged Foods,Pune,Maharashtra,27AAFCG9846E1ZB,Pune,Maharashtra,DELIVERED,19059090,0,0,0,0,2,198,178,0,0,0,0,0,356
35,1529067606,01-12-2025,10204795,Vyndo Sattu Khakhra,Vyndo,8906172900198,Vyndo Sattu Khakhra(Packet),Munchies -> Namkeen Snacks -> Namkeen Snacks,Grocery - Snacks & Packaged Foods,Faridabad,Haryana,06AAFCG9846E1ZF,Faridabad,Haryana,DELIVERED,19059090,0,0,0,0,1,198,178,0,0,0,0,0,178
36,1528488223,01-12-2025,10204795,Vyndo Sattu Khakhra,Vyndo,8906172900198,Vyndo Sattu Khakhra(Packet),Munchies -> Namkeen Snacks -> Namkeen Snacks,Grocery - Snacks & Packaged Foods,Pune,Maharashtra,27AAFCG9846E1ZB,Pune,Maharashtra,DELIVERED,19059090,0,0,0,0,1,198,178,0,0,0,0,0,178
37,1527823147,01-12-2025,10204795,Vyndo Sattu Khakhra,Vyndo,8906172900198,Vyndo Sattu Khakhra(Packet),Munchies -> Namkeen Snacks -> Namkeen Snacks,Grocery - Snacks & Packaged Foods,Raebareli,Uttar Pradesh,09AAFCG9846E1Z9,Raebareli,Uttar Pradesh,DELIVERED,19059090,0,0,0,0,1,198,178,0,0,0,0,0,178
38,1528311062,01-12-2025,10204795,Vyndo Sattu Khakhra,Vyndo,8906172900198,Vyndo Sattu Khakhra(Packet),Munchies -> Namkeen Snacks -> Namkeen Snacks,Grocery - Snacks & Packaged Foods,Pune,Maharashtra,27AAFCG9846E1ZB,Pune,Maharashtra,DELIVERED,19059090,0,0,0,0,1,198,178,0,0,0,0,0,178
39,1529018770,01-12-2025,10204795,Vyndo Sattu Khakhra,Vyndo,8906172900198,Vyndo Sattu Khakhra(Packet),Munchies -> Namkeen Snacks -> Namkeen Snacks,Grocery - Snacks & Packaged Foods,Delhi,Delhi,07AAFCG9846E2ZC,Delhi,Delhi,DELIVERED,19059090,0,0,0,0,1,198,178,0,0,0,0,0,178
40,1529266254,01-12-2025,10204795,Vyndo Sattu Khakhra,Vyndo,8906172900198,Vyndo Sattu Khakhra(Packet),Munchies -> Namkeen Snacks -> Namkeen Snacks,Grocery - Snacks & Packaged Foods,UP-NCR,Uttar Pradesh,09AAFCG9846E1Z9,Ghaziabad,Uttar Pradesh,DELIVERED,19059090,0,0,0,0,1,198,178,0,0,0,0,0,178
41,1528403652,01-12-2025,10204795,Vyndo Sattu Khakhra,Vyndo,8906172900198,Vyndo Sattu Khakhra(Packet),Munchies -> Namkeen Snacks -> Namkeen Snacks,Grocery - Snacks & Packaged Foods,Kanpur,Uttar Pradesh,09AAFCG9846E1Z9,Kanpur,Uttar Pradesh,DELIVERED,19059090,0,0,0,0,1,198,178,0,0,0,0,0,178
42,1527048420,01-12-2025,10204795,Vyndo Sattu Khakhra,Vyndo,8906172900198,Vyndo Sattu Khakhra(Packet),Munchies -> Namkeen Snacks -> Namkeen Snacks,Grocery - Snacks & Packaged Foods,Delhi,Delhi,07AAFCG9846E2ZC,Delhi,Delhi,DELIVERED,19059090,0,0,0,0,1,198,178,0,0,0,0,0,178
43,1528182917,01-12-2025,10204795,Vyndo Sattu Khakhra,Vyndo,8906172900198,Vyndo Sattu Khakhra(Packet),Munchies -> Namkeen Snacks -> Namkeen Snacks,Grocery - Snacks & Packaged Foods,Lucknow,Uttar Pradesh,09AAFCG9846E1Z9,Lucknow,Uttar Pradesh,DELIVERED,19059090,0,0,0,0,1,198,178,0,0,0,0,0,178
44,1527603096,01-12-2025,10204795,Vyndo Sattu Khakhra,Vyndo,8906172900198,Vyndo Sattu Khakhra(Packet),Munchies -> Namkeen Snacks -> Namkeen Snacks,Grocery - Snacks & Packaged Foods,Delhi,Delhi,07AAFCG9846E2ZC,Delhi,Delhi,DELIVERED,19059090,0,0,0,0,1,198,178,0,0,0,0,0,178
45,1528434300,01-12-2025,10204795,Vyndo Sattu Khakhra,Vyndo,8906172900198,Vyndo Sattu Khakhra(Packet),Munchies -> Namkeen Snacks -> Namkeen Snacks,Grocery - Snacks & Packaged Foods,Chennai,Tamil Nadu,33AAFCG9846E1ZI,Chennai,Tamil Nadu,DELIVERED,19059090,0,0,0,0,1,198,178,0,0,0,0,0,178
46,1528108123,01-12-2025,10204795,Vyndo Sattu Khakhra,Vyndo,8906172900198,Vyndo Sattu Khakhra(Packet),Munchies -> Namkeen Snacks -> Namkeen Snacks,Grocery - Snacks & Packaged Foods,Lucknow,Uttar Pradesh,09AAFCG9846E1Z9,Lucknow,Uttar Pradesh,DELIVERED,19059090,0,0,0,0,1,198,178,0,0,0,0,0,178
47,1527578490,01-12-2025,10204795,Vyndo Sattu Khakhra,Vyndo,8906172900198,Vyndo Sattu Khakhra(Packet),Munchies -> Namkeen Snacks -> Namkeen Snacks,Grocery - Snacks & Packaged Foods,Mumbai,Maharashtra,27AAFCG9846E1ZB,Mumbai,Maharashtra,DELIVERED,19059090,0,0,0,0,1,198,178,0,0,0,0,0,178
48,1527264802,01-12-2025,10204795,Vyndo Sattu Khakhra,Vyndo,8906172900198,Vyndo Sattu Khakhra(Packet),Munchies -> Namkeen Snacks -> Namkeen Snacks,Grocery - Snacks & Packaged Foods,Lucknow,Uttar Pradesh,09AAFCG9846E1Z9,Lucknow,Uttar Pradesh,DELIVERED,19059090,0,0,0,0,1,198,178,0,0,0,0,0,178
49,1528516175,01-12-2025,10204795,Vyndo Sattu Khakhra,Vyndo,8906172900198,Vyndo Sattu Khakhra(Packet),Munchies -> Namkeen Snacks -> Namkeen Snacks,Grocery - Snacks & Packaged Foods,Mumbai,Maharashtra,27AAFCG9846E1ZB,Mumbai,Maharashtra,DELIVERED,19059090,0,0,0,0,1,198,178,0,0,0,0,0,178
50,1526885220,01-12-2025,10204795,Vyndo Sattu Khakhra,Vyndo,8906172900198,Vyndo Sattu Khakhra(Packet),Munchies -> Namkeen Snacks -> Namkeen Snacks,Grocery - Snacks & Packaged Foods,Pune,Maharashtra,27AAFCG9846E1ZB,Pune,Maharashtra,DELIVERED,19059090,0,0,0,0,1,198,178,0,0,0,0,0,178
51,1527101697,01-12-2025,10204795,Vyndo Sattu Khakhra,Vyndo,8906172900198,Vyndo Sattu Khakhra(Packet),Munchies -> Namkeen Snacks -> Namkeen Snacks,Grocery - Snacks & Packaged Foods,Mumbai,Maharashtra,27AAFCG9846E1ZB,Mumbai,Maharashtra,DELIVERED,19059090,0,0,0,0,1,198,178,0,0,0,0,0,178
52,1528516175,01-12-2025,10204798,"Vyndo Chorafali Khakhra, Healthy Millet Snacks",Vyndo,8906172900204,"Vyndo Chorafali Khakhra, Healthy Millet Snacks(Packet)",Munchies -> Namkeen Snacks -> Namkeen Snacks,Grocery - Snacks & Packaged Foods,Mumbai,Maharashtra,27AAFCG9846E1ZB,Mumbai,Maharashtra,DELIVERED,19059090,0,0,0,0,1,198,178,0,0,0,0,0,178
53,1527858818,01-12-2025,10204798,"Vyndo Chorafali Khakhra, Healthy Millet Snacks",Vyndo,8906172900204,"Vyndo Chorafali Khakhra, Healthy Millet Snacks(Packet)",Munchies -> Namkeen Snacks -> Namkeen Snacks,Grocery - Snacks & Packaged Foods,Mumbai,Maharashtra,27AAFCG9846E1ZB,Mumbai,Maharashtra,DELIVERED,19059090,0,0,0,0,1,198,178,0,0,0,0,0,178
54,1529132593,01-12-2025,10204798,"Vyndo Chorafali Khakhra, Healthy Millet Snacks",Vyndo,8906172900204,"Vyndo Chorafali Khakhra, Healthy Millet Snacks(Packet)",Munchies -> Namkeen Snacks -> Namkeen Snacks,Grocery - Snacks & Packaged Foods,Mumbai,Maharashtra,27AAFCG9846E1ZB,Mumbai,Maharashtra,DELIVERED,19059090,0,0,0,0,1,198,178,0,0,0,0,0,178
55,1529072246,01-12-2025,10204798,"Vyndo Chorafali Khakhra, Healthy Millet Snacks",Vyndo,8906172900204,"Vyndo Chorafali Khakhra, Healthy Millet Snacks(Packet)",Munchies -> Namkeen Snacks -> Namkeen Snacks,Grocery - Snacks & Packaged Foods,Pune,Maharashtra,27AAFCG9846E1ZB,Pune,Maharashtra,DELIVERED,19059090,0,0,0,0,1,198,178,0,0,0,0,0,178
56,1528370576,01-12-2025,10204798,"Vyndo Chorafali Khakhra, Healthy Millet Snacks",Vyndo,8906172900204,"Vyndo Chorafali Khakhra, Healthy Millet Snacks(Packet)",Munchies -> Namkeen Snacks -> Namkeen Snacks,Grocery - Snacks & Packaged Foods,Pune,Maharashtra,27AAFCG9846E1ZB,Pune,Maharashtra,DELIVERED,19059090,0,0,0,0,1,198,178,0,0,0,0,0,178
57,1527155204,01-12-2025,10204798,"Vyndo Chorafali Khakhra, Healthy Millet Snacks",Vyndo,8906172900204,"Vyndo Chorafali Khakhra, Healthy Millet Snacks(Packet)",Munchies -> Namkeen Snacks -> Namkeen Snacks,Grocery - Snacks & Packaged Foods,Ahmedabad,Gujarat,24AAFCG9846E1ZH,Ahmedabad,Gujarat,DELIVERED,19059090,0,0,0,0,1,198,178,0,0,0,0,0,178
58,1528391614,01-12-2025,10204798,"Vyndo Chorafali Khakhra, Healthy Millet Snacks",Vyndo,8906172900204,"Vyndo Chorafali Khakhra, Healthy Millet Snacks(Packet)",Munchies -> Namkeen Snacks -> Namkeen Snacks,Grocery - Snacks & Packaged Foods,Mumbai,Maharashtra,27AAFCG9846E1ZB,Mumbai,Maharashtra,DELIVERED,19059090,0,0,0,0,2,198,178,0,0,0,0,0,356
59,1529148335,01-12-2025,10204798,"Vyndo Chorafali Khakhra, Healthy Millet Snacks",Vyndo,8906172900204,"Vyndo Chorafali Khakhra, Healthy Millet Snacks(Packet)",Munchies -> Namkeen Snacks -> Namkeen Snacks,Grocery - Snacks & Packaged Foods,Pune,Maharashtra,27AAFCG9846E1ZB,Pune,Maharashtra,DELIVERED,19059090,0,0,0,0,1,198,178,0,0,0,0,0,178
60,1527374602,01-12-2025,10204798,"Vyndo Chorafali Khakhra, Healthy Millet Snacks",Vyndo,8906172900204,"Vyndo Chorafali Khakhra, Healthy Millet Snacks(Packet)",Munchies -> Namkeen Snacks -> Namkeen Snacks,Grocery - Snacks & Packaged Foods,Pune,Maharashtra,27AAFCG9846E1ZB,Pune,Maharashtra,DELIVERED,19059090,0,0,0,0,1,198,178,0,0,0,0,0,178
61,1527068081,01-12-2025,10205139,"Vyndo Methi Bajra Khakhra, Healthy Millet Snacks",Vyndo,8906172900235,"Vyndo Methi Bajra Khakhra, Healthy Millet Snacks(Pouch)",Munchies -> Namkeen Snacks -> Namkeen Snacks,Grocery - Snacks & Packaged Foods,Chennai,Tamil Nadu,33AAFCG9846E1ZI,Chennai,Tamil Nadu,DELIVERED,19059090,0,0,0,0,1,198,178,0,0,0,0,0,178
62,1527578490,01-12-2025,10205139,"Vyndo Methi Bajra Khakhra, Healthy Millet Snacks",Vyndo,8906172900235,"Vyndo Methi Bajra Khakhra, Healthy Millet Snacks(Pouch)",Munchies -> Namkeen Snacks -> Namkeen Snacks,Grocery - Snacks & Packaged Foods,Mumbai,Maharashtra,27AAFCG9846E1ZB,Mumbai,Maharashtra,DELIVERED,19059090,0,0,0,0,1,198,178,0,0,0,0,0,178
63,1527043994,01-12-2025,10205139,"Vyndo Methi Bajra Khakhra, Healthy Millet Snacks",Vyndo,8906172900235,"Vyndo Methi Bajra Khakhra, Healthy Millet Snacks(Pouch)",Munchies -> Namkeen Snacks -> Namkeen Snacks,Grocery - Snacks & Packaged Foods,Mumbai,Maharashtra,27AAFCG9846E1ZB,Mumbai,Maharashtra,DELIVERED,19059090,0,0,0,0,1,198,178,0,0,0,0,0,178
64,1526885220,01-12-2025,10205139,"Vyndo Methi Bajra Khakhra, Healthy Millet Snacks",Vyndo,8906172900235,"Vyndo Methi Bajra Khakhra, Healthy Millet Snacks(Pouch)",Munchies -> Namkeen Snacks -> Namkeen Snacks,Grocery - Snacks & Packaged Foods,Pune,Maharashtra,27AAFCG9846E1ZB,Pune,Maharashtra,DELIVERED,19059090,0,0,0,0,1,198,178,0,0,0,0,0,178
65,1529362332,01-12-2025,10267273,Vyndo Assorted Khakhra & Bhakhri,Vyndo,8906172900501,Vyndo Assorted Khakhra & Bhakhri(Packet),Organic & Premium -> Snacks & Munchies -> Snacks & Munchies,Grocery - Snacks & Packaged Foods,Mumbai,Maharashtra,27AAFCG9846E1ZB,Mumbai,Maharashtra,DELIVERED,19059090,0,0,0,0,1,160,144,0,0,0,0,0,144
66,1530075616,02-12-2025,10197316,Vyndo Farali Millet Bhakhri Fasting Energy Snacks,Vyndo,8906172900358,Vyndo Farali Millet Bhakhri Fasting Energy Snacks,Organic & Premium -> Snacks & Munchies -> Snacks & Munchies,Grocery - Snacks & Packaged Foods,Kolkata,West Bengal,19AAFCG9846E1Z8,Kolkata,West Bengal,DELIVERED,19059090,0,0,0,0,1,198,178,0,0,0,0,0,178
67,1530241916,02-12-2025,10197316,Vyndo Farali Millet Bhakhri Fasting Energy Snacks,Vyndo,8906172900358,Vyndo Farali Millet Bhakhri Fasting Energy Snacks,Organic & Premium -> Snacks & Munchies -> Snacks & Munchies,Grocery - Snacks & Packaged Foods,Delhi,Delhi,07AAFCG9846E2ZC,Delhi,Delhi,DELIVERED,19059090,0,0,0,0,1,198,178,0,0,0,0,0,178
68,1531982045,02-12-2025,10197316,Vyndo Farali Millet Bhakhri Fasting Energy Snacks,Vyndo,8906172900358,Vyndo Farali Millet Bhakhri Fasting Energy Snacks,Organic & Premium -> Snacks & Munchies -> Snacks & Munchies,Grocery - Snacks & Packaged Foods,Mumbai,Maharashtra,27AAFCG9846E1ZB,Mumbai,Maharashtra,DELIVERED,19059090,0,0,0,0,1,198,178,0,0,0,0,0,178
69,1531746513,02-12-2025,10197316,Vyndo Farali Millet Bhakhri Fasting Energy Snacks,Vyndo,8906172900358,Vyndo Farali Millet Bhakhri Fasting Energy Snacks,Organic & Premium -> Snacks & Munchies -> Snacks & Munchies,Grocery - Snacks & Packaged Foods,Lucknow,Uttar Pradesh,09AAFCG9846E1Z9,Lucknow,Uttar Pradesh,DELIVERED,19059090,0,0,0,0,1,198,178,0,0,0,0,0,178
70,1530112800,02-12-2025,10197316,Vyndo Farali Millet Bhakhri Fasting Energy Snacks,Vyndo,8906172900358,Vyndo Farali Millet Bhakhri Fasting Energy Snacks,Organic & Premium -> Snacks & Munchies -> Snacks & Munchies,Grocery - Snacks & Packaged Foods,Mumbai,Maharashtra,27AAFCG9846E1ZB,Mumbai,Maharashtra,DELIVERED,19059090,0,0,0,0,1,198,178,0,0,0,0,0,178
71,1530075616,02-12-2025,10197316,Vyndo Farali Millet Bhakhri Fasting Energy Snacks,Vyndo,8906172900358,Vyndo Farali Millet Bhakhri Fasting Energy Snacks,Organic & Premium -> Snacks & Munchies -> Snacks & Munchies,Grocery - Snacks & Packaged Foods,Kolkata,West Bengal,19AAFCG9846E1Z8,Kolkata,West Bengal,DELIVERED,19059090,0,0,0,0,1,198,178,0,0,0,0,0,178
72,1530122721,02-12-2025,10197316,Vyndo Farali Millet Bhakhri Fasting Energy Snacks,Vyndo,8906172900358,Vyndo Farali Millet Bhakhri Fasting Energy Snacks,Organic & Premium -> Snacks & Munchies -> Snacks & Munchies,Grocery - Snacks & Packaged Foods,Chennai,Tamil Nadu,33AAFCG9846E1ZI,Chennai,Tamil Nadu,DELIVERED,19059090,0,0,0,0,1,198,178,0,0,0,0,0,178
73,1531583323,02-12-2025,10197316,Vyndo Farali Millet Bhakhri Fasting Energy Snacks,Vyndo,8906172900358,Vyndo Farali Millet Bhakhri Fasting Energy Snacks,Organic & Premium -> Snacks & Munchies -> Snacks & Munchies,Grocery - Snacks & Packaged Foods,Mumbai,Maharashtra,27AAFCG9846E1ZB,Mumbai,Maharashtra,DELIVERED,19059090,0,0,0,0,1,198,178,0,0,0,0,0,178
74,1530015475,02-12-2025,10200587,"Vyndo Moong Bajra Bhakhri, Healthy Millet Snacks",Vyndo,8906172900365,"Vyndo Moong Bajra Bhakhri, Healthy Millet Snacks(Box)",Munchies -> Namkeen Snacks -> Namkeen Snacks,Grocery - Snacks & Packaged Foods,Mumbai,Maharashtra,27AAFCG9846E1ZB,Mumbai,Maharashtra,DELIVERED,19059090,0,0,0,0,1,198,178,0,0,0,0,0,178
75,1531784646,02-12-2025,10200587,"Vyndo Moong Bajra Bhakhri, Healthy Millet Snacks",Vyndo,8906172900365,"Vyndo Moong Bajra Bhakhri, Healthy Millet Snacks(Box)",Munchies -> Namkeen Snacks -> Namkeen Snacks,Grocery - Snacks & Packaged Foods,Mumbai,Maharashtra,27AAFCG9846E1ZB,Mumbai,Maharashtra,DELIVERED,19059090,0,0,0,0,1,198,178,0,0,0,0,0,178
76,1531583323,02-12-2025,10200587,"Vyndo Moong Bajra Bhakhri, Healthy Millet Snacks",Vyndo,8906172900365,"Vyndo Moong Bajra Bhakhri, Healthy Millet Snacks(Box)",Munchies -> Namkeen Snacks -> Namkeen Snacks,Grocery - Snacks & Packaged Foods,Mumbai,Maharashtra,27AAFCG9846E1ZB,Mumbai,Maharashtra,DELIVERED,19059090,0,0,0,0,1,198,178,0,0,0,0,0,178
77,1531583323,02-12-2025,10200590,"Vyndo Roasted Ragi Bhakhri, Healthy Millet Snacks",Vyndo,8906172900372,"Vyndo Roasted Ragi Bhakhri, Healthy Millet Snacks(Box)",Munchies -> Namkeen Snacks -> Namkeen Snacks,Grocery - Snacks & Packaged Foods,Mumbai,Maharashtra,27AAFCG9846E1ZB,Mumbai,Maharashtra,DELIVERED,19059090,0,0,0,0,1,198,178,0,0,0,0,0,178
78,1531373642,02-12-2025,10200590,"Vyndo Roasted Ragi Bhakhri, Healthy Millet Snacks",Vyndo,8906172900372,"Vyndo Roasted Ragi Bhakhri, Healthy Millet Snacks(Box)",Munchies -> Namkeen Snacks -> Namkeen Snacks,Grocery - Snacks & Packaged Foods,Ahmedabad,Gujarat,24AAFCG9846E1ZH,Ahmedabad,Gujarat,DELIVERED,19059090,0,0,0,0,1,198,178,0,0,0,0,0,178
79,1530639521,02-12-2025,10200590,"Vyndo Roasted Ragi Bhakhri, Healthy Millet Snacks",Vyndo,8906172900372,"Vyndo Roasted Ragi Bhakhri, Healthy Millet Snacks(Box)",Munchies -> Namkeen Snacks -> Namkeen Snacks,Grocery - Snacks & Packaged Foods,Ahmedabad,Gujarat,24AAFCG9846E1ZH,Ahmedabad,Gujarat,DELIVERED,19059090,0,0,0,0,1,198,178,0,0,0,0,0,178
80,1531093292,02-12-2025,10200590,"Vyndo Roasted Ragi Bhakhri, Healthy Millet Snacks",Vyndo,8906172900372,"Vyndo Roasted Ragi Bhakhri, Healthy Millet Snacks(Box)",Munchies -> Namkeen Snacks -> Namkeen Snacks,Grocery - Snacks & Packaged Foods,Pune,Maharashtra,27AAFCG9846E1ZB,Pune,Maharashtra,DELIVERED,19059090,0,0,0,0,1,198,178,0,0,0,0,0,178
81,1531080819,02-12-2025,10200590,"Vyndo Roasted Ragi Bhakhri, Healthy Millet Snacks",Vyndo,8906172900372,"Vyndo Roasted Ragi Bhakhri, Healthy Millet Snacks(Box)",Munchies -> Namkeen Snacks -> Namkeen Snacks,Grocery - Snacks & Packaged Foods,Ahmedabad,Gujarat,24AAFCG9846E1ZH,Ahmedabad,Gujarat,DELIVERED,19059090,0,0,0,0,1,198,178,0,0,0,0,0,178
82,1529864834,02-12-2025,10200590,"Vyndo Roasted Ragi Bhakhri, Healthy Millet Snacks",Vyndo,8906172900372,"Vyndo Roasted Ragi Bhakhri, Healthy Millet Snacks(Box)",Munchies -> Namkeen Snacks -> Namkeen Snacks,Grocery - Snacks & Packaged Foods,Kolkata,West Bengal,19AAFCG9846E1Z8,Kolkata,West Bengal,DELIVERED,19059090,0,0,0,0,1,198,178,0,0,0,0,0,178
83,1529726317,02-12-2025,10200590,"Vyndo Roasted Ragi Bhakhri, Healthy Millet Snacks",Vyndo,8906172900372,"Vyndo Roasted Ragi Bhakhri, Healthy Millet Snacks(Box)",Munchies -> Namkeen Snacks -> Namkeen Snacks,Grocery - Snacks & Packaged Foods,Pune,Maharashtra,27AAFCG9846E1ZB,Pune,Maharashtra,DELIVERED,19059090,0,0,0,0,1,198,178,0,0,0,0,0,178
84,1531892205,02-12-2025,10200590,"Vyndo Roasted Ragi Bhakhri, Healthy Millet Snacks",Vyndo,8906172900372,"Vyndo Roasted Ragi Bhakhri, Healthy Millet Snacks(Box)",Munchies -> Namkeen Snacks -> Namkeen Snacks,Grocery - Snacks & Packaged Foods,Kanpur,Uttar Pradesh,09AAFCG9846E1Z9,Kanpur,Uttar Pradesh,DELIVERED,19059090,0,0,0,0,1,198,178,0,0,0,0,0,178
85,1532011949,02-12-2025,10200590,"Vyndo Roasted Ragi Bhakhri, Healthy Millet Snacks",Vyndo,8906172900372,"Vyndo Roasted Ragi Bhakhri, Healthy Millet Snacks(Box)",Munchies -> Namkeen Snacks -> Namkeen Snacks,Grocery - Snacks & Packaged Foods,Pune,Maharashtra,27AAFCG9846E1ZB,Pune,Maharashtra,DELIVERED,19059090,0,0,0,0,1,198,178,0,0,0,0,0,178
86,1529970688,02-12-2025,10200590,"Vyndo Roasted Ragi Bhakhri, Healthy Millet Snacks",Vyndo,8906172900372,"Vyndo Roasted Ragi Bhakhri, Healthy Millet Snacks(Box)",Munchies -> Namkeen Snacks -> Namkeen Snacks,Grocery - Snacks & Packaged Foods,Kolkata,West Bengal,19AAFCG9846E1Z8,Kolkata,West Bengal,DELIVERED,19059090,0,0,0,0,1,198,178,0,0,0,0,0,178
87,1529976750,02-12-2025,10200590,"Vyndo Roasted Ragi Bhakhri, Healthy Millet Snacks",Vyndo,8906172900372,"Vyndo Roasted Ragi Bhakhri, Healthy Millet Snacks(Box)",Munchies -> Namkeen Snacks -> Namkeen Snacks,Grocery - Snacks & Packaged Foods,Pune,Maharashtra,27AAFCG9846E1ZB,Pune,Maharashtra,DELIVERED,19059090,0,0,0,0,1,198,178,0,0,0,0,0,178
88,1529847863,02-12-2025,10200590,"Vyndo Roasted Ragi Bhakhri, Healthy Millet Snacks",Vyndo,8906172900372,"Vyndo Roasted Ragi Bhakhri, Healthy Millet Snacks(Box)",Munchies -> Namkeen Snacks -> Namkeen Snacks,Grocery - Snacks & Packaged Foods,Ahmedabad,Gujarat,24AAFCG9846E1ZH,Ahmedabad,Gujarat,DELIVERED,19059090,0,0,0,0,1,198,178,0,0,0,0,0,178
89,1531444336,02-12-2025,10200590,"Vyndo Roasted Ragi Bhakhri, Healthy Millet Snacks",Vyndo,8906172900372,"Vyndo Roasted Ragi Bhakhri, Healthy Millet Snacks(Box)",Munchies -> Namkeen Snacks -> Namkeen Snacks,Grocery - Snacks & Packaged Foods,Bengaluru,Karnataka,29AAFCG9846E1Z7,Bengaluru,Karnataka,DELIVERED,19059090,0,0,0,0,1,198,178,0,0,0,0,0,178
90,1531596515,02-12-2025,10204795,Vyndo Sattu Khakhra,Vyndo,8906172900198,Vyndo Sattu Khakhra(Packet),Munchies -> Namkeen Snacks -> Namkeen Snacks,Grocery - Snacks & Packaged Foods,Lucknow,Uttar Pradesh,09AAFCG9846E1Z9,Lucknow,Uttar Pradesh,DELIVERED,19059090,0,0,0,0,1,198,178,0,0,0,0,0,178
91,1531189327,02-12-2025,10204795,Vyndo Sattu Khakhra,Vyndo,8906172900198,Vyndo Sattu Khakhra(Packet),Munchies -> Namkeen Snacks -> Namkeen Snacks,Grocery - Snacks & Packaged Foods,Haldwani,Uttarakhand,05AAFCG9846E1ZH,Haldwani,Uttarakhand,DELIVERED,19059090,0,0,0,0,1,198,178,0,0,0,0,0,178
92,1532101154,02-12-2025,10204795,Vyndo Sattu Khakhra,Vyndo,8906172900198,Vyndo Sattu Khakhra(Packet),Munchies -> Namkeen Snacks -> Namkeen Snacks,Grocery - Snacks & Packaged Foods,Mumbai,Maharashtra,27AAFCG9846E1ZB,Mumbai,Maharashtra,DELIVERED,19059090,0,0,0,0,1,198,178,0,0,0,0,0,178
93,1530925421,02-12-2025,10204798,"Vyndo Chorafali Khakhra, Healthy Millet Snacks",Vyndo,8906172900204,"Vyndo Chorafali Khakhra, Healthy Millet Snacks(Packet)",Munchies -> Namkeen Snacks -> Namkeen Snacks,Grocery - Snacks & Packaged Foods,Mumbai,Maharashtra,27AAFCG9846E1ZB,Mumbai,Maharashtra,DELIVERED,19059090,0,0,0,0,1,198,178,0,0,0,0,0,178
94,1532081647,02-12-2025,10204798,"Vyndo Chorafali Khakhra, Healthy Millet Snacks",Vyndo,8906172900204,"Vyndo Chorafali Khakhra, Healthy Millet Snacks(Packet)",Munchies -> Namkeen Snacks -> Namkeen Snacks,Grocery - Snacks & Packaged Foods,Mumbai,Maharashtra,27AAFCG9846E1ZB,Mumbai,Maharashtra,DELIVERED,19059090,0,0,0,0,1,198,178,0,0,0,0,0,178
95,1531849548,02-12-2025,10204798,"Vyndo Chorafali Khakhra, Healthy Millet Snacks",Vyndo,8906172900204,"Vyndo Chorafali Khakhra, Healthy Millet Snacks(Packet)",Munchies -> Namkeen Snacks -> Namkeen Snacks,Grocery - Snacks & Packaged Foods,Ahmedabad,Gujarat,24AAFCG9846E1ZH,Ahmedabad,Gujarat,DELIVERED,19059090,0,0,0,0,1,198,178,0,0,0,0,0,178
96,1530712665,02-12-2025,10204798,"Vyndo Chorafali Khakhra, Healthy Millet Snacks",Vyndo,8906172900204,"Vyndo Chorafali Khakhra, Healthy Millet Snacks(Packet)",Munchies -> Namkeen Snacks -> Namkeen Snacks,Grocery - Snacks & Packaged Foods,UP-NCR,Uttar Pradesh,09AAFCG9846E1Z9,Ghaziabad,Uttar Pradesh,DELIVERED,19059090,0,0,0,0,1,198,178,0,0,0,0,0,178
97,1529903278,02-12-2025,10204798,"Vyndo Chorafali Khakhra, Healthy Millet Snacks",Vyndo,8906172900204,"Vyndo Chorafali Khakhra, Healthy Millet Snacks(Packet)",Munchies -> Namkeen Snacks -> Namkeen Snacks,Grocery - Snacks & Packaged Foods,Vadodara,Gujarat,24AAFCG9846E1ZH,Vadodara,Gujarat,DELIVERED,19059090,0,0,0,0,1,198,178,0,0,0,0,0,178
98,1531482691,02-12-2025,10204798,"Vyndo Chorafali Khakhra, Healthy Millet Snacks",Vyndo,8906172900204,"Vyndo Chorafali Khakhra, Healthy Millet Snacks(Packet)",Munchies -> Namkeen Snacks -> Namkeen Snacks,Grocery - Snacks & Packaged Foods,Pune,Maharashtra,27AAFCG9846E1ZB,Pune,Maharashtra,DELIVERED,19059090,0,0,0,0,1,198,178,0,0,0,0,0,178
99,1531515058,02-12-2025,10204798,"Vyndo Chorafali Khakhra, Healthy Millet Snacks",Vyndo,8906172900204,"Vyndo Chorafali Khakhra, Healthy Millet Snacks(Packet)",Munchies -> Namkeen Snacks -> Namkeen Snacks,Grocery - Snacks & Packaged Foods,Vadodara,Gujarat,24AAFCG9846E1ZH,Vadodara,Gujarat,DELIVERED,19059090,0,0,0,0,1,198,178,0,0,0,0,0,178
100,1530181038,02-12-2025,10204798,"Vyndo Chorafali Khakhra, Healthy Millet Snacks",Vyndo,8906172900204,"Vyndo Chorafali Khakhra, Healthy Millet Snacks(Packet)",Munchies -> Namkeen Snacks -> Namkeen Snacks,Grocery - Snacks & Packaged Foods,Bengaluru,Karnataka,29AAFCG9846E1Z7,Bengaluru,Karnataka,DELIVERED,19059090,0,0,0,0,1,198,178,0,0,0,0,0,178
101,1530976426,02-12-2025,10204798,"Vyndo Chorafali Khakhra, Healthy Millet Snacks",Vyndo,8906172900204,"Vyndo Chorafali Khakhra, Healthy Millet Snacks(Packet)",Munchies -> Namkeen Snacks -> Namkeen Snacks,Grocery - Snacks & Packaged Foods,Mumbai,Maharashtra,27AAFCG9846E1ZB,Mumbai,Maharashtra,DELIVERED,19059090,0,0,0,0,1,198,178,0,0,0,0,0,178
102,1531288682,02-12-2025,10204798,"Vyndo Chorafali Khakhra, Healthy Millet Snacks",Vyndo,8906172900204,"Vyndo Chorafali Khakhra, Healthy Millet Snacks(Packet)",Munchies -> Namkeen Snacks -> Namkeen Snacks,Grocery - Snacks & Packaged Foods,Ahmedabad,Gujarat,24AAFCG9846E1ZH,Ahmedabad,Gujarat,DELIVERED,19059090,0,0,0,0,1,198,178,0,0,0,0,0,178
103,1530881590,02-12-2025,10204798,"Vyndo Chorafali Khakhra, Healthy Millet Snacks",Vyndo,8906172900204,"Vyndo Chorafali Khakhra, Healthy Millet Snacks(Packet)",Munchies -> Namkeen Snacks -> Namkeen Snacks,Grocery - Snacks & Packaged Foods,Mumbai,Maharashtra,27AAFCG9846E1ZB,Mumbai,Maharashtra,DELIVERED,19059090,0,0,0,0,1,198,178,0,0,0,0,0,178
104,1530160701,02-12-2025,10204798,"Vyndo Chorafali Khakhra, Healthy Millet Snacks",Vyndo,8906172900204,"Vyndo Chorafali Khakhra, Healthy Millet Snacks(Packet)",Munchies -> Namkeen Snacks -> Namkeen Snacks,Grocery - Snacks & Packaged Foods,Mumbai,Maharashtra,27AAFCG9846E1ZB,Mumbai,Maharashtra,DELIVERED,19059090,0,0,0,0,1,198,178,0,0,0,0,0,178
105,1529704922,02-12-2025,10204798,"Vyndo Chorafali Khakhra, Healthy Millet Snacks",Vyndo,8906172900204,"Vyndo Chorafali Khakhra, Healthy Millet Snacks(Packet)",Munchies -> Namkeen Snacks -> Namkeen Snacks,Grocery - Snacks & Packaged Foods,Pune,Maharashtra,27AAFCG9846E1ZB,Pune,Maharashtra,DELIVERED,19059090,0,0,0,0,1,198,178,0,0,0,0,0,178
106,1531902765,02-12-2025,10204798,"Vyndo Chorafali Khakhra, Healthy Millet Snacks",Vyndo,8906172900204,"Vyndo Chorafali Khakhra, Healthy Millet Snacks(Packet)",Munchies -> Namkeen Snacks -> Namkeen Snacks,Grocery - Snacks & Packaged Foods,Kolkata,West Bengal,19AAFCG9846E1Z8,Kolkata,West Bengal,DELIVERED,19059090,0,0,0,0,1,198,178,0,0,0,0,0,178
107,1529662907,02-12-2025,10205139,"Vyndo Methi Bajra Khakhra, Healthy Millet Snacks",Vyndo,8906172900235,"Vyndo Methi Bajra Khakhra, Healthy Millet Snacks(Pouch)",Munchies -> Namkeen Snacks -> Namkeen Snacks,Grocery - Snacks & Packaged Foods,Mumbai,Maharashtra,27AAFCG9846E1ZB,Mumbai,Maharashtra,DELIVERED,19059090,0,0,0,0,1,198,178,0,0,0,0,0,178
108,1531331447,02-12-2025,10205139,"Vyndo Methi Bajra Khakhra, Healthy Millet Snacks",Vyndo,8906172900235,"Vyndo Methi Bajra Khakhra, Healthy Millet Snacks(Pouch)",Munchies -> Namkeen Snacks -> Namkeen Snacks,Grocery - Snacks & Packaged Foods,Mumbai,Maharashtra,27AAFCG9846E1ZB,Mumbai,Maharashtra,DELIVERED,19059090,0,0,0,0,1,198,178,0,0,0,0,0,178
109,1531178566,02-12-2025,10205139,"Vyndo Methi Bajra Khakhra, Healthy Millet Snacks",Vyndo,8906172900235,"Vyndo Methi Bajra Khakhra, Healthy Millet Snacks(Pouch)",Munchies -> Namkeen Snacks -> Namkeen Snacks,Grocery - Snacks & Packaged Foods,Goa,Goa,30AAFCG9846E1ZO,Goa,Goa,DELIVERED,19059090,0,0,0,0,1,198,178,0,0,0,0,0,178
110,1532221732,02-12-2025,10205139,"Vyndo Methi Bajra Khakhra, Healthy Millet Snacks",Vyndo,8906172900235,"Vyndo Methi Bajra Khakhra, Healthy Millet Snacks(Pouch)",Munchies -> Namkeen Snacks -> Namkeen Snacks,Grocery - Snacks & Packaged Foods,Kolkata,West Bengal,19AAFCG9846E1Z8,Kolkata,West Bengal,DELIVERED,19059090,0,0,0,0,1,198,178,0,0,0,0,0,178
111,1531656329,02-12-2025,10205139,"Vyndo Methi Bajra Khakhra, Healthy Millet Snacks",Vyndo,8906172900235,"Vyndo Methi Bajra Khakhra, Healthy Millet Snacks(Pouch)",Munchies -> Namkeen Snacks -> Namkeen Snacks,Grocery - Snacks & Packaged Foods,Mumbai,Maharashtra,27AAFCG9846E1ZB,Mumbai,Maharashtra,DELIVERED,19059090,0,0,0,0,1,198,178,0,0,0,0,0,178
112,1529517793,02-12-2025,10236919,"Vyndo Baked Masala Soya Sticks, /Chalks (High Protein)",Vyndo,8906172900402,Vyndo Baked Masala Soya Sticks/Chalks (High Protein)(Pack),Munchies -> Namkeen Snacks -> Namkeen Snacks,Grocery - Snacks & Packaged Foods,Mumbai,Maharashtra,27AAFCG9846E1ZB,Mumbai,Maharashtra,DELIVERED,19042000,0,2.5,2.5,0,1,140,120,0,2.86,2.86,0,2.86,120
113,1532055799,02-12-2025,10265470,Vyndo Pudina Ragi Sev Bhujia Healthy Non-Fried Millet Snack,Vyndo,8906172900464,Vyndo Pudina Ragi Sev Bhujia Healthy Non-Fried Millet Snack(Packet),Munchies -> Bhujia & Mixtures -> Bhujia & Mixtures,Grocery - Snacks & Packaged Foods,Mumbai,Maharashtra,27AAFCG9846E1ZB,Mumbai,Maharashtra,DELIVERED,21069099,0,2.5,2.5,0,1,130,117,0,2.79,2.79,0,2.79,117
114,1530881590,02-12-2025,10267273,Vyndo Assorted Khakhra & Bhakhri,Vyndo,8906172900501,Vyndo Assorted Khakhra & Bhakhri(Packet),Organic & Premium -> Snacks & Munchies -> Snacks & Munchies,Grocery - Snacks & Packaged Foods,Mumbai,Maharashtra,27AAFCG9846E1ZB,Mumbai,Maharashtra,DELIVERED,19059090,0,0,0,0,1,160,144,0,0,0,0,0,144
115,1531905312,02-12-2025,10267273,Vyndo Assorted Khakhra & Bhakhri,Vyndo,8906172900501,Vyndo Assorted Khakhra & Bhakhri(Packet),Organic & Premium -> Snacks & Munchies -> Snacks & Munchies,Grocery - Snacks & Packaged Foods,Mumbai,Maharashtra,27AAFCG9846E1ZB,Mumbai,Maharashtra,DELIVERED,19059090,0,0,0,0,1,160,144,0,0,0,0,0,144
116,1530976426,02-12-2025,10267273,Vyndo Assorted Khakhra & Bhakhri,Vyndo,8906172900501,Vyndo Assorted Khakhra & Bhakhri(Packet),Organic & Premium -> Snacks & Munchies -> Snacks & Munchies,Grocery - Snacks & Packaged Foods,Mumbai,Maharashtra,27AAFCG9846E1ZB,Mumbai,Maharashtra,DELIVERED,19059090,0,0,0,0,1,160,144,0,0,0,0,0,144
117,1529818411,02-12-2025,10267273,Vyndo Assorted Khakhra & Bhakhri,Vyndo,8906172900501,Vyndo Assorted Khakhra & Bhakhri(Packet),Organic & Premium -> Snacks & Munchies -> Snacks & Munchies,Grocery - Snacks & Packaged Foods,Mumbai,Maharashtra,27AAFCG9846E1ZB,Mumbai,Maharashtra,DELIVERED,19059090,0,0,0,0,1,160,144,0,0,0,0,0,144
118,1533451327,03-12-2025,10196943,"Vyndo Masala Ragi Bhakhri, Healthy Millet Snacks",Vyndo,8906172900495,"Vyndo Masala Ragi Bhakhri, Healthy Millet Snacks(Pack)",Munchies -> Namkeen Snacks -> Namkeen Snacks,Grocery - Snacks & Packaged Foods,Mumbai,Maharashtra,27AAFCG9846E1ZB,Mumbai,Maharashtra,DELIVERED,19059090,0,0,0,0,1,198,178,0,0,0,0,0,178
119,1533540751,03-12-2025,10196943,"Vyndo Masala Ragi Bhakhri, Healthy Millet Snacks",Vyndo,8906172900495,"Vyndo Masala Ragi Bhakhri, Healthy Millet Snacks(Pack)",Munchies -> Namkeen Snacks -> Namkeen Snacks,Grocery - Snacks & Packaged Foods,Anand,Gujarat,24AAFCG9846E1ZH,Anand,Gujarat,DELIVERED,19059090,0,0,0,0,1,198,178,0,0,0,0,0,178
120,1534869575,03-12-2025,10196943,"Vyndo Masala Ragi Bhakhri, Healthy Millet Snacks",Vyndo,8906172900495,"Vyndo Masala Ragi Bhakhri, Healthy Millet Snacks(Pack)",Munchies -> Namkeen Snacks -> Namkeen Snacks,Grocery - Snacks & Packaged Foods,Mumbai,Maharashtra,27AAFCG9846E1ZB,Mumbai,Maharashtra,DELIVERED,19059090,0,0,0,0,1,198,178,0,0,0,0,0,178
121,1534936363,03-12-2025,10196943,"Vyndo Masala Ragi Bhakhri, Healthy Millet Snacks",Vyndo,8906172900495,"Vyndo Masala Ragi Bhakhri, Healthy Millet Snacks(Pack)",Munchies -> Namkeen Snacks -> Namkeen Snacks,Grocery - Snacks & Packaged Foods,Kolkata,West Bengal,19AAFCG9846E1Z8,Kolkata,West Bengal,DELIVERED,19059090,0,0,0,0,1,198,178,0,0,0,0,0,178
122,1534764633,03-12-2025,10197316,Vyndo Farali Millet Bhakhri Fasting Energy Snacks,Vyndo,8906172900358,Vyndo Farali Millet Bhakhri Fasting Energy Snacks,Organic & Premium -> Snacks & Munchies -> Snacks & Munchies,Grocery - Snacks & Packaged Foods,Delhi,Delhi,07AAFCG9846E2ZC,Delhi,Delhi,DELIVERED,19059090,0,0,0,0,1,198,178,0,0,0,0,0,178
123,1532445622,03-12-2025,10197316,Vyndo Farali Millet Bhakhri Fasting Energy Snacks,Vyndo,8906172900358,Vyndo Farali Millet Bhakhri Fasting Energy Snacks,Organic & Premium -> Snacks & Munchies -> Snacks & Munchies,Grocery - Snacks & Packaged Foods,Kolkata,West Bengal,19AAFCG9846E1Z8,Kolkata,West Bengal,DELIVERED,19059090,0,0,0,0,1,198,178,0,0,0,0,0,178
124,1534206477,03-12-2025,10197316,Vyndo Farali Millet Bhakhri Fasting Energy Snacks,Vyndo,8906172900358,Vyndo Farali Millet Bhakhri Fasting Energy Snacks,Organic & Premium -> Snacks & Munchies -> Snacks & Munchies,Grocery - Snacks & Packaged Foods,Mumbai,Maharashtra,27AAFCG9846E1ZB,Mumbai,Maharashtra,DELIVERED,19059090,0,0,0,0,1,198,178,0,0,0,0,0,178
125,1532582804,03-12-2025,10197316,Vyndo Farali Millet Bhakhri Fasting Energy Snacks,Vyndo,8906172900358,Vyndo Farali Millet Bhakhri Fasting Energy Snacks,Organic & Premium -> Snacks & Munchies -> Snacks & Munchies,Grocery - Snacks & Packaged Foods,Lucknow,Uttar Pradesh,09AAFCG9846E1Z9,Lucknow,Uttar Pradesh,DELIVERED,19059090,0,0,0,0,1,198,178,0,0,0,0,0,178
126,1533113101,03-12-2025,10197316,Vyndo Farali Millet Bhakhri Fasting Energy Snacks,Vyndo,8906172900358,Vyndo Farali Millet Bhakhri Fasting Energy Snacks,Organic & Premium -> Snacks & Munchies -> Snacks & Munchies,Grocery - Snacks & Packaged Foods,Pune,Maharashtra,27AAFCG9846E1ZB,Pune,Maharashtra,DELIVERED,19059090,0,0,0,0,1,198,178,0,0,0,0,0,178
127,1533415111,03-12-2025,10197316,Vyndo Farali Millet Bhakhri Fasting Energy Snacks,Vyndo,8906172900358,Vyndo Farali Millet Bhakhri Fasting Energy Snacks,Organic & Premium -> Snacks & Munchies -> Snacks & Munchies,Grocery - Snacks & Packaged Foods,Pune,Maharashtra,27AAFCG9846E1ZB,Pune,Maharashtra,DELIVERED,19059090,0,0,0,0,1,198,178,0,0,0,0,0,178
128,1533632976,03-12-2025,10197316,Vyndo Farali Millet Bhakhri Fasting Energy Snacks,Vyndo,8906172900358,Vyndo Farali Millet Bhakhri Fasting Energy Snacks,Organic & Premium -> Snacks & Munchies -> Snacks & Munchies,Grocery - Snacks & Packaged Foods,Pune,Maharashtra,27AAFCG9846E1ZB,Pune,Maharashtra,DELIVERED,19059090,0,0,0,0,1,198,178,0,0,0,0,0,178
129,1534489729,03-12-2025,10197316,Vyndo Farali Millet Bhakhri Fasting Energy Snacks,Vyndo,8906172900358,Vyndo Farali Millet Bhakhri Fasting Energy Snacks,Organic & Premium -> Snacks & Munchies -> Snacks & Munchies,Grocery - Snacks & Packaged Foods,Mumbai,Maharashtra,27AAFCG9846E1ZB,Mumbai,Maharashtra,DELIVERED,19059090,0,0,0,0,1,198,178,0,0,0,0,0,178
130,1534584618,03-12-2025,10197316,Vyndo Farali Millet Bhakhri Fasting Energy Snacks,Vyndo,8906172900358,Vyndo Farali Millet Bhakhri Fasting Energy Snacks,Organic & Premium -> Snacks & Munchies -> Snacks & Munchies,Grocery - Snacks & Packaged Foods,Mumbai,Maharashtra,27AAFCG9846E1ZB,Mumbai,Maharashtra,DELIVERED,19059090,0,0,0,0,1,198,178,0,0,0,0,0,178
131,1533899023,03-12-2025,10197316,Vyndo Farali Millet Bhakhri Fasting Energy Snacks,Vyndo,8906172900358,Vyndo Farali Millet Bhakhri Fasting Energy Snacks,Organic & Premium -> Snacks & Munchies -> Snacks & Munchies,Grocery - Snacks & Packaged Foods,Mumbai,Maharashtra,27AAFCG9846E1ZB,Mumbai,Maharashtra,DELIVERED,19059090,0,0,0,0,1,198,178,0,0,0,0,0,178
132,1534141318,03-12-2025,10197316,Vyndo Farali Millet Bhakhri Fasting Energy Snacks,Vyndo,8906172900358,Vyndo Farali Millet Bhakhri Fasting Energy Snacks,Organic & Premium -> Snacks & Munchies -> Snacks & Munchies,Grocery - Snacks & Packaged Foods,Pune,Maharashtra,27AAFCG9846E1ZB,Pune,Maharashtra,DELIVERED,19059090,0,0,0,0,1,198,178,0,0,0,0,0,178
133,1533458629,03-12-2025,10197316,Vyndo Farali Millet Bhakhri Fasting Energy Snacks,Vyndo,8906172900358,Vyndo Farali Millet Bhakhri Fasting Energy Snacks,Organic & Premium -> Snacks & Munchies -> Snacks & Munchies,Grocery - Snacks & Packaged Foods,Mumbai,Maharashtra,27AAFCG9846E1ZB,Mumbai,Maharashtra,DELIVERED,19059090,0,0,0,0,1,198,178,0,0,0,0,0,178
134,1534809248,03-12-2025,10200587,"Vyndo Moong Bajra Bhakhri, Healthy Millet Snacks",Vyndo,8906172900365,"Vyndo Moong Bajra Bhakhri, Healthy Millet Snacks(Box)",Munchies -> Namkeen Snacks -> Namkeen Snacks,Grocery - Snacks & Packaged Foods,Mumbai,Maharashtra,27AAFCG9846E1ZB,Mumbai,Maharashtra,DELIVERED,19059090,0,0,0,0,1,198,178,0,0,0,0,0,178
135,1532930721,03-12-2025,10200587,"Vyndo Moong Bajra Bhakhri, Healthy Millet Snacks",Vyndo,8906172900365,"Vyndo Moong Bajra Bhakhri, Healthy Millet Snacks(Box)",Munchies -> Namkeen Snacks -> Namkeen Snacks,Grocery - Snacks & Packaged Foods,Mumbai,Maharashtra,27AAFCG9846E1ZB,Mumbai,Maharashtra,DELIVERED,19059090,0,0,0,0,1,198,178,0,0,0,0,0,178
136,1533889786,03-12-2025,10200587,"Vyndo Moong Bajra Bhakhri, Healthy Millet Snacks",Vyndo,8906172900365,"Vyndo Moong Bajra Bhakhri, Healthy Millet Snacks(Box)",Munchies -> Namkeen Snacks -> Namkeen Snacks,Grocery - Snacks & Packaged Foods,Mumbai,Maharashtra,27AAFCG9846E1ZB,Mumbai,Maharashtra,DELIVERED,19059090,0,0,0,0,1,198,178,0,0,0,0,0,178
137,1532467539,03-12-2025,10200587,"Vyndo Moong Bajra Bhakhri, Healthy Millet Snacks",Vyndo,8906172900365,"Vyndo Moong Bajra Bhakhri, Healthy Millet Snacks(Box)",Munchies -> Namkeen Snacks -> Namkeen Snacks,Grocery - Snacks & Packaged Foods,Ahmedabad,Gujarat,24AAFCG9846E1ZH,Ahmedabad,Gujarat,DELIVERED,19059090,0,0,0,0,1,198,178,0,0,0,0,0,178
138,1532967774,03-12-2025,10200587,"Vyndo Moong Bajra Bhakhri, Healthy Millet Snacks",Vyndo,8906172900365,"Vyndo Moong Bajra Bhakhri, Healthy Millet Snacks(Box)",Munchies -> Namkeen Snacks -> Namkeen Snacks,Grocery - Snacks & Packaged Foods,Mumbai,Maharashtra,27AAFCG9846E1ZB,Mumbai,Maharashtra,DELIVERED,19059090,0,0,0,0,1,198,178,0,0,0,0,0,178
139,1534738260,03-12-2025,10200587,"Vyndo Moong Bajra Bhakhri, Healthy Millet Snacks",Vyndo,8906172900365,"Vyndo Moong Bajra Bhakhri, Healthy Millet Snacks(Box)",Munchies -> Namkeen Snacks -> Namkeen Snacks,Grocery - Snacks & Packaged Foods,Mumbai,Maharashtra,27AAFCG9846E1ZB,Mumbai,Maharashtra,DELIVERED,19059090,0,0,0,0,1,198,178,0,0,0,0,0,178
140,1532929901,03-12-2025,10200587,"Vyndo Moong Bajra Bhakhri, Healthy Millet Snacks",Vyndo,8906172900365,"Vyndo Moong Bajra Bhakhri, Healthy Millet Snacks(Box)",Munchies -> Namkeen Snacks -> Namkeen Snacks,Grocery - Snacks & Packaged Foods,Ahmedabad,Gujarat,24AAFCG9846E1ZH,Ahmedabad,Gujarat,DELIVERED,19059090,0,0,0,0,1,198,178,0,0,0,0,0,178
141,1534485386,03-12-2025,10200587,"Vyndo Moong Bajra Bhakhri, Healthy Millet Snacks",Vyndo,8906172900365,"Vyndo Moong Bajra Bhakhri, Healthy Millet Snacks(Box)",Munchies -> Namkeen Snacks -> Namkeen Snacks,Grocery - Snacks & Packaged Foods,Ahmedabad,Gujarat,24AAFCG9846E1ZH,Ahmedabad,Gujarat,DELIVERED,19059090,0,0,0,0,1,198,178,0,0,0,0,0,178
142,1534584618,03-12-2025,10200590,"Vyndo Roasted Ragi Bhakhri, Healthy Millet Snacks",Vyndo,8906172900372,"Vyndo Roasted Ragi Bhakhri, Healthy Millet Snacks(Box)",Munchies -> Namkeen Snacks -> Namkeen Snacks,Grocery - Snacks & Packaged Foods,Mumbai,Maharashtra,27AAFCG9846E1ZB,Mumbai,Maharashtra,DELIVERED,19059090,0,0,0,0,1,198,178,0,0,0,0,0,178
143,1533325212,03-12-2025,10200590,"Vyndo Roasted Ragi Bhakhri, Healthy Millet Snacks",Vyndo,8906172900372,"Vyndo Roasted Ragi Bhakhri, Healthy Millet Snacks(Box)",Munchies -> Namkeen Snacks -> Namkeen Snacks,Grocery - Snacks & Packaged Foods,Bengaluru,Karnataka,29AAFCG9846E1Z7,Bengaluru,Karnataka,DELIVERED,19059090,0,0,0,0,1,198,178,0,0,0,0,0,178
144,1534297070,03-12-2025,10200590,"Vyndo Roasted Ragi Bhakhri, Healthy Millet Snacks",Vyndo,8906172900372,"Vyndo Roasted Ragi Bhakhri, Healthy Millet Snacks(Box)",Munchies -> Namkeen Snacks -> Namkeen Snacks,Grocery - Snacks & Packaged Foods,Ahmedabad,Gujarat,24AAFCG9846E1ZH,Ahmedabad,Gujarat,DELIVERED,19059090,0,0,0,0,2,198,178,0,0,0,0,0,356
145,1534936363,03-12-2025,10200590,"Vyndo Roasted Ragi Bhakhri, Healthy Millet Snacks",Vyndo,8906172900372,"Vyndo Roasted Ragi Bhakhri, Healthy Millet Snacks(Box)",Munchies -> Namkeen Snacks -> Namkeen Snacks,Grocery - Snacks & Packaged Foods,Kolkata,West Bengal,19AAFCG9846E1Z8,Kolkata,West Bengal,DELIVERED,19059090,0,0,0,0,1,198,178,0,0,0,0,0,178
146,1534594201,03-12-2025,10200590,"Vyndo Roasted Ragi Bhakhri, Healthy Millet Snacks",Vyndo,8906172900372,"Vyndo Roasted Ragi Bhakhri, Healthy Millet Snacks(Box)",Munchies -> Namkeen Snacks -> Namkeen Snacks,Grocery - Snacks & Packaged Foods,Anand,Gujarat,24AAFCG9846E1ZH,Anand,Gujarat,DELIVERED,19059090,0,0,0,0,1,198,178,0,0,0,0,0,178
147,1532411129,03-12-2025,10200590,"Vyndo Roasted Ragi Bhakhri, Healthy Millet Snacks",Vyndo,8906172900372,"Vyndo Roasted Ragi Bhakhri, Healthy Millet Snacks(Box)",Munchies -> Namkeen Snacks -> Namkeen Snacks,Grocery - Snacks & Packaged Foods,Ahmedabad,Gujarat,24AAFCG9846E1ZH,Ahmedabad,Gujarat,DELIVERED,19059090,0,0,0,0,1,198,178,0,0,0,0,0,178
148,1533865370,03-12-2025,10200590,"Vyndo Roasted Ragi Bhakhri, Healthy Millet Snacks",Vyndo,8906172900372,"Vyndo Roasted Ragi Bhakhri, Healthy Millet Snacks(Box)",Munchies -> Namkeen Snacks -> Namkeen Snacks,Grocery - Snacks & Packaged Foods,Pune,Maharashtra,27AAFCG9846E1ZB,Pune,Maharashtra,DELIVERED,19059090,0,0,0,0,1,198,178,0,0,0,0,0,178
149,1533889786,03-12-2025,10200590,"Vyndo Roasted Ragi Bhakhri, Healthy Millet Snacks",Vyndo,8906172900372,"Vyndo Roasted Ragi Bhakhri, Healthy Millet Snacks(Box)",Munchies -> Namkeen Snacks -> Namkeen Snacks,Grocery - Snacks & Packaged Foods,Mumbai,Maharashtra,27AAFCG9846E1ZB,Mumbai,Maharashtra,DELIVERED,19059090,0,0,0,0,1,198,178,0,0,0,0,0,178
150,1533297000,03-12-2025,10200590,"Vyndo Roasted Ragi Bhakhri, Healthy Millet Snacks",Vyndo,8906172900372,"Vyndo Roasted Ragi Bhakhri, Healthy Millet Snacks(Box)",Munchies -> Namkeen Snacks -> Namkeen Snacks,Grocery - Snacks & Packaged Foods,UP-NCR,Uttar Pradesh,09AAFCG9846E1Z9,Ghaziabad,Uttar Pradesh,DELIVERED,19059090,0,0,0,0,1,198,178,0,0,0,0,0,178
151,1533874083,03-12-2025,10200590,"Vyndo Roasted Ragi Bhakhri, Healthy Millet Snacks",Vyndo,8906172900372,"Vyndo Roasted Ragi Bhakhri, Healthy Millet Snacks(Box)",Munchies -> Namkeen Snacks -> Namkeen Snacks,Grocery - Snacks & Packaged Foods,Vadodara,Gujarat,24AAFCG9846E1ZH,Vadodara,Gujarat,DELIVERED,19059090,0,0,0,0,1,198,178,0,0,0,0,0,178
152,1534144953,03-12-2025,10200590,"Vyndo Roasted Ragi Bhakhri, Healthy Millet Snacks",Vyndo,8906172900372,"Vyndo Roasted Ragi Bhakhri, Healthy Millet Snacks(Box)",Munchies -> Namkeen Snacks -> Namkeen Snacks,Grocery - Snacks & Packaged Foods,Kanpur,Uttar Pradesh,09AAFCG9846E1Z9,Kanpur,Uttar Pradesh,DELIVERED,19059090,0,0,0,0,1,198,178,0,0,0,0,0,178
153,1532504571,03-12-2025,10200590,"Vyndo Roasted Ragi Bhakhri, Healthy Millet Snacks",Vyndo,8906172900372,"Vyndo Roasted Ragi Bhakhri, Healthy Millet Snacks(Box)",Munchies -> Namkeen Snacks -> Namkeen Snacks,Grocery - Snacks & Packaged Foods,Mumbai,Maharashtra,27AAFCG9846E1ZB,Mumbai,Maharashtra,DELIVERED,19059090,0,0,0,0,1,198,178,0,0,0,0,0,178
154,1533970972,03-12-2025,10200590,"Vyndo Roasted Ragi Bhakhri, Healthy Millet Snacks",Vyndo,8906172900372,"Vyndo Roasted Ragi Bhakhri, Healthy Millet Snacks(Box)",Munchies -> Namkeen Snacks -> Namkeen Snacks,Grocery - Snacks & Packaged Foods,Vadodara,Gujarat,24AAFCG9846E1ZH,Vadodara,Gujarat,DELIVERED,19059090,0,0,0,0,1,198,178,0,0,0,0,0,178
155,1534252059,03-12-2025,10200590,"Vyndo Roasted Ragi Bhakhri, Healthy Millet Snacks",Vyndo,8906172900372,"Vyndo Roasted Ragi Bhakhri, Healthy Millet Snacks(Box)",Munchies -> Namkeen Snacks -> Namkeen Snacks,Grocery - Snacks & Packaged Foods,Mumbai,Maharashtra,27AAFCG9846E1ZB,Mumbai,Maharashtra,DELIVERED,19059090,0,0,0,0,1,198,178,0,0,0,0,0,178
156,1533046848,03-12-2025,10200590,"Vyndo Roasted Ragi Bhakhri, Healthy Millet Snacks",Vyndo,8906172900372,"Vyndo Roasted Ragi Bhakhri, Healthy Millet Snacks(Box)",Munchies -> Namkeen Snacks -> Namkeen Snacks,Grocery - Snacks & Packaged Foods,Ahmedabad,Gujarat,24AAFCG9846E1ZH,Ahmedabad,Gujarat,DELIVERED,19059090,0,0,0,0,1,198,178,0,0,0,0,0,178
157,1533797072,03-12-2025,10200590,"Vyndo Roasted Ragi Bhakhri, Healthy Millet Snacks",Vyndo,8906172900372,"Vyndo Roasted Ragi Bhakhri, Healthy Millet Snacks(Box)",Munchies -> Namkeen Snacks -> Namkeen Snacks,Grocery - Snacks & Packaged Foods,Pune,Maharashtra,27AAFCG9846E1ZB,Pune,Maharashtra,DELIVERED,19059090,0,0,0,0,1,198,178,0,0,0,0,0,178
158,1533791180,03-12-2025,10200590,"Vyndo Roasted Ragi Bhakhri, Healthy Millet Snacks",Vyndo,8906172900372,"Vyndo Roasted Ragi Bhakhri, Healthy Millet Snacks(Box)",Munchies -> Namkeen Snacks -> Namkeen Snacks,Grocery - Snacks & Packaged Foods,Pune,Maharashtra,27AAFCG9846E1ZB,Pune,Maharashtra,DELIVERED,19059090,0,0,0,0,1,198,178,0,0,0,0,0,178
159,1532632959,03-12-2025,10200590,"Vyndo Roasted Ragi Bhakhri, Healthy Millet Snacks",Vyndo,8906172900372,"Vyndo Roasted Ragi Bhakhri, Healthy Millet Snacks(Box)",Munchies -> Namkeen Snacks -> Namkeen Snacks,Grocery - Snacks & Packaged Foods,Mumbai,Maharashtra,27AAFCG9846E1ZB,Mumbai,Maharashtra,DELIVERED,19059090,0,0,0,0,1,198,178,0,0,0,0,0,178
160,1533151890,03-12-2025,10200590,"Vyndo Roasted Ragi Bhakhri, Healthy Millet Snacks",Vyndo,8906172900372,"Vyndo Roasted Ragi Bhakhri, Healthy Millet Snacks(Box)",Munchies -> Namkeen Snacks -> Namkeen Snacks,Grocery - Snacks & Packaged Foods,Ahmedabad,Gujarat,24AAFCG9846E1ZH,Ahmedabad,Gujarat,DELIVERED,19059090,0,0,0,0,1,198,178,0,0,0,0,0,178
161,1532582804,03-12-2025,10200590,"Vyndo Roasted Ragi Bhakhri, Healthy Millet Snacks",Vyndo,8906172900372,"Vyndo Roasted Ragi Bhakhri, Healthy Millet Snacks(Box)",Munchies -> Namkeen Snacks -> Namkeen Snacks,Grocery - Snacks & Packaged Foods,Lucknow,Uttar Pradesh,09AAFCG9846E1Z9,Lucknow,Uttar Pradesh,DELIVERED,19059090,0,0,0,0,1,198,178,0,0,0,0,0,178
162,1532605026,03-12-2025,10200590,"Vyndo Roasted Ragi Bhakhri, Healthy Millet Snacks",Vyndo,8906172900372,"Vyndo Roasted Ragi Bhakhri, Healthy Millet Snacks(Box)",Munchies -> Namkeen Snacks -> Namkeen Snacks,Grocery - Snacks & Packaged Foods,Ahmedabad,Gujarat,24AAFCG9846E1ZH,Ahmedabad,Gujarat,DELIVERED,19059090,0,0,0,0,1,198,178,0,0,0,0,0,178
163,1532943580,03-12-2025,10204795,Vyndo Sattu Khakhra,Vyndo,8906172900198,Vyndo Sattu Khakhra(Packet),Munchies -> Namkeen Snacks -> Namkeen Snacks,Grocery - Snacks & Packaged Foods,UP-NCR,Uttar Pradesh,09AAFCG9846E1Z9,Ghaziabad,Uttar Pradesh,DELIVERED,19059090,0,0,0,0,1,198,178,0,0,0,0,0,178
164,1532726220,03-12-2025,10204795,Vyndo Sattu Khakhra,Vyndo,8906172900198,Vyndo Sattu Khakhra(Packet),Munchies -> Namkeen Snacks -> Namkeen Snacks,Grocery - Snacks & Packaged Foods,UP-NCR,Uttar Pradesh,09AAFCG9846E1Z9,Ghaziabad,Uttar Pradesh,DELIVERED,19059090,0,0,0,0,1,198,178,0,0,0,0,0,178
165,1533075591,03-12-2025,10204795,Vyndo Sattu Khakhra,Vyndo,8906172900198,Vyndo Sattu Khakhra(Packet),Munchies -> Namkeen Snacks -> Namkeen Snacks,Grocery - Snacks & Packaged Foods,Rudrapur,Uttarakhand,05AAFCG9846E1ZH,Rudrapur,Uttarakhand,DELIVERED,19059090,0,0,0,0,1,198,178,0,0,0,0,0,178
166,1533270305,03-12-2025,10204795,Vyndo Sattu Khakhra,Vyndo,8906172900198,Vyndo Sattu Khakhra(Packet),Munchies -> Namkeen Snacks -> Namkeen Snacks,Grocery - Snacks & Packaged Foods,Mumbai,Maharashtra,27AAFCG9846E1ZB,Mumbai,Maharashtra,DELIVERED,19059090,0,0,0,0,1,198,178,0,0,0,0,0,178
167,1533271704,03-12-2025,10204795,Vyndo Sattu Khakhra,Vyndo,8906172900198,Vyndo Sattu Khakhra(Packet),Munchies -> Namkeen Snacks -> Namkeen Snacks,Grocery - Snacks & Packaged Foods,Bengaluru,Karnataka,29AAFCG9846E1Z7,Bengaluru,Karnataka,DELIVERED,19059090,0,0,0,0,1,198,178,0,0,0,0,0,178
168,1534499321,03-12-2025,10204795,Vyndo Sattu Khakhra,Vyndo,8906172900198,Vyndo Sattu Khakhra(Packet),Munchies -> Namkeen Snacks -> Namkeen Snacks,Grocery - Snacks & Packaged Foods,Mumbai,Maharashtra,27AAFCG9846E1ZB,Mumbai,Maharashtra,DELIVERED,19059090,0,0,0,0,1,198,178,0,0,0,0,0,178
169,1534774876,03-12-2025,10204795,Vyndo Sattu Khakhra,Vyndo,8906172900198,Vyndo Sattu Khakhra(Packet),Munchies -> Namkeen Snacks -> Namkeen Snacks,Grocery - Snacks & Packaged Foods,Mumbai,Maharashtra,27AAFCG9846E1ZB,Mumbai,Maharashtra,DELIVERED,19059090,0,0,0,0,1,198,178,0,0,0,0,0,178
170,1534798273,03-12-2025,10204795,Vyndo Sattu Khakhra,Vyndo,8906172900198,Vyndo Sattu Khakhra(Packet),Munchies -> Namkeen Snacks -> Namkeen Snacks,Grocery - Snacks & Packaged Foods,Pune,Maharashtra,27AAFCG9846E1ZB,Pune,Maharashtra,DELIVERED,19059090,0,0,0,0,1,198,178,0,0,0,0,0,178
171,1533499244,03-12-2025,10204795,Vyndo Sattu Khakhra,Vyndo,8906172900198,Vyndo Sattu Khakhra(Packet),Munchies -> Namkeen Snacks -> Namkeen Snacks,Grocery - Snacks & Packaged Foods,Bengaluru,Karnataka,29AAFCG9846E1Z7,Bengaluru,Karnataka,DELIVERED,19059090,0,0,0,0,1,198,178,0,0,0,0,0,178
172,1535018887,03-12-2025,10204795,Vyndo Sattu Khakhra,Vyndo,8906172900198,Vyndo Sattu Khakhra(Packet),Munchies -> Namkeen Snacks -> Namkeen Snacks,Grocery - Snacks & Packaged Foods,Mumbai,Maharashtra,27AAFCG9846E1ZB,Mumbai,Maharashtra,DELIVERED,19059090,0,0,0,0,1,198,178,0,0,0,0,0,178
173,1533795985,03-12-2025,10204798,"Vyndo Chorafali Khakhra, Healthy Millet Snacks",Vyndo,8906172900204,"Vyndo Chorafali Khakhra, Healthy Millet Snacks(Packet)",Munchies -> Namkeen Snacks -> Namkeen Snacks,Grocery - Snacks & Packaged Foods,Mumbai,Maharashtra,27AAFCG9846E1ZB,Mumbai,Maharashtra,DELIVERED,19059090,0,0,0,0,1,198,178,0,0,0,0,0,178
174,1532960829,03-12-2025,10204798,"Vyndo Chorafali Khakhra, Healthy Millet Snacks",Vyndo,8906172900204,"Vyndo Chorafali Khakhra, Healthy Millet Snacks(Packet)",Munchies -> Namkeen Snacks -> Namkeen Snacks,Grocery - Snacks & Packaged Foods,Ahmedabad,Gujarat,24AAFCG9846E1ZH,Ahmedabad,Gujarat,DELIVERED,19059090,0,0,0,0,1,198,178,0,0,0,0,0,178
175,1534906183,03-12-2025,10204798,"Vyndo Chorafali Khakhra, Healthy Millet Snacks",Vyndo,8906172900204,"Vyndo Chorafali Khakhra, Healthy Millet Snacks(Packet)",Munchies -> Namkeen Snacks -> Namkeen Snacks,Grocery - Snacks & Packaged Foods,Ahmedabad,Gujarat,24AAFCG9846E1ZH,Ahmedabad,Gujarat,DELIVERED,19059090,0,0,0,0,1,198,178,0,0,0,0,0,178
176,1534941682,03-12-2025,10204798,"Vyndo Chorafali Khakhra, Healthy Millet Snacks",Vyndo,8906172900204,"Vyndo Chorafali Khakhra, Healthy Millet Snacks(Packet)",Munchies -> Namkeen Snacks -> Namkeen Snacks,Grocery - Snacks & Packaged Foods,Mumbai,Maharashtra,27AAFCG9846E1ZB,Mumbai,Maharashtra,DELIVERED,19059090,0,0,0,0,1,198,178,0,0,0,0,0,178
177,1533021030,03-12-2025,10204798,"Vyndo Chorafali Khakhra, Healthy Millet Snacks",Vyndo,8906172900204,"Vyndo Chorafali Khakhra, Healthy Millet Snacks(Packet)",Munchies -> Namkeen Snacks -> Namkeen Snacks,Grocery - Snacks & Packaged Foods,Ahmedabad,Gujarat,24AAFCG9846E1ZH,Ahmedabad,Gujarat,DELIVERED,19059090,0,0,0,0,1,198,178,0,0,0,0,0,178
178,1532354959,03-12-2025,10204798,"Vyndo Chorafali Khakhra, Healthy Millet Snacks",Vyndo,8906172900204,"Vyndo Chorafali Khakhra, Healthy Millet Snacks(Packet)",Munchies -> Namkeen Snacks -> Namkeen Snacks,Grocery - Snacks & Packaged Foods,Ahmedabad,Gujarat,24AAFCG9846E1ZH,Ahmedabad,Gujarat,DELIVERED,19059090,0,0,0,0,1,198,178,0,0,0,0,0,178
179,1532810283,03-12-2025,10204798,"Vyndo Chorafali Khakhra, Healthy Millet Snacks",Vyndo,8906172900204,"Vyndo Chorafali Khakhra, Healthy Millet Snacks(Packet)",Munchies -> Namkeen Snacks -> Namkeen Snacks,Grocery - Snacks & Packaged Foods,Pune,Maharashtra,27AAFCG9846E1ZB,Pune,Maharashtra,DELIVERED,19059090,0,0,0,0,1,198,178,0,0,0,0,0,178
180,1533238059,03-12-2025,10204798,"Vyndo Chorafali Khakhra, Healthy Millet Snacks",Vyndo,8906172900204,"Vyndo Chorafali Khakhra, Healthy Millet Snacks(Packet)",Munchies -> Namkeen Snacks -> Namkeen Snacks,Grocery - Snacks & Packaged Foods,Ahmedabad,Gujarat,24AAFCG9846E1ZH,Ahmedabad,Gujarat,DELIVERED,19059090,0,0,0,0,1,198,178,0,0,0,0,0,178
181,1534014328,03-12-2025,10204798,"Vyndo Chorafali Khakhra, Healthy Millet Snacks",Vyndo,8906172900204,"Vyndo Chorafali Khakhra, Healthy Millet Snacks(Packet)",Munchies -> Namkeen Snacks -> Namkeen Snacks,Grocery - Snacks & Packaged Foods,Kolkata,West Bengal,19AAFCG9846E1Z8,Kolkata,West Bengal,DELIVERED,19059090,0,0,0,0,1,198,178,0,0,0,0,0,178
182,1533602670,03-12-2025,10204798,"Vyndo Chorafali Khakhra, Healthy Millet Snacks",Vyndo,8906172900204,"Vyndo Chorafali Khakhra, Healthy Millet Snacks(Packet)",Munchies -> Namkeen Snacks -> Namkeen Snacks,Grocery - Snacks & Packaged Foods,Pune,Maharashtra,27AAFCG9846E1ZB,Pune,Maharashtra,DELIVERED,19059090,0,0,0,0,1,198,178,0,0,0,0,0,178
183,1532994585,03-12-2025,10204798,"Vyndo Chorafali Khakhra, Healthy Millet Snacks",Vyndo,8906172900204,"Vyndo Chorafali Khakhra, Healthy Millet Snacks(Packet)",Munchies -> Namkeen Snacks -> Namkeen Snacks,Grocery - Snacks & Packaged Foods,Mumbai,Maharashtra,27AAFCG9846E1ZB,Mumbai,Maharashtra,DELIVERED,19059090,0,0,0,0,1,198,178,0,0,0,0,0,178
184,1534431186,03-12-2025,10204798,"Vyndo Chorafali Khakhra, Healthy Millet Snacks",Vyndo,8906172900204,"Vyndo Chorafali Khakhra, Healthy Millet Snacks(Packet)",Munchies -> Namkeen Snacks -> Namkeen Snacks,Grocery - Snacks & Packaged Foods,Mumbai,Maharashtra,27AAFCG9846E1ZB,Mumbai,Maharashtra,DELIVERED,19059090,0,0,0,0,1,198,178,0,0,0,0,0,178
185,1534655471,03-12-2025,10204798,"Vyndo Chorafali Khakhra, Healthy Millet Snacks",Vyndo,8906172900204,"Vyndo Chorafali Khakhra, Healthy Millet Snacks(Packet)",Munchies -> Namkeen Snacks -> Namkeen Snacks,Grocery - Snacks & Packaged Foods,Kolkata,West Bengal,19AAFCG9846E1Z8,Kolkata,West Bengal,DELIVERED,19059090,0,0,0,0,1,198,178,0,0,0,0,0,178
186,1533270305,03-12-2025,10204798,"Vyndo Chorafali Khakhra, Healthy Millet Snacks",Vyndo,8906172900204,"Vyndo Chorafali Khakhra, Healthy Millet Snacks(Packet)",Munchies -> Namkeen Snacks -> Namkeen Snacks,Grocery - Snacks & Packaged Foods,Mumbai,Maharashtra,27AAFCG9846E1ZB,Mumbai,Maharashtra,DELIVERED,19059090,0,0,0,0,1,198,178,0,0,0,0,0,178
187,1532812733,03-12-2025,10204798,"Vyndo Chorafali Khakhra, Healthy Millet Snacks",Vyndo,8906172900204,"Vyndo Chorafali Khakhra, Healthy Millet Snacks(Packet)",Munchies -> Namkeen Snacks -> Namkeen Snacks,Grocery - Snacks & Packaged Foods,Ahmedabad,Gujarat,24AAFCG9846E1ZH,Ahmedabad,Gujarat,DELIVERED,19059090,0,0,0,0,1,198,178,0,0,0,0,0,178
188,1533820013,03-12-2025,10204798,"Vyndo Chorafali Khakhra, Healthy Millet Snacks",Vyndo,8906172900204,"Vyndo Chorafali Khakhra, Healthy Millet Snacks(Packet)",Munchies -> Namkeen Snacks -> Namkeen Snacks,Grocery - Snacks & Packaged Foods,Vadodara,Gujarat,24AAFCG9846E1ZH,Vadodara,Gujarat,DELIVERED,19059090,0,0,0,0,1,198,178,0,0,0,0,0,178
189,1533805862,03-12-2025,10204798,"Vyndo Chorafali Khakhra, Healthy Millet Snacks",Vyndo,8906172900204,"Vyndo Chorafali Khakhra, Healthy Millet Snacks(Packet)",Munchies -> Namkeen Snacks -> Namkeen Snacks,Grocery - Snacks & Packaged Foods,Mumbai,Maharashtra,27AAFCG9846E1ZB,Mumbai,Maharashtra,DELIVERED,19059090,0,0,0,0,1,198,178,0,0,0,0,0,178
190,1532992732,03-12-2025,10205139,"Vyndo Methi Bajra Khakhra, Healthy Millet Snacks",Vyndo,8906172900235,"Vyndo Methi Bajra Khakhra, Healthy Millet Snacks(Pouch)",Munchies -> Namkeen Snacks -> Namkeen Snacks,Grocery - Snacks & Packaged Foods,Mumbai,Maharashtra,27AAFCG9846E1ZB,Mumbai,Maharashtra,DELIVERED,19059090,0,0,0,0,1,198,178,0,0,0,0,0,178
191,1532973778,03-12-2025,10205139,"Vyndo Methi Bajra Khakhra, Healthy Millet Snacks",Vyndo,8906172900235,"Vyndo Methi Bajra Khakhra, Healthy Millet Snacks(Pouch)",Munchies -> Namkeen Snacks -> Namkeen Snacks,Grocery - Snacks & Packaged Foods,Mumbai,Maharashtra,27AAFCG9846E1ZB,Mumbai,Maharashtra,DELIVERED,19059090,0,0,0,0,1,198,178,0,0,0,0,0,178
192,1533089937,03-12-2025,10205139,"Vyndo Methi Bajra Khakhra, Healthy Millet Snacks",Vyndo,8906172900235,"Vyndo Methi Bajra Khakhra, Healthy Millet Snacks(Pouch)",Munchies -> Namkeen Snacks -> Namkeen Snacks,Grocery - Snacks & Packaged Foods,Mumbai,Maharashtra,27AAFCG9846E1ZB,Mumbai,Maharashtra,DELIVERED,19059090,0,0,0,0,1,198,178,0,0,0,0,0,178
193,1534738260,03-12-2025,10205139,"Vyndo Methi Bajra Khakhra, Healthy Millet Snacks",Vyndo,8906172900235,"Vyndo Methi Bajra Khakhra, Healthy Millet Snacks(Pouch)",Munchies -> Namkeen Snacks -> Namkeen Snacks,Grocery - Snacks & Packaged Foods,Mumbai,Maharashtra,27AAFCG9846E1ZB,Mumbai,Maharashtra,DELIVERED,19059090,0,0,0,0,1,198,178,0,0,0,0,0,178
194,1533696292,03-12-2025,10205139,"Vyndo Methi Bajra Khakhra, Healthy Millet Snacks",Vyndo,8906172900235,"Vyndo Methi Bajra Khakhra, Healthy Millet Snacks(Pouch)",Munchies -> Namkeen Snacks -> Namkeen Snacks,Grocery - Snacks & Packaged Foods,Pune,Maharashtra,27AAFCG9846E1ZB,Pune,Maharashtra,DELIVERED,19059090,0,0,0,0,1,198,178,0,0,0,0,0,178
195,1532258481,03-12-2025,10205139,"Vyndo Methi Bajra Khakhra, Healthy Millet Snacks",Vyndo,8906172900235,"Vyndo Methi Bajra Khakhra, Healthy Millet Snacks(Pouch)",Munchies -> Namkeen Snacks -> Namkeen Snacks,Grocery - Snacks & Packaged Foods,Mumbai,Maharashtra,27AAFCG9846E1ZB,Mumbai,Maharashtra,DELIVERED,19059090,0,0,0,0,1,198,178,0,0,0,0,0,178
196,1533215077,03-12-2025,10205139,"Vyndo Methi Bajra Khakhra, Healthy Millet Snacks",Vyndo,8906172900235,"Vyndo Methi Bajra Khakhra, Healthy Millet Snacks(Pouch)",Munchies -> Namkeen Snacks -> Namkeen Snacks,Grocery - Snacks & Packaged Foods,Mumbai,Maharashtra,27AAFCG9846E1ZB,Mumbai,Maharashtra,DELIVERED,19059090,0,0,0,0,1,198,178,0,0,0,0,0,178
197,1532800647,03-12-2025,10205139,"Vyndo Methi Bajra Khakhra, Healthy Millet Snacks",Vyndo,8906172900235,"Vyndo Methi Bajra Khakhra, Healthy Millet Snacks(Pouch)",Munchies -> Namkeen Snacks -> Namkeen Snacks,Grocery - Snacks & Packaged Foods,Mumbai,Maharashtra,27AAFCG9846E1ZB,Mumbai,Maharashtra,DELIVERED,19059090,0,0,0,0,2,198,178,0,0,0,0,0,356
198,1533392524,03-12-2025,10265470,Vyndo Pudina Ragi Sev Bhujia Healthy Non-Fried Millet Snack,Vyndo,8906172900464,Vyndo Pudina Ragi Sev Bhujia Healthy Non-Fried Millet Snack(Packet),Munchies -> Bhujia & Mixtures -> Bhujia & Mixtures,Grocery - Snacks & Packaged Foods,Mumbai,Maharashtra,27AAFCG9846E1ZB,Mumbai,Maharashtra,DELIVERED,21069099,0,2.5,2.5,0,1,130,117,0,2.79,2.79,0,2.79,117
199,1532303883,03-12-2025,10265470,Vyndo Pudina Ragi Sev Bhujia Healthy Non-Fried Millet Snack,Vyndo,8906172900464,Vyndo Pudina Ragi Sev Bhujia Healthy Non-Fried Millet Snack(Packet),Munchies -> Bhujia & Mixtures -> Bhujia & Mixtures,Grocery - Snacks & Packaged Foods,Mumbai,Maharashtra,27AAFCG9846E1ZB,Mumbai,Maharashtra,DELIVERED,21069099,0,2.5,2.5,0,1,130,117,0,2.79,2.79,0,2.79,117
200,1534191213,03-12-2025,10267273,Vyndo Assorted Khakhra & Bhakhri,Vyndo,8906172900501,Vyndo Assorted Khakhra & Bhakhri(Packet),Organic & Premium -> Snacks & Munchies -> Snacks & Munchies,Grocery - Snacks & Packaged Foods,Mumbai,Maharashtra,27AAFCG9846E1ZB,Mumbai,Maharashtra,DELIVERED,19059090,0,0,0,0,1,160,144,0,0,0,0,0,144
201,1534326369,03-12-2025,10267273,Vyndo Assorted Khakhra & Bhakhri,Vyndo,8906172900501,Vyndo Assorted Khakhra & Bhakhri(Packet),Organic & Premium -> Snacks & Munchies -> Snacks & Munchies,Grocery - Snacks & Packaged Foods,Mumbai,Maharashtra,27AAFCG9846E1ZB,Mumbai,Maharashtra,DELIVERED,19059090,0,0,0,0,1,160,144,0,0,0,0,0,144
202,1536529488,04-12-2025,10196943,"Vyndo Masala Ragi Bhakhri, Healthy Millet Snacks",Vyndo,8906172900495,"Vyndo Masala Ragi Bhakhri, Healthy Millet Snacks(Pack)",Munchies -> Namkeen Snacks -> Namkeen Snacks,Grocery - Snacks & Packaged Foods,Kanpur,Uttar Pradesh,09AAFCG9846E1Z9,Kanpur,Uttar Pradesh,DELIVERED,19059090,0,0,0,0,1,198,178,0,0,0,0,0,178
203,1535914943,04-12-2025,10196943,"Vyndo Masala Ragi Bhakhri, Healthy Millet Snacks",Vyndo,8906172900495,"Vyndo Masala Ragi Bhakhri, Healthy Millet Snacks(Pack)",Munchies -> Namkeen Snacks -> Namkeen Snacks,Grocery - Snacks & Packaged Foods,Kolkata,West Bengal,19AAFCG9846E1Z8,Kolkata,West Bengal,DELIVERED,19059090,0,0,0,0,1,198,178,0,0,0,0,0,178
204,1536358273,04-12-2025,10196943,"Vyndo Masala Ragi Bhakhri, Healthy Millet Snacks",Vyndo,8906172900495,"Vyndo Masala Ragi Bhakhri, Healthy Millet Snacks(Pack)",Munchies -> Namkeen Snacks -> Namkeen Snacks,Grocery - Snacks & Packaged Foods,UP-NCR,Uttar Pradesh,09AAFCG9846E1Z9,Ghaziabad,Uttar Pradesh,DELIVERED,19059090,0,0,0,0,1,198,178,0,0,0,0,0,178
205,1536150307,04-12-2025,10197316,Vyndo Farali Millet Bhakhri Fasting Energy Snacks,Vyndo,8906172900358,Vyndo Farali Millet Bhakhri Fasting Energy Snacks,Organic & Premium -> Snacks & Munchies -> Snacks & Munchies,Grocery - Snacks & Packaged Foods,Mumbai,Maharashtra,27AAFCG9846E1ZB,Mumbai,Maharashtra,DELIVERED,19059090,0,0,0,0,1,198,178,0,0,0,0,0,178
206,1535810064,04-12-2025,10197316,Vyndo Farali Millet Bhakhri Fasting Energy Snacks,Vyndo,8906172900358,Vyndo Farali Millet Bhakhri Fasting Energy Snacks,Organic & Premium -> Snacks & Munchies -> Snacks & Munchies,Grocery - Snacks & Packaged Foods,Pune,Maharashtra,27AAFCG9846E1ZB,Pune,Maharashtra,DELIVERED,19059090,0,0,0,0,1,198,178,0,0,0,0,0,178
207,1537175125,04-12-2025,10197316,Vyndo Farali Millet Bhakhri Fasting Energy Snacks,Vyndo,8906172900358,Vyndo Farali Millet Bhakhri Fasting Energy Snacks,Organic & Premium -> Snacks & Munchies -> Snacks & Munchies,Grocery - Snacks & Packaged Foods,Mumbai,Maharashtra,27AAFCG9846E1ZB,Mumbai,Maharashtra,DELIVERED,19059090,0,0,0,0,2,198,178,0,0,0,0,0,356
208,1535657934,04-12-2025,10197316,Vyndo Farali Millet Bhakhri Fasting Energy Snacks,Vyndo,8906172900358,Vyndo Farali Millet Bhakhri Fasting Energy Snacks,Organic & Premium -> Snacks & Munchies -> Snacks & Munchies,Grocery - Snacks & Packaged Foods,Kolkata,West Bengal,19AAFCG9846E1Z8,Kolkata,West Bengal,DELIVERED,19059090,0,0,0,0,1,198,178,0,0,0,0,0,178
209,1536621845,04-12-2025,10197316,Vyndo Farali Millet Bhakhri Fasting Energy Snacks,Vyndo,8906172900358,Vyndo Farali Millet Bhakhri Fasting Energy Snacks,Organic & Premium -> Snacks & Munchies -> Snacks & Munchies,Grocery - Snacks & Packaged Foods,Kolkata,West Bengal,19AAFCG9846E1Z8,Kolkata,West Bengal,DELIVERED,19059090,0,0,0,0,1,198,178,0,0,0,0,0,178
210,1537324782,04-12-2025,10197316,Vyndo Farali Millet Bhakhri Fasting Energy Snacks,Vyndo,8906172900358,Vyndo Farali Millet Bhakhri Fasting Energy Snacks,Organic & Premium -> Snacks & Munchies -> Snacks & Munchies,Grocery - Snacks & Packaged Foods,Goa,Goa,30AAFCG9846E1ZO,Goa,Goa,DELIVERED,19059090,0,0,0,0,1,198,178,0,0,0,0,0,178
211,1537665071,04-12-2025,10197316,Vyndo Farali Millet Bhakhri Fasting Energy Snacks,Vyndo,8906172900358,Vyndo Farali Millet Bhakhri Fasting Energy Snacks,Organic & Premium -> Snacks & Munchies -> Snacks & Munchies,Grocery - Snacks & Packaged Foods,Mumbai,Maharashtra,27AAFCG9846E1ZB,Mumbai,Maharashtra,DELIVERED,19059090,0,0,0,0,1,198,178,0,0,0,0,0,178
212,1537702551,04-12-2025,10197316,Vyndo Farali Millet Bhakhri Fasting Energy Snacks,Vyndo,8906172900358,Vyndo Farali Millet Bhakhri Fasting Energy Snacks,Organic & Premium -> Snacks & Munchies -> Snacks & Munchies,Grocery - Snacks & Packaged Foods,Mumbai,Maharashtra,27AAFCG9846E1ZB,Mumbai,Maharashtra,DELIVERED,19059090,0,0,0,0,1,198,178,0,0,0,0,0,178
213,1535573942,04-12-2025,10200587,"Vyndo Moong Bajra Bhakhri, Healthy Millet Snacks",Vyndo,8906172900365,"Vyndo Moong Bajra Bhakhri, Healthy Millet Snacks(Box)",Munchies -> Namkeen Snacks -> Namkeen Snacks,Grocery - Snacks & Packaged Foods,Ahmedabad,Gujarat,24AAFCG9846E1ZH,Ahmedabad,Gujarat,DELIVERED,19059090,0,0,0,0,1,198,178,0,0,0,0,0,178
214,1537549748,04-12-2025,10200587,"Vyndo Moong Bajra Bhakhri, Healthy Millet Snacks",Vyndo,8906172900365,"Vyndo Moong Bajra Bhakhri, Healthy Millet Snacks(Box)",Munchies -> Namkeen Snacks -> Namkeen Snacks,Grocery - Snacks & Packaged Foods,Vadodara,Gujarat,24AAFCG9846E1ZH,Vadodara,Gujarat,DELIVERED,19059090,0,0,0,0,1,198,178,0,0,0,0,0,178
215,1536413542,04-12-2025,10200587,"Vyndo Moong Bajra Bhakhri, Healthy Millet Snacks",Vyndo,8906172900365,"Vyndo Moong Bajra Bhakhri, Healthy Millet Snacks(Box)",Munchies -> Namkeen Snacks -> Namkeen Snacks,Grocery - Snacks & Packaged Foods,Ahmedabad,Gujarat,24AAFCG9846E1ZH,Ahmedabad,Gujarat,DELIVERED,19059090,0,0,0,0,1,198,178,0,0,0,0,0,178
216,1536684295,04-12-2025,10200587,"Vyndo Moong Bajra Bhakhri, Healthy Millet Snacks",Vyndo,8906172900365,"Vyndo Moong Bajra Bhakhri, Healthy Millet Snacks(Box)",Munchies -> Namkeen Snacks -> Namkeen Snacks,Grocery - Snacks & Packaged Foods,Mumbai,Maharashtra,27AAFCG9846E1ZB,Mumbai,Maharashtra,DELIVERED,19059090,0,0,0,0,1,198,178,0,0,0,0,0,178
217,1536465684,04-12-2025,10200587,"Vyndo Moong Bajra Bhakhri, Healthy Millet Snacks",Vyndo,8906172900365,"Vyndo Moong Bajra Bhakhri, Healthy Millet Snacks(Box)",Munchies -> Namkeen Snacks -> Namkeen Snacks,Grocery - Snacks & Packaged Foods,Ahmedabad,Gujarat,24AAFCG9846E1ZH,Ahmedabad,Gujarat,DELIVERED,19059090,0,0,0,0,1,198,178,0,0,0,0,0,178
218,1535285830,04-12-2025,10200587,"Vyndo Moong Bajra Bhakhri, Healthy Millet Snacks",Vyndo,8906172900365,"Vyndo Moong Bajra Bhakhri, Healthy Millet Snacks(Box)",Munchies -> Namkeen Snacks -> Namkeen Snacks,Grocery - Snacks & Packaged Foods,Ahmedabad,Gujarat,24AAFCG9846E1ZH,Ahmedabad,Gujarat,DELIVERED,19059090,0,0,0,0,1,198,178,0,0,0,0,0,178
219,1536406715,04-12-2025,10200590,"Vyndo Roasted Ragi Bhakhri, Healthy Millet Snacks",Vyndo,8906172900372,"Vyndo Roasted Ragi Bhakhri, Healthy Millet Snacks(Box)",Munchies -> Namkeen Snacks -> Namkeen Snacks,Grocery - Snacks & Packaged Foods,Pune,Maharashtra,27AAFCG9846E1ZB,Pune,Maharashtra,DELIVERED,19059090,0,0,0,0,1,198,178,0,0,0,0,0,178
220,1536580380,04-12-2025,10200590,"Vyndo Roasted Ragi Bhakhri, Healthy Millet Snacks",Vyndo,8906172900372,"Vyndo Roasted Ragi Bhakhri, Healthy Millet Snacks(Box)",Munchies -> Namkeen Snacks -> Namkeen Snacks,Grocery - Snacks & Packaged Foods,Chennai,Tamil Nadu,33AAFCG9846E1ZI,Chennai,Tamil Nadu,DELIVERED,19059090,0,0,0,0,1,198,178,0,0,0,0,0,178
221,1536552184,04-12-2025,10200590,"Vyndo Roasted Ragi Bhakhri, Healthy Millet Snacks",Vyndo,8906172900372,"Vyndo Roasted Ragi Bhakhri, Healthy Millet Snacks(Box)",Munchies -> Namkeen Snacks -> Namkeen Snacks,Grocery - Snacks & Packaged Foods,Ahmedabad,Gujarat,24AAFCG9846E1ZH,Ahmedabad,Gujarat,DELIVERED,19059090,0,0,0,0,2,198,178,0,0,0,0,0,356
222,1537729613,04-12-2025,10200590,"Vyndo Roasted Ragi Bhakhri, Healthy Millet Snacks",Vyndo,8906172900372,"Vyndo Roasted Ragi Bhakhri, Healthy Millet Snacks(Box)",Munchies -> Namkeen Snacks -> Namkeen Snacks,Grocery - Snacks & Packaged Foods,UP-NCR,Uttar Pradesh,09AAFCG9846E1Z9,Ghaziabad,Uttar Pradesh,DELIVERED,19059090,0,0,0,0,1,198,178,0,0,0,0,0,178
223,1535611255,04-12-2025,10200590,"Vyndo Roasted Ragi Bhakhri, Healthy Millet Snacks",Vyndo,8906172900372,"Vyndo Roasted Ragi Bhakhri, Healthy Millet Snacks(Box)",Munchies -> Namkeen Snacks -> Namkeen Snacks,Grocery - Snacks & Packaged Foods,Mumbai,Maharashtra,27AAFCG9846E1ZB,Mumbai,Maharashtra,DELIVERED,19059090,0,0,0,0,1,198,178,0,0,0,0,0,178
224,1536863822,04-12-2025,10200590,"Vyndo Roasted Ragi Bhakhri, Healthy Millet Snacks",Vyndo,8906172900372,"Vyndo Roasted Ragi Bhakhri, Healthy Millet Snacks(Box)",Munchies -> Namkeen Snacks -> Namkeen Snacks,Grocery - Snacks & Packaged Foods,Bengaluru,Karnataka,29AAFCG9846E1Z7,Bengaluru,Karnataka,DELIVERED,19059090,0,0,0,0,1,198,178,0,0,0,0,0,178
225,1535248436,04-12-2025,10200590,"Vyndo Roasted Ragi Bhakhri, Healthy Millet Snacks",Vyndo,8906172900372,"Vyndo Roasted Ragi Bhakhri, Healthy Millet Snacks(Box)",Munchies -> Namkeen Snacks -> Namkeen Snacks,Grocery - Snacks & Packaged Foods,Hosur,Tamil Nadu,33AAFCG9846E1ZI,Hosur,Tamil Nadu,DELIVERED,19059090,0,0,0,0,1,198,178,0,0,0,0,0,178
226,1536987268,04-12-2025,10200590,"Vyndo Roasted Ragi Bhakhri, Healthy Millet Snacks",Vyndo,8906172900372,"Vyndo Roasted Ragi Bhakhri, Healthy Millet Snacks(Box)",Munchies -> Namkeen Snacks -> Namkeen Snacks,Grocery - Snacks & Packaged Foods,Pune,Maharashtra,27AAFCG9846E1ZB,Pune,Maharashtra,DELIVERED,19059090,0,0,0,0,1,198,178,0,0,0,0,0,178
227,1536195312,04-12-2025,10200590,"Vyndo Roasted Ragi Bhakhri, Healthy Millet Snacks",Vyndo,8906172900372,"Vyndo Roasted Ragi Bhakhri, Healthy Millet Snacks(Box)",Munchies -> Namkeen Snacks -> Namkeen Snacks,Grocery - Snacks & Packaged Foods,Ahmedabad,Gujarat,24AAFCG9846E1ZH,Ahmedabad,Gujarat,DELIVERED,19059090,0,0,0,0,1,198,178,0,0,0,0,0,178
228,1536426718,04-12-2025,10200590,"Vyndo Roasted Ragi Bhakhri, Healthy Millet Snacks",Vyndo,8906172900372,"Vyndo Roasted Ragi Bhakhri, Healthy Millet Snacks(Box)",Munchies -> Namkeen Snacks -> Namkeen Snacks,Grocery - Snacks & Packaged Foods,Bengaluru,Karnataka,29AAFCG9846E1Z7,Bengaluru,Karnataka,DELIVERED,19059090,0,0,0,0,1,198,178,0,0,0,0,0,178
229,1535143681,04-12-2025,10200590,"Vyndo Roasted Ragi Bhakhri, Healthy Millet Snacks",Vyndo,8906172900372,"Vyndo Roasted Ragi Bhakhri, Healthy Millet Snacks(Box)",Munchies -> Namkeen Snacks -> Namkeen Snacks,Grocery - Snacks & Packaged Foods,Ahmedabad,Gujarat,24AAFCG9846E1ZH,Ahmedabad,Gujarat,DELIVERED,19059090,0,0,0,0,1,198,178,0,0,0,0,0,178
230,1537326093,04-12-2025,10200590,"Vyndo Roasted Ragi Bhakhri, Healthy Millet Snacks",Vyndo,8906172900372,"Vyndo Roasted Ragi Bhakhri, Healthy Millet Snacks(Box)",Munchies -> Namkeen Snacks -> Namkeen Snacks,Grocery - Snacks & Packaged Foods,Mumbai,Maharashtra,27AAFCG9846E1ZB,Mumbai,Maharashtra,DELIVERED,19059090,0,0,0,0,1,198,178,0,0,0,0,0,178
231,1536238935,04-12-2025,10200590,"Vyndo Roasted Ragi Bhakhri, Healthy Millet Snacks",Vyndo,8906172900372,"Vyndo Roasted Ragi Bhakhri, Healthy Millet Snacks(Box)",Munchies -> Namkeen Snacks -> Namkeen Snacks,Grocery - Snacks & Packaged Foods,Mumbai,Maharashtra,27AAFCG9846E1ZB,Mumbai,Maharashtra,DELIVERED,19059090,0,0,0,0,1,198,178,0,0,0,0,0,178
232,1537624009,04-12-2025,10200590,"Vyndo Roasted Ragi Bhakhri, Healthy Millet Snacks",Vyndo,8906172900372,"Vyndo Roasted Ragi Bhakhri, Healthy Millet Snacks(Box)",Munchies -> Namkeen Snacks -> Namkeen Snacks,Grocery - Snacks & Packaged Foods,UP-NCR,Uttar Pradesh,09AAFCG9846E1Z9,Ghaziabad,Uttar Pradesh,DELIVERED,19059090,0,0,0,0,1,198,178,0,0,0,0,0,178
233,1535914943,04-12-2025,10200590,"Vyndo Roasted Ragi Bhakhri, Healthy Millet Snacks",Vyndo,8906172900372,"Vyndo Roasted Ragi Bhakhri, Healthy Millet Snacks(Box)",Munchies -> Namkeen Snacks -> Namkeen Snacks,Grocery - Snacks & Packaged Foods,Kolkata,West Bengal,19AAFCG9846E1Z8,Kolkata,West Bengal,DELIVERED,19059090,0,0,0,0,1,198,178,0,0,0,0,0,178
234,1536823167,04-12-2025,10200590,"Vyndo Roasted Ragi Bhakhri, Healthy Millet Snacks",Vyndo,8906172900372,"Vyndo Roasted Ragi Bhakhri, Healthy Millet Snacks(Box)",Munchies -> Namkeen Snacks -> Namkeen Snacks,Grocery - Snacks & Packaged Foods,Kolkata,West Bengal,19AAFCG9846E1Z8,Kolkata,West Bengal,DELIVERED,19059090,0,0,0,0,1,198,178,0,0,0,0,0,178
235,1536482508,04-12-2025,10200590,"Vyndo Roasted Ragi Bhakhri, Healthy Millet Snacks",Vyndo,8906172900372,"Vyndo Roasted Ragi Bhakhri, Healthy Millet Snacks(Box)",Munchies -> Namkeen Snacks -> Namkeen Snacks,Grocery - Snacks & Packaged Foods,UP-NCR,Uttar Pradesh,09AAFCG9846E1Z9,Ghaziabad,Uttar Pradesh,DELIVERED,19059090,0,0,0,0,1,198,178,0,0,0,0,0,178
236,1535285830,04-12-2025,10200590,"Vyndo Roasted Ragi Bhakhri, Healthy Millet Snacks",Vyndo,8906172900372,"Vyndo Roasted Ragi Bhakhri, Healthy Millet Snacks(Box)",Munchies -> Namkeen Snacks -> Namkeen Snacks,Grocery - Snacks & Packaged Foods,Ahmedabad,Gujarat,24AAFCG9846E1ZH,Ahmedabad,Gujarat,DELIVERED,19059090,0,0,0,0,1,198,178,0,0,0,0,0,178
237,1535851355,04-12-2025,10200590,"Vyndo Roasted Ragi Bhakhri, Healthy Millet Snacks",Vyndo,8906172900372,"Vyndo Roasted Ragi Bhakhri, Healthy Millet Snacks(Box)",Munchies -> Namkeen Snacks -> Namkeen Snacks,Grocery - Snacks & Packaged Foods,UP-NCR,Uttar Pradesh,09AAFCG9846E1Z9,Ghaziabad,Uttar Pradesh,DELIVERED,19059090,0,0,0,0,1,198,178,0,0,0,0,0,178
238,1536640151,04-12-2025,10204795,Vyndo Sattu Khakhra,Vyndo,8906172900198,Vyndo Sattu Khakhra(Packet),Munchies -> Namkeen Snacks -> Namkeen Snacks,Grocery - Snacks & Packaged Foods,Bengaluru,Karnataka,29AAFCG9846E1Z7,Bengaluru,Karnataka,DELIVERED,19059090,0,0,0,0,1,198,178,0,0,0,0,0,178
239,1536524340,04-12-2025,10204795,Vyndo Sattu Khakhra,Vyndo,8906172900198,Vyndo Sattu Khakhra(Packet),Munchies -> Namkeen Snacks -> Namkeen Snacks,Grocery - Snacks & Packaged Foods,Pune,Maharashtra,27AAFCG9846E1ZB,Pune,Maharashtra,DELIVERED,19059090,0,0,0,0,1,198,178,0,0,0,0,0,178
240,1535427423,04-12-2025,10204795,Vyndo Sattu Khakhra,Vyndo,8906172900198,Vyndo Sattu Khakhra(Packet),Munchies -> Namkeen Snacks -> Namkeen Snacks,Grocery - Snacks & Packaged Foods,Pune,Maharashtra,27AAFCG9846E1ZB,Pune,Maharashtra,DELIVERED,19059090,0,0,0,0,1,198,178,0,0,0,0,0,178
241,1537563368,04-12-2025,10204795,Vyndo Sattu Khakhra,Vyndo,8906172900198,Vyndo Sattu Khakhra(Packet),Munchies -> Namkeen Snacks -> Namkeen Snacks,Grocery - Snacks & Packaged Foods,Pune,Maharashtra,27AAFCG9846E1ZB,Pune,Maharashtra,DELIVERED,19059090,0,0,0,0,1,198,178,0,0,0,0,0,178
242,1535766791,04-12-2025,10204795,Vyndo Sattu Khakhra,Vyndo,8906172900198,Vyndo Sattu Khakhra(Packet),Munchies -> Namkeen Snacks -> Namkeen Snacks,Grocery - Snacks & Packaged Foods,Pune,Maharashtra,27AAFCG9846E1ZB,Pune,Maharashtra,DELIVERED,19059090,0,0,0,0,1,198,178,0,0,0,0,0,178
243,1536298115,04-12-2025,10204795,Vyndo Sattu Khakhra,Vyndo,8906172900198,Vyndo Sattu Khakhra(Packet),Munchies -> Namkeen Snacks -> Namkeen Snacks,Grocery - Snacks & Packaged Foods,UP-NCR,Uttar Pradesh,09AAFCG9846E1Z9,Ghaziabad,Uttar Pradesh,DELIVERED,19059090,0,0,0,0,1,198,178,0,0,0,0,0,178
244,1537421372,04-12-2025,10204798,"Vyndo Chorafali Khakhra, Healthy Millet Snacks",Vyndo,8906172900204,"Vyndo Chorafali Khakhra, Healthy Millet Snacks(Packet)",Munchies -> Namkeen Snacks -> Namkeen Snacks,Grocery - Snacks & Packaged Foods,Kolkata,West Bengal,19AAFCG9846E1Z8,Kolkata,West Bengal,DELIVERED,19059090,0,0,0,0,1,198,178,0,0,0,0,0,178
245,1536298115,04-12-2025,10204798,"Vyndo Chorafali Khakhra, Healthy Millet Snacks",Vyndo,8906172900204,"Vyndo Chorafali Khakhra, Healthy Millet Snacks(Packet)",Munchies -> Namkeen Snacks -> Namkeen Snacks,Grocery - Snacks & Packaged Foods,UP-NCR,Uttar Pradesh,09AAFCG9846E1Z9,Ghaziabad,Uttar Pradesh,DELIVERED,19059090,0,0,0,0,1,198,178,0,0,0,0,0,178
246,1536604994,04-12-2025,10204798,"Vyndo Chorafali Khakhra, Healthy Millet Snacks",Vyndo,8906172900204,"Vyndo Chorafali Khakhra, Healthy Millet Snacks(Packet)",Munchies -> Namkeen Snacks -> Namkeen Snacks,Grocery - Snacks & Packaged Foods,Mumbai,Maharashtra,27AAFCG9846E1ZB,Mumbai,Maharashtra,DELIVERED,19059090,0,0,0,0,1,198,178,0,0,0,0,0,178
247,1536513705,04-12-2025,10204798,"Vyndo Chorafali Khakhra, Healthy Millet Snacks",Vyndo,8906172900204,"Vyndo Chorafali Khakhra, Healthy Millet Snacks(Packet)",Munchies -> Namkeen Snacks -> Namkeen Snacks,Grocery - Snacks & Packaged Foods,Pune,Maharashtra,27AAFCG9846E1ZB,Pune,Maharashtra,DELIVERED,19059090,0,0,0,0,1,198,178,0,0,0,0,0,178
248,1537504214,04-12-2025,10204798,"Vyndo Chorafali Khakhra, Healthy Millet Snacks",Vyndo,8906172900204,"Vyndo Chorafali Khakhra, Healthy Millet Snacks(Packet)",Munchies -> Namkeen Snacks -> Namkeen Snacks,Grocery - Snacks & Packaged Foods,Ahmedabad,Gujarat,24AAFCG9846E1ZH,Ahmedabad,Gujarat,DELIVERED,19059090,0,0,0,0,1,198,178,0,0,0,0,0,178
249,1535449407,04-12-2025,10204798,"Vyndo Chorafali Khakhra, Healthy Millet Snacks",Vyndo,8906172900204,"Vyndo Chorafali Khakhra, Healthy Millet Snacks(Packet)",Munchies -> Namkeen Snacks -> Namkeen Snacks,Grocery - Snacks & Packaged Foods,Ahmedabad,Gujarat,24AAFCG9846E1ZH,Ahmedabad,Gujarat,DELIVERED,19059090,0,0,0,0,1,198,178,0,0,0,0,0,178
250,1536565842,04-12-2025,10205139,"Vyndo Methi Bajra Khakhra, Healthy Millet Snacks",Vyndo,8906172900235,"Vyndo Methi Bajra Khakhra, Healthy Millet Snacks(Pouch)",Munchies -> Namkeen Snacks -> Namkeen Snacks,Grocery - Snacks & Packaged Foods,Mumbai,Maharashtra,27AAFCG9846E1ZB,Mumbai,Maharashtra,DELIVERED,19059090,0,0,0,0,1,198,178,0,0,0,0,0,178
251,1536297264,04-12-2025,10205139,"Vyndo Methi Bajra Khakhra, Healthy Millet Snacks",Vyndo,8906172900235,"Vyndo Methi Bajra Khakhra, Healthy Millet Snacks(Pouch)",Munchies -> Namkeen Snacks -> Namkeen Snacks,Grocery - Snacks & Packaged Foods,Mumbai,Maharashtra,27AAFCG9846E1ZB,Mumbai,Maharashtra,DELIVERED,19059090,0,0,0,0,1,198,178,0,0,0,0,0,178
252,1536249240,04-12-2025,10205139,"Vyndo Methi Bajra Khakhra, Healthy Millet Snacks",Vyndo,8906172900235,"Vyndo Methi Bajra Khakhra, Healthy Millet Snacks(Pouch)",Munchies -> Namkeen Snacks -> Namkeen Snacks,Grocery - Snacks & Packaged Foods,Rampur,Uttar Pradesh,09AAFCG9846E1Z9,Rampur,Uttar Pradesh,DELIVERED,19059090,0,0,0,0,1,198,178,0,0,0,0,0,178
253,1537593166,04-12-2025,10205139,"Vyndo Methi Bajra Khakhra, Healthy Millet Snacks",Vyndo,8906172900235,"Vyndo Methi Bajra Khakhra, Healthy Millet Snacks(Pouch)",Munchies -> Namkeen Snacks -> Namkeen Snacks,Grocery - Snacks & Packaged Foods,Pune,Maharashtra,27AAFCG9846E1ZB,Pune,Maharashtra,DELIVERED,19059090,0,0,0,0,1,198,178,0,0,0,0,0,178
254,1535594133,04-12-2025,10205139,"Vyndo Methi Bajra Khakhra, Healthy Millet Snacks",Vyndo,8906172900235,"Vyndo Methi Bajra Khakhra, Healthy Millet Snacks(Pouch)",Munchies -> Namkeen Snacks -> Namkeen Snacks,Grocery - Snacks & Packaged Foods,UP-NCR,Uttar Pradesh,09AAFCG9846E1Z9,Ghaziabad,Uttar Pradesh,DELIVERED,19059090,0,0,0,0,1,198,178,0,0,0,0,0,178
255,1535258769,04-12-2025,10205139,"Vyndo Methi Bajra Khakhra, Healthy Millet Snacks",Vyndo,8906172900235,"Vyndo Methi Bajra Khakhra, Healthy Millet Snacks(Pouch)",Munchies -> Namkeen Snacks -> Namkeen Snacks,Grocery - Snacks & Packaged Foods,Pune,Maharashtra,27AAFCG9846E1ZB,Pune,Maharashtra,DELIVERED,19059090,0,0,0,0,1,198,178,0,0,0,0,0,178
256,1536349119,04-12-2025,10205139,"Vyndo Methi Bajra Khakhra, Healthy Millet Snacks",Vyndo,8906172900235,"Vyndo Methi Bajra Khakhra, Healthy Millet Snacks(Pouch)",Munchies -> Namkeen Snacks -> Namkeen Snacks,Grocery - Snacks & Packaged Foods,Kolkata,West Bengal,19AAFCG9846E1Z8,Kolkata,West Bengal,DELIVERED,19059090,0,0,0,0,1,198,178,0,0,0,0,0,178
257,1536874378,04-12-2025,10205139,"Vyndo Methi Bajra Khakhra, Healthy Millet Snacks",Vyndo,8906172900235,"Vyndo Methi Bajra Khakhra, Healthy Millet Snacks(Pouch)",Munchies -> Namkeen Snacks -> Namkeen Snacks,Grocery - Snacks & Packaged Foods,Kolkata,West Bengal,19AAFCG9846E1Z8,Kolkata,West Bengal,DELIVERED,19059090,0,0,0,0,1,198,178,0,0,0,0,0,178
258,1536837560,04-12-2025,10205139,"Vyndo Methi Bajra Khakhra, Healthy Millet Snacks",Vyndo,8906172900235,"Vyndo Methi Bajra Khakhra, Healthy Millet Snacks(Pouch)",Munchies -> Namkeen Snacks -> Namkeen Snacks,Grocery - Snacks & Packaged Foods,UP-NCR,Uttar Pradesh,09AAFCG9846E1Z9,Ghaziabad,Uttar Pradesh,DELIVERED,19059090,0,0,0,0,1,198,178,0,0,0,0,0,178
259,1537073107,04-12-2025,10205139,"Vyndo Methi Bajra Khakhra, Healthy Millet Snacks",Vyndo,8906172900235,"Vyndo Methi Bajra Khakhra, Healthy Millet Snacks(Pouch)",Munchies -> Namkeen Snacks -> Namkeen Snacks,Grocery - Snacks & Packaged Foods,Pune,Maharashtra,27AAFCG9846E1ZB,Pune,Maharashtra,DELIVERED,19059090,0,0,0,0,1,198,178,0,0,0,0,0,178
260,1536379937,04-12-2025,10267273,Vyndo Assorted Khakhra & Bhakhri,Vyndo,8906172900501,Vyndo Assorted Khakhra & Bhakhri(Packet),Organic & Premium -> Snacks & Munchies -> Snacks & Munchies,Grocery - Snacks & Packaged Foods,Mumbai,Maharashtra,27AAFCG9846E1ZB,Mumbai,Maharashtra,DELIVERED,19059090,0,0,0,0,1,160,144,0,0,0,0,0,144
261,1535931068,04-12-2025,10267273,Vyndo Assorted Khakhra & Bhakhri,Vyndo,8906172900501,Vyndo Assorted Khakhra & Bhakhri(Packet),Organic & Premium -> Snacks & Munchies -> Snacks & Munchies,Grocery - Snacks & Packaged Foods,Mumbai,Maharashtra,27AAFCG9846E1ZB,Mumbai,Maharashtra,DELIVERED,19059090,0,0,0,0,1,160,144,0,0,0,0,0,144
262,1535559527,04-12-2025,10267273,Vyndo Assorted Khakhra & Bhakhri,Vyndo,8906172900501,Vyndo Assorted Khakhra & Bhakhri(Packet),Organic & Premium -> Snacks & Munchies -> Snacks & Munchies,Grocery - Snacks & Packaged Foods,Mumbai,Maharashtra,27AAFCG9846E1ZB,Mumbai,Maharashtra,DELIVERED,19059090,0,0,0,0,1,160,144,0,0,0,0,0,144
263,1539636621,05-12-2025,10196943,"Vyndo Masala Ragi Bhakhri, Healthy Millet Snacks",Vyndo,8906172900495,"Vyndo Masala Ragi Bhakhri, Healthy Millet Snacks(Pack)",Munchies -> Namkeen Snacks -> Namkeen Snacks,Grocery - Snacks & Packaged Foods,Chennai,Tamil Nadu,33AAFCG9846E1ZI,Chennai,Tamil Nadu,DELIVERED,19059090,0,0,0,0,1,198,178,0,0,0,0,0,178
264,1540265806,05-12-2025,10196943,"Vyndo Masala Ragi Bhakhri, Healthy Millet Snacks",Vyndo,8906172900495,"Vyndo Masala Ragi Bhakhri, Healthy Millet Snacks(Pack)",Munchies -> Namkeen Snacks -> Namkeen Snacks,Grocery - Snacks & Packaged Foods,Kolkata,West Bengal,19AAFCG9846E1Z8,Kolkata,West Bengal,DELIVERED,19059090,0,0,0,0,1,198,178,0,0,0,0,0,178
265,1538768938,05-12-2025,10196943,"Vyndo Masala Ragi Bhakhri, Healthy Millet Snacks",Vyndo,8906172900495,"Vyndo Masala Ragi Bhakhri, Healthy Millet Snacks(Pack)",Munchies -> Namkeen Snacks -> Namkeen Snacks,Grocery - Snacks & Packaged Foods,Lucknow,Uttar Pradesh,09AAFCG9846E1Z9,Lucknow,Uttar Pradesh,DELIVERED,19059090,0,0,0,0,1,198,178,0,0,0,0,0,178
266,1538698703,05-12-2025,10196943,"Vyndo Masala Ragi Bhakhri, Healthy Millet Snacks",Vyndo,8906172900495,"Vyndo Masala Ragi Bhakhri, Healthy Millet Snacks(Pack)",Munchies -> Namkeen Snacks -> Namkeen Snacks,Grocery - Snacks & Packaged Foods,Bengaluru,Karnataka,29AAFCG9846E1Z7,Bengaluru,Karnataka,DELIVERED,19059090,0,0,0,0,1,198,178,0,0,0,0,0,178
267,1539678520,05-12-2025,10196943,"Vyndo Masala Ragi Bhakhri, Healthy Millet Snacks",Vyndo,8906172900495,"Vyndo Masala Ragi Bhakhri, Healthy Millet Snacks(Pack)",Munchies -> Namkeen Snacks -> Namkeen Snacks,Grocery - Snacks & Packaged Foods,Chennai,Tamil Nadu,33AAFCG9846E1ZI,Chennai,Tamil Nadu,DELIVERED,19059090,0,0,0,0,1,198,178,0,0,0,0,0,178
268,1539692711,05-12-2025,10197316,Vyndo Farali Millet Bhakhri Fasting Energy Snacks,Vyndo,8906172900358,Vyndo Farali Millet Bhakhri Fasting Energy Snacks,Organic & Premium -> Snacks & Munchies -> Snacks & Munchies,Grocery - Snacks & Packaged Foods,Mumbai,Maharashtra,27AAFCG9846E1ZB,Mumbai,Maharashtra,DELIVERED,19059090,0,0,0,0,1,198,178,0,0,0,0,0,178
269,1538726799,05-12-2025,10197316,Vyndo Farali Millet Bhakhri Fasting Energy Snacks,Vyndo,8906172900358,Vyndo Farali Millet Bhakhri Fasting Energy Snacks,Organic & Premium -> Snacks & Munchies -> Snacks & Munchies,Grocery - Snacks & Packaged Foods,Delhi,Delhi,07AAFCG9846E2ZC,Delhi,Delhi,DELIVERED,19059090,0,0,0,0,1,198,178,0,0,0,0,0,178
270,1538726799,05-12-2025,10197316,Vyndo Farali Millet Bhakhri Fasting Energy Snacks,Vyndo,8906172900358,Vyndo Farali Millet Bhakhri Fasting Energy Snacks,Organic & Premium -> Snacks & Munchies -> Snacks & Munchies,Grocery - Snacks & Packaged Foods,Delhi,Delhi,07AAFCG9846E2ZC,Delhi,Delhi,DELIVERED,19059090,0,0,0,0,1,198,178,0,0,0,0,0,178
271,1538388169,05-12-2025,10197316,Vyndo Farali Millet Bhakhri Fasting Energy Snacks,Vyndo,8906172900358,Vyndo Farali Millet Bhakhri Fasting Energy Snacks,Organic & Premium -> Snacks & Munchies -> Snacks & Munchies,Grocery - Snacks & Packaged Foods,Pune,Maharashtra,27AAFCG9846E1ZB,Pune,Maharashtra,DELIVERED,19059090,0,0,0,0,1,198,178,0,0,0,0,0,178
272,1540074097,05-12-2025,10197316,Vyndo Farali Millet Bhakhri Fasting Energy Snacks,Vyndo,8906172900358,Vyndo Farali Millet Bhakhri Fasting Energy Snacks,Organic & Premium -> Snacks & Munchies -> Snacks & Munchies,Grocery - Snacks & Packaged Foods,UP-NCR,Uttar Pradesh,09AAFCG9846E1Z9,Ghaziabad,Uttar Pradesh,DELIVERED,19059090,0,0,0,0,1,198,178,0,0,0,0,0,178
273,1539636621,05-12-2025,10197316,Vyndo Farali Millet Bhakhri Fasting Energy Snacks,Vyndo,8906172900358,Vyndo Farali Millet Bhakhri Fasting Energy Snacks,Organic & Premium -> Snacks & Munchies -> Snacks & Munchies,Grocery - Snacks & Packaged Foods,Chennai,Tamil Nadu,33AAFCG9846E1ZI,Chennai,Tamil Nadu,DELIVERED,19059090,0,0,0,0,1,198,178,0,0,0,0,0,178
274,1537946704,05-12-2025,10197316,Vyndo Farali Millet Bhakhri Fasting Energy Snacks,Vyndo,8906172900358,Vyndo Farali Millet Bhakhri Fasting Energy Snacks,Organic & Premium -> Snacks & Munchies -> Snacks & Munchies,Grocery - Snacks & Packaged Foods,Mumbai,Maharashtra,27AAFCG9846E1ZB,Mumbai,Maharashtra,DELIVERED,19059090,0,0,0,0,1,198,178,0,0,0,0,0,178
275,1538422094,05-12-2025,10200587,"Vyndo Moong Bajra Bhakhri, Healthy Millet Snacks",Vyndo,8906172900365,"Vyndo Moong Bajra Bhakhri, Healthy Millet Snacks(Box)",Munchies -> Namkeen Snacks -> Namkeen Snacks,Grocery - Snacks & Packaged Foods,Mumbai,Maharashtra,27AAFCG9846E1ZB,Mumbai,Maharashtra,DELIVERED,19059090,0,0,0,0,1,198,178,0,0,0,0,0,178
276,1538363612,05-12-2025,10200587,"Vyndo Moong Bajra Bhakhri, Healthy Millet Snacks",Vyndo,8906172900365,"Vyndo Moong Bajra Bhakhri, Healthy Millet Snacks(Box)",Munchies -> Namkeen Snacks -> Namkeen Snacks,Grocery - Snacks & Packaged Foods,Ahmedabad,Gujarat,24AAFCG9846E1ZH,Ahmedabad,Gujarat,DELIVERED,19059090,0,0,0,0,1,198,178,0,0,0,0,0,178
277,1540225632,05-12-2025,10200587,"Vyndo Moong Bajra Bhakhri, Healthy Millet Snacks",Vyndo,8906172900365,"Vyndo Moong Bajra Bhakhri, Healthy Millet Snacks(Box)",Munchies -> Namkeen Snacks -> Namkeen Snacks,Grocery - Snacks & Packaged Foods,Ahmedabad,Gujarat,24AAFCG9846E1ZH,Ahmedabad,Gujarat,DELIVERED,19059090,0,0,0,0,1,198,178,0,0,0,0,0,178
278,1540102900,05-12-2025,10200587,"Vyndo Moong Bajra Bhakhri, Healthy Millet Snacks",Vyndo,8906172900365,"Vyndo Moong Bajra Bhakhri, Healthy Millet Snacks(Box)",Munchies -> Namkeen Snacks -> Namkeen Snacks,Grocery - Snacks & Packaged Foods,Vadodara,Gujarat,24AAFCG9846E1ZH,Vadodara,Gujarat,DELIVERED,19059090,0,0,0,0,1,198,178,0,0,0,0,0,178
279,1538763845,05-12-2025,10200590,"Vyndo Roasted Ragi Bhakhri, Healthy Millet Snacks",Vyndo,8906172900372,"Vyndo Roasted Ragi Bhakhri, Healthy Millet Snacks(Box)",Munchies -> Namkeen Snacks -> Namkeen Snacks,Grocery - Snacks & Packaged Foods,Ahmedabad,Gujarat,24AAFCG9846E1ZH,Ahmedabad,Gujarat,DELIVERED,19059090,0,0,0,0,1,198,178,0,0,0,0,0,178
280,1540225632,05-12-2025,10200590,"Vyndo Roasted Ragi Bhakhri, Healthy Millet Snacks",Vyndo,8906172900372,"Vyndo Roasted Ragi Bhakhri, Healthy Millet Snacks(Box)",Munchies -> Namkeen Snacks -> Namkeen Snacks,Grocery - Snacks & Packaged Foods,Ahmedabad,Gujarat,24AAFCG9846E1ZH,Ahmedabad,Gujarat,DELIVERED,19059090,0,0,0,0,1,198,178,0,0,0,0,0,178
281,1538078156,05-12-2025,10200590,"Vyndo Roasted Ragi Bhakhri, Healthy Millet Snacks",Vyndo,8906172900372,"Vyndo Roasted Ragi Bhakhri, Healthy Millet Snacks(Box)",Munchies -> Namkeen Snacks -> Namkeen Snacks,Grocery - Snacks & Packaged Foods,Delhi,Delhi,07AAFCG9846E2ZC,Delhi,Delhi,DELIVERED,19059090,0,0,0,0,1,198,178,0,0,0,0,0,178
282,1539064138,05-12-2025,10200590,"Vyndo Roasted Ragi Bhakhri, Healthy Millet Snacks",Vyndo,8906172900372,"Vyndo Roasted Ragi Bhakhri, Healthy Millet Snacks(Box)",Munchies -> Namkeen Snacks -> Namkeen Snacks,Grocery - Snacks & Packaged Foods,Delhi,Delhi,07AAFCG9846E2ZC,Delhi,Delhi,DELIVERED,19059090,0,0,0,0,1,198,178,0,0,0,0,0,178
283,1538910223,05-12-2025,10200590,"Vyndo Roasted Ragi Bhakhri, Healthy Millet Snacks",Vyndo,8906172900372,"Vyndo Roasted Ragi Bhakhri, Healthy Millet Snacks(Box)",Munchies -> Namkeen Snacks -> Namkeen Snacks,Grocery - Snacks & Packaged Foods,Bengaluru,Karnataka,29AAFCG9846E1Z7,Bengaluru,Karnataka,DELIVERED,19059090,0,0,0,0,1,198,178,0,0,0,0,0,178
284,1540102900,05-12-2025,10200590,"Vyndo Roasted Ragi Bhakhri, Healthy Millet Snacks",Vyndo,8906172900372,"Vyndo Roasted Ragi Bhakhri, Healthy Millet Snacks(Box)",Munchies -> Namkeen Snacks -> Namkeen Snacks,Grocery - Snacks & Packaged Foods,Vadodara,Gujarat,24AAFCG9846E1ZH,Vadodara,Gujarat,DELIVERED,19059090,0,0,0,0,1,198,178,0,0,0,0,0,178
285,1538700793,05-12-2025,10200590,"Vyndo Roasted Ragi Bhakhri, Healthy Millet Snacks",Vyndo,8906172900372,"Vyndo Roasted Ragi Bhakhri, Healthy Millet Snacks(Box)",Munchies -> Namkeen Snacks -> Namkeen Snacks,Grocery - Snacks & Packaged Foods,Kanpur,Uttar Pradesh,09AAFCG9846E1Z9,Kanpur,Uttar Pradesh,DELIVERED,19059090,0,0,0,0,1,198,178,0,0,0,0,0,178
286,1538548139,05-12-2025,10200590,"Vyndo Roasted Ragi Bhakhri, Healthy Millet Snacks",Vyndo,8906172900372,"Vyndo Roasted Ragi Bhakhri, Healthy Millet Snacks(Box)",Munchies -> Namkeen Snacks -> Namkeen Snacks,Grocery - Snacks & Packaged Foods,Chennai,Tamil Nadu,33AAFCG9846E1ZI,Chennai,Tamil Nadu,DELIVERED,19059090,0,0,0,0,1,198,178,0,0,0,0,0,178
287,1538726799,05-12-2025,10200590,"Vyndo Roasted Ragi Bhakhri, Healthy Millet Snacks",Vyndo,8906172900372,"Vyndo Roasted Ragi Bhakhri, Healthy Millet Snacks(Box)",Munchies -> Namkeen Snacks -> Namkeen Snacks,Grocery - Snacks & Packaged Foods,Delhi,Delhi,07AAFCG9846E2ZC,Delhi,Delhi,DELIVERED,19059090,0,0,0,0,2,198,178,0,0,0,0,0,356
288,1538305795,05-12-2025,10200590,"Vyndo Roasted Ragi Bhakhri, Healthy Millet Snacks",Vyndo,8906172900372,"Vyndo Roasted Ragi Bhakhri, Healthy Millet Snacks(Box)",Munchies -> Namkeen Snacks -> Namkeen Snacks,Grocery - Snacks & Packaged Foods,Mangalore,Karnataka,29AAFCG9846E1Z7,Mangalore,Karnataka,DELIVERED,19059090,0,0,0,0,1,198,178,0,0,0,0,0,178
289,1537946704,05-12-2025,10200590,"Vyndo Roasted Ragi Bhakhri, Healthy Millet Snacks",Vyndo,8906172900372,"Vyndo Roasted Ragi Bhakhri, Healthy Millet Snacks(Box)",Munchies -> Namkeen Snacks -> Namkeen Snacks,Grocery - Snacks & Packaged Foods,Mumbai,Maharashtra,27AAFCG9846E1ZB,Mumbai,Maharashtra,DELIVERED,19059090,0,0,0,0,1,198,178,0,0,0,0,0,178
290,1540565245,05-12-2025,10204795,Vyndo Sattu Khakhra,Vyndo,8906172900198,Vyndo Sattu Khakhra(Packet),Munchies -> Namkeen Snacks -> Namkeen Snacks,Grocery - Snacks & Packaged Foods,Kanpur,Uttar Pradesh,09AAFCG9846E1Z9,Kanpur,Uttar Pradesh,DELIVERED,19059090,0,0,0,0,1,198,178,0,0,0,0,0,178
291,1540308033,05-12-2025,10204795,Vyndo Sattu Khakhra,Vyndo,8906172900198,Vyndo Sattu Khakhra(Packet),Munchies -> Namkeen Snacks -> Namkeen Snacks,Grocery - Snacks & Packaged Foods,Pune,Maharashtra,27AAFCG9846E1ZB,Pune,Maharashtra,DELIVERED,19059090,0,0,0,0,1,198,178,0,0,0,0,0,178
292,1538337450,05-12-2025,10204795,Vyndo Sattu Khakhra,Vyndo,8906172900198,Vyndo Sattu Khakhra(Packet),Munchies -> Namkeen Snacks -> Namkeen Snacks,Grocery - Snacks & Packaged Foods,Kolkata,West Bengal,19AAFCG9846E1Z8,Kolkata,West Bengal,DELIVERED,19059090,0,0,0,0,1,198,178,0,0,0,0,0,178
293,1540100519,05-12-2025,10204795,Vyndo Sattu Khakhra,Vyndo,8906172900198,Vyndo Sattu Khakhra(Packet),Munchies -> Namkeen Snacks -> Namkeen Snacks,Grocery - Snacks & Packaged Foods,Kolkata,West Bengal,19AAFCG9846E1Z8,Kolkata,West Bengal,DELIVERED,19059090,0,0,0,0,1,198,178,0,0,0,0,0,178
294,1538202524,05-12-2025,10204795,Vyndo Sattu Khakhra,Vyndo,8906172900198,Vyndo Sattu Khakhra(Packet),Munchies -> Namkeen Snacks -> Namkeen Snacks,Grocery - Snacks & Packaged Foods,UP-NCR,Uttar Pradesh,09AAFCG9846E1Z9,Ghaziabad,Uttar Pradesh,DELIVERED,19059090,0,0,0,0,1,198,178,0,0,0,0,0,178
295,1539073514,05-12-2025,10204795,Vyndo Sattu Khakhra,Vyndo,8906172900198,Vyndo Sattu Khakhra(Packet),Munchies -> Namkeen Snacks -> Namkeen Snacks,Grocery - Snacks & Packaged Foods,Mumbai,Maharashtra,27AAFCG9846E1ZB,Mumbai,Maharashtra,DELIVERED,19059090,0,0,0,0,1,198,178,0,0,0,0,0,178
296,1538548139,05-12-2025,10204795,Vyndo Sattu Khakhra,Vyndo,8906172900198,Vyndo Sattu Khakhra(Packet),Munchies -> Namkeen Snacks -> Namkeen Snacks,Grocery - Snacks & Packaged Foods,Chennai,Tamil Nadu,33AAFCG9846E1ZI,Chennai,Tamil Nadu,DELIVERED,19059090,0,0,0,0,1,198,178,0,0,0,0,0,178
297,1538418076,05-12-2025,10204795,Vyndo Sattu Khakhra,Vyndo,8906172900198,Vyndo Sattu Khakhra(Packet),Munchies -> Namkeen Snacks -> Namkeen Snacks,Grocery - Snacks & Packaged Foods,UP-NCR,Uttar Pradesh,09AAFCG9846E1Z9,Ghaziabad,Uttar Pradesh,DELIVERED,19059090,0,0,0,0,1,198,178,0,0,0,0,0,178
298,1539276839,05-12-2025,10204798,"Vyndo Chorafali Khakhra, Healthy Millet Snacks",Vyndo,8906172900204,"Vyndo Chorafali Khakhra, Healthy Millet Snacks(Packet)",Munchies -> Namkeen Snacks -> Namkeen Snacks,Grocery - Snacks & Packaged Foods,Mumbai,Maharashtra,27AAFCG9846E1ZB,Mumbai,Maharashtra,DELIVERED,19059090,0,0,0,0,1,198,178,0,0,0,0,0,178
299,1539273463,05-12-2025,10204798,"Vyndo Chorafali Khakhra, Healthy Millet Snacks",Vyndo,8906172900204,"Vyndo Chorafali Khakhra, Healthy Millet Snacks(Packet)",Munchies -> Namkeen Snacks -> Namkeen Snacks,Grocery - Snacks & Packaged Foods,Bengaluru,Karnataka,29AAFCG9846E1Z7,Bengaluru,Karnataka,DELIVERED,19059090,0,0,0,0,1,198,178,0,0,0,0,0,178
300,1540004651,05-12-2025,10204798,"Vyndo Chorafali Khakhra, Healthy Millet Snacks",Vyndo,8906172900204,"Vyndo Chorafali Khakhra, Healthy Millet Snacks(Packet)",Munchies -> Namkeen Snacks -> Namkeen Snacks,Grocery - Snacks & Packaged Foods,Ahmedabad,Gujarat,24AAFCG9846E1ZH,Ahmedabad,Gujarat,DELIVERED,19059090,0,0,0,0,1,198,178,0,0,0,0,0,178
301,1540194704,05-12-2025,10204798,"Vyndo Chorafali Khakhra, Healthy Millet Snacks",Vyndo,8906172900204,"Vyndo Chorafali Khakhra, Healthy Millet Snacks(Packet)",Munchies -> Namkeen Snacks -> Namkeen Snacks,Grocery - Snacks & Packaged Foods,Mumbai,Maharashtra,27AAFCG9846E1ZB,Mumbai,Maharashtra,DELIVERED,19059090,0,0,0,0,1,198,178,0,0,0,0,0,178
302,1538073535,05-12-2025,10204798,"Vyndo Chorafali Khakhra, Healthy Millet Snacks",Vyndo,8906172900204,"Vyndo Chorafali Khakhra, Healthy Millet Snacks(Packet)",Munchies -> Namkeen Snacks -> Namkeen Snacks,Grocery - Snacks & Packaged Foods,Bengaluru,Karnataka,29AAFCG9846E1Z7,Bengaluru,Karnataka,DELIVERED,19059090,0,0,0,0,1,198,178,0,0,0,0,0,178
303,1538927448,05-12-2025,10204798,"Vyndo Chorafali Khakhra, Healthy Millet Snacks",Vyndo,8906172900204,"Vyndo Chorafali Khakhra, Healthy Millet Snacks(Packet)",Munchies -> Namkeen Snacks -> Namkeen Snacks,Grocery - Snacks & Packaged Foods,UP-NCR,Uttar Pradesh,09AAFCG9846E1Z9,Ghaziabad,Uttar Pradesh,DELIVERED,19059090,0,0,0,0,1,198,178,0,0,0,0,0,178
304,1539419466,05-12-2025,10204798,"Vyndo Chorafali Khakhra, Healthy Millet Snacks",Vyndo,8906172900204,"Vyndo Chorafali Khakhra, Healthy Millet Snacks(Packet)",Munchies -> Namkeen Snacks -> Namkeen Snacks,Grocery - Snacks & Packaged Foods,UP-NCR,Uttar Pradesh,09AAFCG9846E1Z9,Ghaziabad,Uttar Pradesh,DELIVERED,19059090,0,0,0,0,1,198,178,0,0,0,0,0,178
305,1538396989,05-12-2025,10204798,"Vyndo Chorafali Khakhra, Healthy Millet Snacks",Vyndo,8906172900204,"Vyndo Chorafali Khakhra, Healthy Millet Snacks(Packet)",Munchies -> Namkeen Snacks -> Namkeen Snacks,Grocery - Snacks & Packaged Foods,Mumbai,Maharashtra,27AAFCG9846E1ZB,Mumbai,Maharashtra,DELIVERED,19059090,0,0,0,0,1,198,178,0,0,0,0,0,178
306,1538548139,05-12-2025,10204798,"Vyndo Chorafali Khakhra, Healthy Millet Snacks",Vyndo,8906172900204,"Vyndo Chorafali Khakhra, Healthy Millet Snacks(Packet)",Munchies -> Namkeen Snacks -> Namkeen Snacks,Grocery - Snacks & Packaged Foods,Chennai,Tamil Nadu,33AAFCG9846E1ZI,Chennai,Tamil Nadu,DELIVERED,19059090,0,0,0,0,1,198,178,0,0,0,0,0,178
307,1540409779,05-12-2025,10204798,"Vyndo Chorafali Khakhra, Healthy Millet Snacks",Vyndo,8906172900204,"Vyndo Chorafali Khakhra, Healthy Millet Snacks(Packet)",Munchies -> Namkeen Snacks -> Namkeen Snacks,Grocery - Snacks & Packaged Foods,Kolkata,West Bengal,19AAFCG9846E1Z8,Kolkata,West Bengal,DELIVERED,19059090,0,0,0,0,1,198,178,0,0,0,0,0,178
308,1539653653,05-12-2025,10204798,"Vyndo Chorafali Khakhra, Healthy Millet Snacks",Vyndo,8906172900204,"Vyndo Chorafali Khakhra, Healthy Millet Snacks(Packet)",Munchies -> Namkeen Snacks -> Namkeen Snacks,Grocery - Snacks & Packaged Foods,Mumbai,Maharashtra,27AAFCG9846E1ZB,Mumbai,Maharashtra,DELIVERED,19059090,0,0,0,0,1,198,178,0,0,0,0,0,178
309,1539291407,05-12-2025,10204798,"Vyndo Chorafali Khakhra, Healthy Millet Snacks",Vyndo,8906172900204,"Vyndo Chorafali Khakhra, Healthy Millet Snacks(Packet)",Munchies -> Namkeen Snacks -> Namkeen Snacks,Grocery - Snacks & Packaged Foods,Bengaluru,Karnataka,29AAFCG9846E1Z7,Bengaluru,Karnataka,DELIVERED,19059090,0,0,0,0,1,198,178,0,0,0,0,0,178
310,1538301999,05-12-2025,10204798,"Vyndo Chorafali Khakhra, Healthy Millet Snacks",Vyndo,8906172900204,"Vyndo Chorafali Khakhra, Healthy Millet Snacks(Packet)",Munchies -> Namkeen Snacks -> Namkeen Snacks,Grocery - Snacks & Packaged Foods,Vadodara,Gujarat,24AAFCG9846E1ZH,Vadodara,Gujarat,DELIVERED,19059090,0,0,0,0,1,198,178,0,0,0,0,0,178
311,1540314459,05-12-2025,10204798,"Vyndo Chorafali Khakhra, Healthy Millet Snacks",Vyndo,8906172900204,"Vyndo Chorafali Khakhra, Healthy Millet Snacks(Packet)",Munchies -> Namkeen Snacks -> Namkeen Snacks,Grocery - Snacks & Packaged Foods,Ahmedabad,Gujarat,24AAFCG9846E1ZH,Ahmedabad,Gujarat,DELIVERED,19059090,0,0,0,0,1,198,178,0,0,0,0,0,178
312,1538072211,05-12-2025,10204798,"Vyndo Chorafali Khakhra, Healthy Millet Snacks",Vyndo,8906172900204,"Vyndo Chorafali Khakhra, Healthy Millet Snacks(Packet)",Munchies -> Namkeen Snacks -> Namkeen Snacks,Grocery - Snacks & Packaged Foods,Mumbai,Maharashtra,27AAFCG9846E1ZB,Mumbai,Maharashtra,DELIVERED,19059090,0,0,0,0,1,198,178,0,0,0,0,0,178
313,1539231519,05-12-2025,10204798,"Vyndo Chorafali Khakhra, Healthy Millet Snacks",Vyndo,8906172900204,"Vyndo Chorafali Khakhra, Healthy Millet Snacks(Packet)",Munchies -> Namkeen Snacks -> Namkeen Snacks,Grocery - Snacks & Packaged Foods,Mumbai,Maharashtra,27AAFCG9846E1ZB,Mumbai,Maharashtra,DELIVERED,19059090,0,0,0,0,1,198,178,0,0,0,0,0,178
314,1538146802,05-12-2025,10204798,"Vyndo Chorafali Khakhra, Healthy Millet Snacks",Vyndo,8906172900204,"Vyndo Chorafali Khakhra, Healthy Millet Snacks(Packet)",Munchies -> Namkeen Snacks -> Namkeen Snacks,Grocery - Snacks & Packaged Foods,Pune,Maharashtra,27AAFCG9846E1ZB,Pune,Maharashtra,DELIVERED,19059090,0,0,0,0,1,198,178,0,0,0,0,0,178
315,1539064138,05-12-2025,10204798,"Vyndo Chorafali Khakhra, Healthy Millet Snacks",Vyndo,8906172900204,"Vyndo Chorafali Khakhra, Healthy Millet Snacks(Packet)",Munchies -> Namkeen Snacks -> Namkeen Snacks,Grocery - Snacks & Packaged Foods,Delhi,Delhi,07AAFCG9846E2ZC,Delhi,Delhi,DELIVERED,19059090,0,0,0,0,1,198,178,0,0,0,0,0,178
316,1538148710,05-12-2025,10204798,"Vyndo Chorafali Khakhra, Healthy Millet Snacks",Vyndo,8906172900204,"Vyndo Chorafali Khakhra, Healthy Millet Snacks(Packet)",Munchies -> Namkeen Snacks -> Namkeen Snacks,Grocery - Snacks & Packaged Foods,Ahmedabad,Gujarat,24AAFCG9846E1ZH,Ahmedabad,Gujarat,DELIVERED,19059090,0,0,0,0,1,198,178,0,0,0,0,0,178
317,1539304493,05-12-2025,10205139,"Vyndo Methi Bajra Khakhra, Healthy Millet Snacks",Vyndo,8906172900235,"Vyndo Methi Bajra Khakhra, Healthy Millet Snacks(Pouch)",Munchies -> Namkeen Snacks -> Namkeen Snacks,Grocery - Snacks & Packaged Foods,Mumbai,Maharashtra,27AAFCG9846E1ZB,Mumbai,Maharashtra,DELIVERED,19059090,0,0,0,0,1,198,178,0,0,0,0,0,178
318,1539105418,05-12-2025,10205139,"Vyndo Methi Bajra Khakhra, Healthy Millet Snacks",Vyndo,8906172900235,"Vyndo Methi Bajra Khakhra, Healthy Millet Snacks(Pouch)",Munchies -> Namkeen Snacks -> Namkeen Snacks,Grocery - Snacks & Packaged Foods,Kolkata,West Bengal,19AAFCG9846E1Z8,Kolkata,West Bengal,DELIVERED,19059090,0,0,0,0,1,198,178,0,0,0,0,0,178
319,1539941921,05-12-2025,10205139,"Vyndo Methi Bajra Khakhra, Healthy Millet Snacks",Vyndo,8906172900235,"Vyndo Methi Bajra Khakhra, Healthy Millet Snacks(Pouch)",Munchies -> Namkeen Snacks -> Namkeen Snacks,Grocery - Snacks & Packaged Foods,Pune,Maharashtra,27AAFCG9846E1ZB,Pune,Maharashtra,DELIVERED,19059090,0,0,0,0,1,198,178,0,0,0,0,0,178
320,1538544710,05-12-2025,10205139,"Vyndo Methi Bajra Khakhra, Healthy Millet Snacks",Vyndo,8906172900235,"Vyndo Methi Bajra Khakhra, Healthy Millet Snacks(Pouch)",Munchies -> Namkeen Snacks -> Namkeen Snacks,Grocery - Snacks & Packaged Foods,UP-NCR,Uttar Pradesh,09AAFCG9846E1Z9,Ghaziabad,Uttar Pradesh,DELIVERED,19059090,0,0,0,0,1,198,178,0,0,0,0,0,178
321,1539073514,05-12-2025,10205139,"Vyndo Methi Bajra Khakhra, Healthy Millet Snacks",Vyndo,8906172900235,"Vyndo Methi Bajra Khakhra, Healthy Millet Snacks(Pouch)",Munchies -> Namkeen Snacks -> Namkeen Snacks,Grocery - Snacks & Packaged Foods,Mumbai,Maharashtra,27AAFCG9846E1ZB,Mumbai,Maharashtra,DELIVERED,19059090,0,0,0,0,1,198,178,0,0,0,0,0,178
322,1540065956,05-12-2025,10205139,"Vyndo Methi Bajra Khakhra, Healthy Millet Snacks",Vyndo,8906172900235,"Vyndo Methi Bajra Khakhra, Healthy Millet Snacks(Pouch)",Munchies -> Namkeen Snacks -> Namkeen Snacks,Grocery - Snacks & Packaged Foods,Mumbai,Maharashtra,27AAFCG9846E1ZB,Mumbai,Maharashtra,DELIVERED,19059090,0,0,0,0,1,198,178,0,0,0,0,0,178
323,1538360841,05-12-2025,10205139,"Vyndo Methi Bajra Khakhra, Healthy Millet Snacks",Vyndo,8906172900235,"Vyndo Methi Bajra Khakhra, Healthy Millet Snacks(Pouch)",Munchies -> Namkeen Snacks -> Namkeen Snacks,Grocery - Snacks & Packaged Foods,Ahmedabad,Gujarat,24AAFCG9846E1ZH,Ahmedabad,Gujarat,DELIVERED,19059090,0,0,0,0,1,198,178,0,0,0,0,0,178
324,1539334268,05-12-2025,10205139,"Vyndo Methi Bajra Khakhra, Healthy Millet Snacks",Vyndo,8906172900235,"Vyndo Methi Bajra Khakhra, Healthy Millet Snacks(Pouch)",Munchies -> Namkeen Snacks -> Namkeen Snacks,Grocery - Snacks & Packaged Foods,UP-NCR,Uttar Pradesh,09AAFCG9846E1Z9,Ghaziabad,Uttar Pradesh,DELIVERED,19059090,0,0,0,0,1,198,178,0,0,0,0,0,178
325,1540227748,05-12-2025,10205139,"Vyndo Methi Bajra Khakhra, Healthy Millet Snacks",Vyndo,8906172900235,"Vyndo Methi Bajra Khakhra, Healthy Millet Snacks(Pouch)",Munchies -> Namkeen Snacks -> Namkeen Snacks,Grocery - Snacks & Packaged Foods,Vellore,Tamil Nadu,33AAFCG9846E1ZI,Vellore,Tamil Nadu,DELIVERED,19059090,0,0,0,0,1,198,178,0,0,0,0,0,178
326,1538835431,05-12-2025,10205139,"Vyndo Methi Bajra Khakhra, Healthy Millet Snacks",Vyndo,8906172900235,"Vyndo Methi Bajra Khakhra, Healthy Millet Snacks(Pouch)",Munchies -> Namkeen Snacks -> Namkeen Snacks,Grocery - Snacks & Packaged Foods,Mumbai,Maharashtra,27AAFCG9846E1ZB,Mumbai,Maharashtra,DELIVERED,19059090,0,0,0,0,1,198,178,0,0,0,0,0,178
327,1540565245,05-12-2025,10205139,"Vyndo Methi Bajra Khakhra, Healthy Millet Snacks",Vyndo,8906172900235,"Vyndo Methi Bajra Khakhra, Healthy Millet Snacks(Pouch)",Munchies -> Namkeen Snacks -> Namkeen Snacks,Grocery - Snacks & Packaged Foods,Kanpur,Uttar Pradesh,09AAFCG9846E1Z9,Kanpur,Uttar Pradesh,DELIVERED,19059090,0,0,0,0,1,198,178,0,0,0,0,0,178
328,1538010295,05-12-2025,10235934,Vyndo Baked Peri Peri Soya Sticks,Vyndo,8906172900396,Vyndo Baked Peri Peri Soya Sticks / Soya Chalks(Pouch),Munchies -> Namkeen Snacks -> Namkeen Snacks,Grocery - Snacks & Packaged Foods,Mumbai,Maharashtra,27AAFCG9846E1ZB,Mumbai,Maharashtra,DELIVERED,19042000,0,2.5,2.5,0,1,140,120,0,2.86,2.86,0,2.86,120
329,1539254386,05-12-2025,10267273,Vyndo Assorted Khakhra & Bhakhri,Vyndo,8906172900501,Vyndo Assorted Khakhra & Bhakhri(Packet),Organic & Premium -> Snacks & Munchies -> Snacks & Munchies,Grocery - Snacks & Packaged Foods,Mumbai,Maharashtra,27AAFCG9846E1ZB,Mumbai,Maharashtra,DELIVERED,19059090,0,0,0,0,1,160,144,0,0,0,0,0,144
330,1538396990,05-12-2025,10267273,Vyndo Assorted Khakhra & Bhakhri,Vyndo,8906172900501,Vyndo Assorted Khakhra & Bhakhri(Packet),Organic & Premium -> Snacks & Munchies -> Snacks & Munchies,Grocery - Snacks & Packaged Foods,Mumbai,Maharashtra,27AAFCG9846E1ZB,Mumbai,Maharashtra,DELIVERED,19059090,0,0,0,0,1,160,144,0,0,0,0,0,144
331,1540289828,05-12-2025,10267273,Vyndo Assorted Khakhra & Bhakhri,Vyndo,8906172900501,Vyndo Assorted Khakhra & Bhakhri(Packet),Organic & Premium -> Snacks & Munchies -> Snacks & Munchies,Grocery - Snacks & Packaged Foods,Mumbai,Maharashtra,27AAFCG9846E1ZB,Mumbai,Maharashtra,DELIVERED,19059090,0,0,0,0,1,160,144,0,0,0,0,0,144
332,1541083063,06-12-2025,10196943,"Vyndo Masala Ragi Bhakhri, Healthy Millet Snacks",Vyndo,8906172900495,"Vyndo Masala Ragi Bhakhri, Healthy Millet Snacks(Pack)",Munchies -> Namkeen Snacks -> Namkeen Snacks,Grocery - Snacks & Packaged Foods,Chennai,Tamil Nadu,33AAFCG9846E1ZI,Chennai,Tamil Nadu,DELIVERED,19059090,0,0,0,0,1,198,178,0,0,0,0,0,178
333,1542956224,06-12-2025,10196943,"Vyndo Masala Ragi Bhakhri, Healthy Millet Snacks",Vyndo,8906172900495,"Vyndo Masala Ragi Bhakhri, Healthy Millet Snacks(Pack)",Munchies -> Namkeen Snacks -> Namkeen Snacks,Grocery - Snacks & Packaged Foods,Haldwani,Uttarakhand,05AAFCG9846E1ZH,Haldwani,Uttarakhand,DELIVERED,19059090,0,0,0,0,1,198,178,0,0,0,0,0,178
334,1541639270,06-12-2025,10197316,Vyndo Farali Millet Bhakhri Fasting Energy Snacks,Vyndo,8906172900358,Vyndo Farali Millet Bhakhri Fasting Energy Snacks,Organic & Premium -> Snacks & Munchies -> Snacks & Munchies,Grocery - Snacks & Packaged Foods,Pune,Maharashtra,27AAFCG9846E1ZB,Pune,Maharashtra,DELIVERED,19059090,0,0,0,0,1,198,178,0,0,0,0,0,178
335,1543091378,06-12-2025,10197316,Vyndo Farali Millet Bhakhri Fasting Energy Snacks,Vyndo,8906172900358,Vyndo Farali Millet Bhakhri Fasting Energy Snacks,Organic & Premium -> Snacks & Munchies -> Snacks & Munchies,Grocery - Snacks & Packaged Foods,Delhi,Delhi,07AAFCG9846E2ZC,Delhi,Delhi,DELIVERED,19059090,0,0,0,0,1,198,178,0,0,0,0,0,178
336,1540738820,06-12-2025,10197316,Vyndo Farali Millet Bhakhri Fasting Energy Snacks,Vyndo,8906172900358,Vyndo Farali Millet Bhakhri Fasting Energy Snacks,Organic & Premium -> Snacks & Munchies -> Snacks & Munchies,Grocery - Snacks & Packaged Foods,Mumbai,Maharashtra,27AAFCG9846E1ZB,Mumbai,Maharashtra,DELIVERED,19059090,0,0,0,0,1,198,178,0,0,0,0,0,178
337,1541553556,06-12-2025,10197316,Vyndo Farali Millet Bhakhri Fasting Energy Snacks,Vyndo,8906172900358,Vyndo Farali Millet Bhakhri Fasting Energy Snacks,Organic & Premium -> Snacks & Munchies -> Snacks & Munchies,Grocery - Snacks & Packaged Foods,Delhi,Delhi,07AAFCG9846E2ZC,Delhi,Delhi,DELIVERED,19059090,0,0,0,0,1,198,178,0,0,0,0,0,178
338,1543133028,06-12-2025,10197316,Vyndo Farali Millet Bhakhri Fasting Energy Snacks,Vyndo,8906172900358,Vyndo Farali Millet Bhakhri Fasting Energy Snacks,Organic & Premium -> Snacks & Munchies -> Snacks & Munchies,Grocery - Snacks & Packaged Foods,Mumbai,Maharashtra,27AAFCG9846E1ZB,Mumbai,Maharashtra,DELIVERED,19059090,0,0,0,0,1,198,178,0,0,0,0,0,178
339,1540751144,06-12-2025,10197316,Vyndo Farali Millet Bhakhri Fasting Energy Snacks,Vyndo,8906172900358,Vyndo Farali Millet Bhakhri Fasting Energy Snacks,Organic & Premium -> Snacks & Munchies -> Snacks & Munchies,Grocery - Snacks & Packaged Foods,UP-NCR,Uttar Pradesh,09AAFCG9846E1Z9,Ghaziabad,Uttar Pradesh,DELIVERED,19059090,0,0,0,0,1,198,178,0,0,0,0,0,178
340,1543107706,06-12-2025,10197316,Vyndo Farali Millet Bhakhri Fasting Energy Snacks,Vyndo,8906172900358,Vyndo Farali Millet Bhakhri Fasting Energy Snacks,Organic & Premium -> Snacks & Munchies -> Snacks & Munchies,Grocery - Snacks & Packaged Foods,Kanpur,Uttar Pradesh,09AAFCG9846E1Z9,Kanpur,Uttar Pradesh,DELIVERED,19059090,0,0,0,0,1,198,178,0,0,0,0,0,178
341,1542549171,06-12-2025,10197316,Vyndo Farali Millet Bhakhri Fasting Energy Snacks,Vyndo,8906172900358,Vyndo Farali Millet Bhakhri Fasting Energy Snacks,Organic & Premium -> Snacks & Munchies -> Snacks & Munchies,Grocery - Snacks & Packaged Foods,Mumbai,Maharashtra,27AAFCG9846E1ZB,Mumbai,Maharashtra,DELIVERED,19059090,0,0,0,0,2,198,178,0,0,0,0,0,356
342,1540971796,06-12-2025,10197316,Vyndo Farali Millet Bhakhri Fasting Energy Snacks,Vyndo,8906172900358,Vyndo Farali Millet Bhakhri Fasting Energy Snacks,Organic & Premium -> Snacks & Munchies -> Snacks & Munchies,Grocery - Snacks & Packaged Foods,Pune,Maharashtra,27AAFCG9846E1ZB,Pune,Maharashtra,DELIVERED,19059090,0,0,0,0,1,198,178,0,0,0,0,0,178
343,1541257481,06-12-2025,10197316,Vyndo Farali Millet Bhakhri Fasting Energy Snacks,Vyndo,8906172900358,Vyndo Farali Millet Bhakhri Fasting Energy Snacks,Organic & Premium -> Snacks & Munchies -> Snacks & Munchies,Grocery - Snacks & Packaged Foods,UP-NCR,Uttar Pradesh,09AAFCG9846E1Z9,Ghaziabad,Uttar Pradesh,DELIVERED,19059090,0,0,0,0,1,198,178,0,0,0,0,0,178
344,1543228810,06-12-2025,10197316,Vyndo Farali Millet Bhakhri Fasting Energy Snacks,Vyndo,8906172900358,Vyndo Farali Millet Bhakhri Fasting Energy Snacks,Organic & Premium -> Snacks & Munchies -> Snacks & Munchies,Grocery - Snacks & Packaged Foods,Pune,Maharashtra,27AAFCG9846E1ZB,Pune,Maharashtra,DELIVERED,19059090,0,0,0,0,1,198,178,0,0,0,0,0,178
345,1543446131,06-12-2025,10197316,Vyndo Farali Millet Bhakhri Fasting Energy Snacks,Vyndo,8906172900358,Vyndo Farali Millet Bhakhri Fasting Energy Snacks,Organic & Premium -> Snacks & Munchies -> Snacks & Munchies,Grocery - Snacks & Packaged Foods,Mumbai,Maharashtra,27AAFCG9846E1ZB,Mumbai,Maharashtra,DELIVERED,19059090,0,0,0,0,1,198,178,0,0,0,0,0,178
346,1542083446,06-12-2025,10200587,"Vyndo Moong Bajra Bhakhri, Healthy Millet Snacks",Vyndo,8906172900365,"Vyndo Moong Bajra Bhakhri, Healthy Millet Snacks(Box)",Munchies -> Namkeen Snacks -> Namkeen Snacks,Grocery - Snacks & Packaged Foods,Anand,Gujarat,24AAFCG9846E1ZH,Anand,Gujarat,DELIVERED,19059090,0,0,0,0,1,198,178,0,0,0,0,0,178
347,1543270941,06-12-2025,10200587,"Vyndo Moong Bajra Bhakhri, Healthy Millet Snacks",Vyndo,8906172900365,"Vyndo Moong Bajra Bhakhri, Healthy Millet Snacks(Box)",Munchies -> Namkeen Snacks -> Namkeen Snacks,Grocery - Snacks & Packaged Foods,Bengaluru,Karnataka,29AAFCG9846E1Z7,Bengaluru,Karnataka,DELIVERED,19059090,0,0,0,0,1,198,178,0,0,0,0,0,178
348,1541454477,06-12-2025,10200587,"Vyndo Moong Bajra Bhakhri, Healthy Millet Snacks",Vyndo,8906172900365,"Vyndo Moong Bajra Bhakhri, Healthy Millet Snacks(Box)",Munchies -> Namkeen Snacks -> Namkeen Snacks,Grocery - Snacks & Packaged Foods,Bengaluru,Karnataka,29AAFCG9846E1Z7,Bengaluru,Karnataka,DELIVERED,19059090,0,0,0,0,1,198,178,0,0,0,0,0,178
349,1542267981,06-12-2025,10200587,"Vyndo Moong Bajra Bhakhri, Healthy Millet Snacks",Vyndo,8906172900365,"Vyndo Moong Bajra Bhakhri, Healthy Millet Snacks(Box)",Munchies -> Namkeen Snacks -> Namkeen Snacks,Grocery - Snacks & Packaged Foods,Bengaluru,Karnataka,29AAFCG9846E1Z7,Bengaluru,Karnataka,DELIVERED,19059090,0,0,0,0,1,198,178,0,0,0,0,0,178
350,1543182132,06-12-2025,10200587,"Vyndo Moong Bajra Bhakhri, Healthy Millet Snacks",Vyndo,8906172900365,"Vyndo Moong Bajra Bhakhri, Healthy Millet Snacks(Box)",Munchies -> Namkeen Snacks -> Namkeen Snacks,Grocery - Snacks & Packaged Foods,Mumbai,Maharashtra,27AAFCG9846E1ZB,Mumbai,Maharashtra,DELIVERED,19059090,0,0,0,0,1,198,178,0,0,0,0,0,178
351,1542298944,06-12-2025,10200587,"Vyndo Moong Bajra Bhakhri, Healthy Millet Snacks",Vyndo,8906172900365,"Vyndo Moong Bajra Bhakhri, Healthy Millet Snacks(Box)",Munchies -> Namkeen Snacks -> Namkeen Snacks,Grocery - Snacks & Packaged Foods,Bengaluru,Karnataka,29AAFCG9846E1Z7,Bengaluru,Karnataka,DELIVERED,19059090,0,0,0,0,1,198,178,0,0,0,0,0,178
352,1541990527,06-12-2025,10200587,"Vyndo Moong Bajra Bhakhri, Healthy Millet Snacks",Vyndo,8906172900365,"Vyndo Moong Bajra Bhakhri, Healthy Millet Snacks(Box)",Munchies -> Namkeen Snacks -> Namkeen Snacks,Grocery - Snacks & Packaged Foods,Ahmedabad,Gujarat,24AAFCG9846E1ZH,Ahmedabad,Gujarat,DELIVERED,19059090,0,0,0,0,1,198,178,0,0,0,0,0,178
353,1543270941,06-12-2025,10200590,"Vyndo Roasted Ragi Bhakhri, Healthy Millet Snacks",Vyndo,8906172900372,"Vyndo Roasted Ragi Bhakhri, Healthy Millet Snacks(Box)",Munchies -> Namkeen Snacks -> Namkeen Snacks,Grocery - Snacks & Packaged Foods,Bengaluru,Karnataka,29AAFCG9846E1Z7,Bengaluru,Karnataka,DELIVERED,19059090,0,0,0,0,1,198,178,0,0,0,0,0,178
354,1541257481,06-12-2025,10200590,"Vyndo Roasted Ragi Bhakhri, Healthy Millet Snacks",Vyndo,8906172900372,"Vyndo Roasted Ragi Bhakhri, Healthy Millet Snacks(Box)",Munchies -> Namkeen Snacks -> Namkeen Snacks,Grocery - Snacks & Packaged Foods,UP-NCR,Uttar Pradesh,09AAFCG9846E1Z9,Ghaziabad,Uttar Pradesh,DELIVERED,19059090,0,0,0,0,2,198,178,0,0,0,0,0,356
355,1542521307,06-12-2025,10200590,"Vyndo Roasted Ragi Bhakhri, Healthy Millet Snacks",Vyndo,8906172900372,"Vyndo Roasted Ragi Bhakhri, Healthy Millet Snacks(Box)",Munchies -> Namkeen Snacks -> Namkeen Snacks,Grocery - Snacks & Packaged Foods,Kolkata,West Bengal,19AAFCG9846E1Z8,Kolkata,West Bengal,DELIVERED,19059090,0,0,0,0,1,198,178,0,0,0,0,0,178
356,1541327300,06-12-2025,10200590,"Vyndo Roasted Ragi Bhakhri, Healthy Millet Snacks",Vyndo,8906172900372,"Vyndo Roasted Ragi Bhakhri, Healthy Millet Snacks(Box)",Munchies -> Namkeen Snacks -> Namkeen Snacks,Grocery - Snacks & Packaged Foods,UP-NCR,Uttar Pradesh,09AAFCG9846E1Z9,Ghaziabad,Uttar Pradesh,DELIVERED,19059090,0,0,0,0,1,198,178,0,0,0,0,0,178
357,1541796046,06-12-2025,10200590,"Vyndo Roasted Ragi Bhakhri, Healthy Millet Snacks",Vyndo,8906172900372,"Vyndo Roasted Ragi Bhakhri, Healthy Millet Snacks(Box)",Munchies -> Namkeen Snacks -> Namkeen Snacks,Grocery - Snacks & Packaged Foods,Pune,Maharashtra,27AAFCG9846E1ZB,Pune,Maharashtra,DELIVERED,19059090,0,0,0,0,1,198,178,0,0,0,0,0,178
358,1542174805,06-12-2025,10200590,"Vyndo Roasted Ragi Bhakhri, Healthy Millet Snacks",Vyndo,8906172900372,"Vyndo Roasted Ragi Bhakhri, Healthy Millet Snacks(Box)",Munchies -> Namkeen Snacks -> Namkeen Snacks,Grocery - Snacks & Packaged Foods,Lucknow,Uttar Pradesh,09AAFCG9846E1Z9,Lucknow,Uttar Pradesh,DELIVERED,19059090,0,0,0,0,1,198,178,0,0,0,0,0,178
359,1541434426,06-12-2025,10200590,"Vyndo Roasted Ragi Bhakhri, Healthy Millet Snacks",Vyndo,8906172900372,"Vyndo Roasted Ragi Bhakhri, Healthy Millet Snacks(Box)",Munchies -> Namkeen Snacks -> Namkeen Snacks,Grocery - Snacks & Packaged Foods,Bengaluru,Karnataka,29AAFCG9846E1Z7,Bengaluru,Karnataka,DELIVERED,19059090,0,0,0,0,1,198,178,0,0,0,0,0,178
360,1542267981,06-12-2025,10200590,"Vyndo Roasted Ragi Bhakhri, Healthy Millet Snacks",Vyndo,8906172900372,"Vyndo Roasted Ragi Bhakhri, Healthy Millet Snacks(Box)",Munchies -> Namkeen Snacks -> Namkeen Snacks,Grocery - Snacks & Packaged Foods,Bengaluru,Karnataka,29AAFCG9846E1Z7,Bengaluru,Karnataka,DELIVERED,19059090,0,0,0,0,1,198,178,0,0,0,0,0,178
361,1541639270,06-12-2025,10200590,"Vyndo Roasted Ragi Bhakhri, Healthy Millet Snacks",Vyndo,8906172900372,"Vyndo Roasted Ragi Bhakhri, Healthy Millet Snacks(Box)",Munchies -> Namkeen Snacks -> Namkeen Snacks,Grocery - Snacks & Packaged Foods,Pune,Maharashtra,27AAFCG9846E1ZB,Pune,Maharashtra,DELIVERED,19059090,0,0,0,0,1,198,178,0,0,0,0,0,178
362,1540819427,06-12-2025,10200590,"Vyndo Roasted Ragi Bhakhri, Healthy Millet Snacks",Vyndo,8906172900372,"Vyndo Roasted Ragi Bhakhri, Healthy Millet Snacks(Box)",Munchies -> Namkeen Snacks -> Namkeen Snacks,Grocery - Snacks & Packaged Foods,Ahmedabad,Gujarat,24AAFCG9846E1ZH,Ahmedabad,Gujarat,DELIVERED,19059090,0,0,0,0,1,198,178,0,0,0,0,0,178
363,1540751144,06-12-2025,10200590,"Vyndo Roasted Ragi Bhakhri, Healthy Millet Snacks",Vyndo,8906172900372,"Vyndo Roasted Ragi Bhakhri, Healthy Millet Snacks(Box)",Munchies -> Namkeen Snacks -> Namkeen Snacks,Grocery - Snacks & Packaged Foods,UP-NCR,Uttar Pradesh,09AAFCG9846E1Z9,Ghaziabad,Uttar Pradesh,DELIVERED,19059090,0,0,0,0,1,198,178,0,0,0,0,0,178
364,1543419523,06-12-2025,10200590,"Vyndo Roasted Ragi Bhakhri, Healthy Millet Snacks",Vyndo,8906172900372,"Vyndo Roasted Ragi Bhakhri, Healthy Millet Snacks(Box)",Munchies -> Namkeen Snacks -> Namkeen Snacks,Grocery - Snacks & Packaged Foods,Delhi,Delhi,07AAFCG9846E2ZC,Delhi,Delhi,DELIVERED,19059090,0,0,0,0,1,198,178,0,0,0,0,0,178
365,1543426451,06-12-2025,10200590,"Vyndo Roasted Ragi Bhakhri, Healthy Millet Snacks",Vyndo,8906172900372,"Vyndo Roasted Ragi Bhakhri, Healthy Millet Snacks(Box)",Munchies -> Namkeen Snacks -> Namkeen Snacks,Grocery - Snacks & Packaged Foods,Delhi,Delhi,07AAFCG9846E2ZC,Delhi,Delhi,DELIVERED,19059090,0,0,0,0,1,198,178,0,0,0,0,0,178
366,1542112787,06-12-2025,10200590,"Vyndo Roasted Ragi Bhakhri, Healthy Millet Snacks",Vyndo,8906172900372,"Vyndo Roasted Ragi Bhakhri, Healthy Millet Snacks(Box)",Munchies -> Namkeen Snacks -> Namkeen Snacks,Grocery - Snacks & Packaged Foods,Mumbai,Maharashtra,27AAFCG9846E1ZB,Mumbai,Maharashtra,DELIVERED,19059090,0,0,0,0,1,198,178,0,0,0,0,0,178
367,1541257708,06-12-2025,10200590,"Vyndo Roasted Ragi Bhakhri, Healthy Millet Snacks",Vyndo,8906172900372,"Vyndo Roasted Ragi Bhakhri, Healthy Millet Snacks(Box)",Munchies -> Namkeen Snacks -> Namkeen Snacks,Grocery - Snacks & Packaged Foods,Kolkata,West Bengal,19AAFCG9846E1Z8,Kolkata,West Bengal,DELIVERED,19059090,0,0,0,0,1,198,178,0,0,0,0,0,178
368,1542859761,06-12-2025,10204795,Vyndo Sattu Khakhra,Vyndo,8906172900198,Vyndo Sattu Khakhra(Packet),Munchies -> Namkeen Snacks -> Namkeen Snacks,Grocery - Snacks & Packaged Foods,Faridabad,Haryana,06AAFCG9846E1ZF,Faridabad,Haryana,DELIVERED,19059090,0,0,0,0,1,198,178,0,0,0,0,0,178
369,1542749045,06-12-2025,10204795,Vyndo Sattu Khakhra,Vyndo,8906172900198,Vyndo Sattu Khakhra(Packet),Munchies -> Namkeen Snacks -> Namkeen Snacks,Grocery - Snacks & Packaged Foods,Kanpur,Uttar Pradesh,09AAFCG9846E1Z9,Kanpur,Uttar Pradesh,DELIVERED,19059090,0,0,0,0,1,198,178,0,0,0,0,0,178
370,1541655697,06-12-2025,10204795,Vyndo Sattu Khakhra,Vyndo,8906172900198,Vyndo Sattu Khakhra(Packet),Munchies -> Namkeen Snacks -> Namkeen Snacks,Grocery - Snacks & Packaged Foods,Mumbai,Maharashtra,27AAFCG9846E1ZB,Mumbai,Maharashtra,DELIVERED,19059090,0,0,0,0,1,198,178,0,0,0,0,0,178
371,1543163773,06-12-2025,10204795,Vyndo Sattu Khakhra,Vyndo,8906172900198,Vyndo Sattu Khakhra(Packet),Munchies -> Namkeen Snacks -> Namkeen Snacks,Grocery - Snacks & Packaged Foods,Pune,Maharashtra,27AAFCG9846E1ZB,Pune,Maharashtra,DELIVERED,19059090,0,0,0,0,1,198,178,0,0,0,0,0,178
372,1542030376,06-12-2025,10204795,Vyndo Sattu Khakhra,Vyndo,8906172900198,Vyndo Sattu Khakhra(Packet),Munchies -> Namkeen Snacks -> Namkeen Snacks,Grocery - Snacks & Packaged Foods,Mumbai,Maharashtra,27AAFCG9846E1ZB,Mumbai,Maharashtra,DELIVERED,19059090,0,0,0,0,1,198,178,0,0,0,0,0,178
373,1542288990,06-12-2025,10204795,Vyndo Sattu Khakhra,Vyndo,8906172900198,Vyndo Sattu Khakhra(Packet),Munchies -> Namkeen Snacks -> Namkeen Snacks,Grocery - Snacks & Packaged Foods,Mumbai,Maharashtra,27AAFCG9846E1ZB,Mumbai,Maharashtra,DELIVERED,19059090,0,0,0,0,1,198,178,0,0,0,0,0,178
374,1540722960,06-12-2025,10204798,"Vyndo Chorafali Khakhra, Healthy Millet Snacks",Vyndo,8906172900204,"Vyndo Chorafali Khakhra, Healthy Millet Snacks(Packet)",Munchies -> Namkeen Snacks -> Namkeen Snacks,Grocery - Snacks & Packaged Foods,Haldwani,Uttarakhand,05AAFCG9846E1ZH,Haldwani,Uttarakhand,DELIVERED,19059090,0,0,0,0,1,198,178,0,0,0,0,0,178
375,1541027333,06-12-2025,10204798,"Vyndo Chorafali Khakhra, Healthy Millet Snacks",Vyndo,8906172900204,"Vyndo Chorafali Khakhra, Healthy Millet Snacks(Packet)",Munchies -> Namkeen Snacks -> Namkeen Snacks,Grocery - Snacks & Packaged Foods,Mumbai,Maharashtra,27AAFCG9846E1ZB,Mumbai,Maharashtra,DELIVERED,19059090,0,0,0,0,1,198,178,0,0,0,0,0,178
376,1542099778,06-12-2025,10204798,"Vyndo Chorafali Khakhra, Healthy Millet Snacks",Vyndo,8906172900204,"Vyndo Chorafali Khakhra, Healthy Millet Snacks(Packet)",Munchies -> Namkeen Snacks -> Namkeen Snacks,Grocery - Snacks & Packaged Foods,UP-NCR,Uttar Pradesh,09AAFCG9846E1Z9,Ghaziabad,Uttar Pradesh,DELIVERED,19059090,0,0,0,0,1,198,178,0,0,0,0,0,178
377,1541159656,06-12-2025,10204798,"Vyndo Chorafali Khakhra, Healthy Millet Snacks",Vyndo,8906172900204,"Vyndo Chorafali Khakhra, Healthy Millet Snacks(Packet)",Munchies -> Namkeen Snacks -> Namkeen Snacks,Grocery - Snacks & Packaged Foods,Goa,Goa,30AAFCG9846E1ZO,Goa,Goa,DELIVERED,19059090,0,0,0,0,1,198,178,0,0,0,0,0,178
378,1540725074,06-12-2025,10204798,"Vyndo Chorafali Khakhra, Healthy Millet Snacks",Vyndo,8906172900204,"Vyndo Chorafali Khakhra, Healthy Millet Snacks(Packet)",Munchies -> Namkeen Snacks -> Namkeen Snacks,Grocery - Snacks & Packaged Foods,Ahmedabad,Gujarat,24AAFCG9846E1ZH,Ahmedabad,Gujarat,DELIVERED,19059090,0,0,0,0,1,198,178,0,0,0,0,0,178
379,1541712452,06-12-2025,10204798,"Vyndo Chorafali Khakhra, Healthy Millet Snacks",Vyndo,8906172900204,"Vyndo Chorafali Khakhra, Healthy Millet Snacks(Packet)",Munchies -> Namkeen Snacks -> Namkeen Snacks,Grocery - Snacks & Packaged Foods,Chennai,Tamil Nadu,33AAFCG9846E1ZI,Chennai,Tamil Nadu,DELIVERED,19059090,0,0,0,0,1,198,178,0,0,0,0,0,178
380,1541441864,06-12-2025,10204798,"Vyndo Chorafali Khakhra, Healthy Millet Snacks",Vyndo,8906172900204,"Vyndo Chorafali Khakhra, Healthy Millet Snacks(Packet)",Munchies -> Namkeen Snacks -> Namkeen Snacks,Grocery - Snacks & Packaged Foods,Delhi,Delhi,07AAFCG9846E2ZC,Delhi,Delhi,DELIVERED,19059090,0,0,0,0,1,198,178,0,0,0,0,0,178
381,1540986281,06-12-2025,10204798,"Vyndo Chorafali Khakhra, Healthy Millet Snacks",Vyndo,8906172900204,"Vyndo Chorafali Khakhra, Healthy Millet Snacks(Packet)",Munchies -> Namkeen Snacks -> Namkeen Snacks,Grocery - Snacks & Packaged Foods,UP-NCR,Uttar Pradesh,09AAFCG9846E1Z9,Ghaziabad,Uttar Pradesh,DELIVERED,19059090,0,0,0,0,1,198,178,0,0,0,0,0,178
382,1542763822,06-12-2025,10204798,"Vyndo Chorafali Khakhra, Healthy Millet Snacks",Vyndo,8906172900204,"Vyndo Chorafali Khakhra, Healthy Millet Snacks(Packet)",Munchies -> Namkeen Snacks -> Namkeen Snacks,Grocery - Snacks & Packaged Foods,Mumbai,Maharashtra,27AAFCG9846E1ZB,Mumbai,Maharashtra,DELIVERED,19059090,0,0,0,0,1,198,178,0,0,0,0,0,178
383,1543133028,06-12-2025,10204798,"Vyndo Chorafali Khakhra, Healthy Millet Snacks",Vyndo,8906172900204,"Vyndo Chorafali Khakhra, Healthy Millet Snacks(Packet)",Munchies -> Namkeen Snacks -> Namkeen Snacks,Grocery - Snacks & Packaged Foods,Mumbai,Maharashtra,27AAFCG9846E1ZB,Mumbai,Maharashtra,DELIVERED,19059090,0,0,0,0,1,198,178,0,0,0,0,0,178
384,1543280663,06-12-2025,10204798,"Vyndo Chorafali Khakhra, Healthy Millet Snacks",Vyndo,8906172900204,"Vyndo Chorafali Khakhra, Healthy Millet Snacks(Packet)",Munchies -> Namkeen Snacks -> Namkeen Snacks,Grocery - Snacks & Packaged Foods,Ahmedabad,Gujarat,24AAFCG9846E1ZH,Ahmedabad,Gujarat,DELIVERED,19059090,0,0,0,0,1,198,178,0,0,0,0,0,178
385,1541068984,06-12-2025,10204798,"Vyndo Chorafali Khakhra, Healthy Millet Snacks",Vyndo,8906172900204,"Vyndo Chorafali Khakhra, Healthy Millet Snacks(Packet)",Munchies -> Namkeen Snacks -> Namkeen Snacks,Grocery - Snacks & Packaged Foods,Ahmedabad,Gujarat,24AAFCG9846E1ZH,Ahmedabad,Gujarat,DELIVERED,19059090,0,0,0,0,1,198,178,0,0,0,0,0,178
386,1540871359,06-12-2025,10204798,"Vyndo Chorafali Khakhra, Healthy Millet Snacks",Vyndo,8906172900204,"Vyndo Chorafali Khakhra, Healthy Millet Snacks(Packet)",Munchies -> Namkeen Snacks -> Namkeen Snacks,Grocery - Snacks & Packaged Foods,Mumbai,Maharashtra,27AAFCG9846E1ZB,Mumbai,Maharashtra,DELIVERED,19059090,0,0,0,0,1,198,178,0,0,0,0,0,178
387,1541606793,06-12-2025,10204798,"Vyndo Chorafali Khakhra, Healthy Millet Snacks",Vyndo,8906172900204,"Vyndo Chorafali Khakhra, Healthy Millet Snacks(Packet)",Munchies -> Namkeen Snacks -> Namkeen Snacks,Grocery - Snacks & Packaged Foods,Pune,Maharashtra,27AAFCG9846E1ZB,Pune,Maharashtra,DELIVERED,19059090,0,0,0,0,1,198,178,0,0,0,0,0,178
388,1541171491,06-12-2025,10204798,"Vyndo Chorafali Khakhra, Healthy Millet Snacks",Vyndo,8906172900204,"Vyndo Chorafali Khakhra, Healthy Millet Snacks(Packet)",Munchies -> Namkeen Snacks -> Namkeen Snacks,Grocery - Snacks & Packaged Foods,Pune,Maharashtra,27AAFCG9846E1ZB,Pune,Maharashtra,DELIVERED,19059090,0,0,0,0,1,198,178,0,0,0,0,0,178
389,1543349287,06-12-2025,10204798,"Vyndo Chorafali Khakhra, Healthy Millet Snacks",Vyndo,8906172900204,"Vyndo Chorafali Khakhra, Healthy Millet Snacks(Packet)",Munchies -> Namkeen Snacks -> Namkeen Snacks,Grocery - Snacks & Packaged Foods,Mumbai,Maharashtra,27AAFCG9846E1ZB,Mumbai,Maharashtra,DELIVERED,19059090,0,0,0,0,1,198,178,0,0,0,0,0,178
390,1541583844,06-12-2025,10204798,"Vyndo Chorafali Khakhra, Healthy Millet Snacks",Vyndo,8906172900204,"Vyndo Chorafali Khakhra, Healthy Millet Snacks(Packet)",Munchies -> Namkeen Snacks -> Namkeen Snacks,Grocery - Snacks & Packaged Foods,UP-NCR,Uttar Pradesh,09AAFCG9846E1Z9,Ghaziabad,Uttar Pradesh,DELIVERED,19059090,0,0,0,0,1,198,178,0,0,0,0,0,178
391,1541180788,06-12-2025,10204798,"Vyndo Chorafali Khakhra, Healthy Millet Snacks",Vyndo,8906172900204,"Vyndo Chorafali Khakhra, Healthy Millet Snacks(Packet)",Munchies -> Namkeen Snacks -> Namkeen Snacks,Grocery - Snacks & Packaged Foods,Vadodara,Gujarat,24AAFCG9846E1ZH,Vadodara,Gujarat,DELIVERED,19059090,0,0,0,0,1,198,178,0,0,0,0,0,178
392,1541257481,06-12-2025,10205139,"Vyndo Methi Bajra Khakhra, Healthy Millet Snacks",Vyndo,8906172900235,"Vyndo Methi Bajra Khakhra, Healthy Millet Snacks(Pouch)",Munchies -> Namkeen Snacks -> Namkeen Snacks,Grocery - Snacks & Packaged Foods,UP-NCR,Uttar Pradesh,09AAFCG9846E1Z9,Ghaziabad,Uttar Pradesh,DELIVERED,19059090,0,0,0,0,1,198,178,0,0,0,0,0,178
393,1542147641,06-12-2025,10205139,"Vyndo Methi Bajra Khakhra, Healthy Millet Snacks",Vyndo,8906172900235,"Vyndo Methi Bajra Khakhra, Healthy Millet Snacks(Pouch)",Munchies -> Namkeen Snacks -> Namkeen Snacks,Grocery - Snacks & Packaged Foods,Jhansi,Uttar Pradesh,09AAFCG9846E1Z9,Jhansi,Uttar Pradesh,DELIVERED,19059090,0,0,0,0,1,198,178,0,0,0,0,0,178
394,1542322524,06-12-2025,10205139,"Vyndo Methi Bajra Khakhra, Healthy Millet Snacks",Vyndo,8906172900235,"Vyndo Methi Bajra Khakhra, Healthy Millet Snacks(Pouch)",Munchies -> Namkeen Snacks -> Namkeen Snacks,Grocery - Snacks & Packaged Foods,Chennai,Tamil Nadu,33AAFCG9846E1ZI,Chennai,Tamil Nadu,DELIVERED,19059090,0,0,0,0,1,198,178,0,0,0,0,0,178
395,1542272185,06-12-2025,10205139,"Vyndo Methi Bajra Khakhra, Healthy Millet Snacks",Vyndo,8906172900235,"Vyndo Methi Bajra Khakhra, Healthy Millet Snacks(Pouch)",Munchies -> Namkeen Snacks -> Namkeen Snacks,Grocery - Snacks & Packaged Foods,Mumbai,Maharashtra,27AAFCG9846E1ZB,Mumbai,Maharashtra,DELIVERED,19059090,0,0,0,0,1,198,178,0,0,0,0,0,178
396,1542674100,06-12-2025,10205139,"Vyndo Methi Bajra Khakhra, Healthy Millet Snacks",Vyndo,8906172900235,"Vyndo Methi Bajra Khakhra, Healthy Millet Snacks(Pouch)",Munchies -> Namkeen Snacks -> Namkeen Snacks,Grocery - Snacks & Packaged Foods,Mumbai,Maharashtra,27AAFCG9846E1ZB,Mumbai,Maharashtra,DELIVERED,19059090,0,0,0,0,1,198,178,0,0,0,0,0,178
397,1543120071,06-12-2025,10205139,"Vyndo Methi Bajra Khakhra, Healthy Millet Snacks",Vyndo,8906172900235,"Vyndo Methi Bajra Khakhra, Healthy Millet Snacks(Pouch)",Munchies -> Namkeen Snacks -> Namkeen Snacks,Grocery - Snacks & Packaged Foods,Mumbai,Maharashtra,27AAFCG9846E1ZB,Mumbai,Maharashtra,DELIVERED,19059090,0,0,0,0,1,198,178,0,0,0,0,0,178
398,1542085159,06-12-2025,10205139,"Vyndo Methi Bajra Khakhra, Healthy Millet Snacks",Vyndo,8906172900235,"Vyndo Methi Bajra Khakhra, Healthy Millet Snacks(Pouch)",Munchies -> Namkeen Snacks -> Namkeen Snacks,Grocery - Snacks & Packaged Foods,Mathura,Uttar Pradesh,09AAFCG9846E1Z9,Mathura,Uttar Pradesh,DELIVERED,19059090,0,0,0,0,1,198,178,0,0,0,0,0,178
399,1540722960,06-12-2025,10205139,"Vyndo Methi Bajra Khakhra, Healthy Millet Snacks",Vyndo,8906172900235,"Vyndo Methi Bajra Khakhra, Healthy Millet Snacks(Pouch)",Munchies -> Namkeen Snacks -> Namkeen Snacks,Grocery - Snacks & Packaged Foods,Haldwani,Uttarakhand,05AAFCG9846E1ZH,Haldwani,Uttarakhand,DELIVERED,19059090,0,0,0,0,1,198,178,0,0,0,0,0,178
400,1542366921,06-12-2025,10205139,"Vyndo Methi Bajra Khakhra, Healthy Millet Snacks",Vyndo,8906172900235,"Vyndo Methi Bajra Khakhra, Healthy Millet Snacks(Pouch)",Munchies -> Namkeen Snacks -> Namkeen Snacks,Grocery - Snacks & Packaged Foods,Pune,Maharashtra,27AAFCG9846E1ZB,Pune,Maharashtra,DELIVERED,19059090,0,0,0,0,1,198,178,0,0,0,0,0,178
401,1541121131,06-12-2025,10205139,"Vyndo Methi Bajra Khakhra, Healthy Millet Snacks",Vyndo,8906172900235,"Vyndo Methi Bajra Khakhra, Healthy Millet Snacks(Pouch)",Munchies -> Namkeen Snacks -> Namkeen Snacks,Grocery - Snacks & Packaged Foods,Pune,Maharashtra,27AAFCG9846E1ZB,Pune,Maharashtra,DELIVERED,19059090,0,0,0,0,1,198,178,0,0,0,0,0,178
402,1542749045,06-12-2025,10205139,"Vyndo Methi Bajra Khakhra, Healthy Millet Snacks",Vyndo,8906172900235,"Vyndo Methi Bajra Khakhra, Healthy Millet Snacks(Pouch)",Munchies -> Namkeen Snacks -> Namkeen Snacks,Grocery - Snacks & Packaged Foods,Kanpur,Uttar Pradesh,09AAFCG9846E1Z9,Kanpur,Uttar Pradesh,DELIVERED,19059090,0,0,0,0,1,198,178,0,0,0,0,0,178
403,1541013639,06-12-2025,10205139,"Vyndo Methi Bajra Khakhra, Healthy Millet Snacks",Vyndo,8906172900235,"Vyndo Methi Bajra Khakhra, Healthy Millet Snacks(Pouch)",Munchies -> Namkeen Snacks -> Namkeen Snacks,Grocery - Snacks & Packaged Foods,Kolkata,West Bengal,19AAFCG9846E1Z8,Kolkata,West Bengal,DELIVERED,19059090,0,0,0,0,1,198,178,0,0,0,0,0,178
404,1541494818,06-12-2025,10205139,"Vyndo Methi Bajra Khakhra, Healthy Millet Snacks",Vyndo,8906172900235,"Vyndo Methi Bajra Khakhra, Healthy Millet Snacks(Pouch)",Munchies -> Namkeen Snacks -> Namkeen Snacks,Grocery - Snacks & Packaged Foods,Delhi,Delhi,07AAFCG9846E2ZC,Delhi,Delhi,DELIVERED,19059090,0,0,0,0,1,198,178,0,0,0,0,0,178
405,1541888065,06-12-2025,10265470,Vyndo Pudina Ragi Sev Bhujia Healthy Non-Fried Millet Snack,Vyndo,8906172900464,Vyndo Pudina Ragi Sev Bhujia Healthy Non-Fried Millet Snack(Packet),Munchies -> Bhujia & Mixtures -> Bhujia & Mixtures,Grocery - Snacks & Packaged Foods,Mumbai,Maharashtra,27AAFCG9846E1ZB,Mumbai,Maharashtra,DELIVERED,21069099,0,2.5,2.5,0,1,130,117,0,2.79,2.79,0,2.79,117
406,1542112787,06-12-2025,10267273,Vyndo Assorted Khakhra & Bhakhri,Vyndo,8906172900501,Vyndo Assorted Khakhra & Bhakhri(Packet),Organic & Premium -> Snacks & Munchies -> Snacks & Munchies,Grocery - Snacks & Packaged Foods,Mumbai,Maharashtra,27AAFCG9846E1ZB,Mumbai,Maharashtra,DELIVERED,19059090,0,0,0,0,1,160,144,0,0,0,0,0,144
407,1543962270,07-12-2025,10196943,"Vyndo Masala Ragi Bhakhri, Healthy Millet Snacks",Vyndo,8906172900495,"Vyndo Masala Ragi Bhakhri, Healthy Millet Snacks(Pack)",Munchies -> Namkeen Snacks -> Namkeen Snacks,Grocery - Snacks & Packaged Foods,Ahmedabad,Gujarat,24AAFCG9846E1ZH,Ahmedabad,Gujarat,DELIVERED,19059090,0,0,0,0,1,198,178,0,0,0,0,0,178
408,1545953969,07-12-2025,10196943,"Vyndo Masala Ragi Bhakhri, Healthy Millet Snacks",Vyndo,8906172900495,"Vyndo Masala Ragi Bhakhri, Healthy Millet Snacks(Pack)",Munchies -> Namkeen Snacks -> Namkeen Snacks,Grocery - Snacks & Packaged Foods,Bengaluru,Karnataka,29AAFCG9846E1Z7,Bengaluru,Karnataka,DELIVERED,19059090,0,0,0,0,1,198,178,0,0,0,0,0,178
409,1546133296,07-12-2025,10197316,Vyndo Farali Millet Bhakhri Fasting Energy Snacks,Vyndo,8906172900358,Vyndo Farali Millet Bhakhri Fasting Energy Snacks,Organic & Premium -> Snacks & Munchies -> Snacks & Munchies,Grocery - Snacks & Packaged Foods,Haldwani,Uttarakhand,05AAFCG9846E1ZH,Haldwani,Uttarakhand,DELIVERED,19059090,0,0,0,0,1,198,178,0,0,0,0,0,178
410,1544258104,07-12-2025,10197316,Vyndo Farali Millet Bhakhri Fasting Energy Snacks,Vyndo,8906172900358,Vyndo Farali Millet Bhakhri Fasting Energy Snacks,Organic & Premium -> Snacks & Munchies -> Snacks & Munchies,Grocery - Snacks & Packaged Foods,Mumbai,Maharashtra,27AAFCG9846E1ZB,Mumbai,Maharashtra,DELIVERED,19059090,0,0,0,0,1,198,178,0,0,0,0,0,178
411,1545007397,07-12-2025,10197316,Vyndo Farali Millet Bhakhri Fasting Energy Snacks,Vyndo,8906172900358,Vyndo Farali Millet Bhakhri Fasting Energy Snacks,Organic & Premium -> Snacks & Munchies -> Snacks & Munchies,Grocery - Snacks & Packaged Foods,Mumbai,Maharashtra,27AAFCG9846E1ZB,Mumbai,Maharashtra,DELIVERED,19059090,0,0,0,0,1,198,178,0,0,0,0,0,178
412,1543900571,07-12-2025,10197316,Vyndo Farali Millet Bhakhri Fasting Energy Snacks,Vyndo,8906172900358,Vyndo Farali Millet Bhakhri Fasting Energy Snacks,Organic & Premium -> Snacks & Munchies -> Snacks & Munchies,Grocery - Snacks & Packaged Foods,Faridabad,Haryana,06AAFCG9846E1ZF,Faridabad,Haryana,DELIVERED,19059090,0,0,0,0,1,198,178,0,0,0,0,0,178
413,1543788964,07-12-2025,10197316,Vyndo Farali Millet Bhakhri Fasting Energy Snacks,Vyndo,8906172900358,Vyndo Farali Millet Bhakhri Fasting Energy Snacks,Organic & Premium -> Snacks & Munchies -> Snacks & Munchies,Grocery - Snacks & Packaged Foods,Mumbai,Maharashtra,27AAFCG9846E1ZB,Mumbai,Maharashtra,DELIVERED,19059090,0,0,0,0,1,198,178,0,0,0,0,0,178
414,1545651630,07-12-2025,10197316,Vyndo Farali Millet Bhakhri Fasting Energy Snacks,Vyndo,8906172900358,Vyndo Farali Millet Bhakhri Fasting Energy Snacks,Organic & Premium -> Snacks & Munchies -> Snacks & Munchies,Grocery - Snacks & Packaged Foods,UP-NCR,Uttar Pradesh,09AAFCG9846E1Z9,Ghaziabad,Uttar Pradesh,DELIVERED,19059090,0,0,0,0,1,198,178,0,0,0,0,0,178
415,1543902928,07-12-2025,10197316,Vyndo Farali Millet Bhakhri Fasting Energy Snacks,Vyndo,8906172900358,Vyndo Farali Millet Bhakhri Fasting Energy Snacks,Organic & Premium -> Snacks & Munchies -> Snacks & Munchies,Grocery - Snacks & Packaged Foods,Pune,Maharashtra,27AAFCG9846E1ZB,Pune,Maharashtra,DELIVERED,19059090,0,0,0,0,1,198,178,0,0,0,0,0,178
416,1545185277,07-12-2025,10197316,Vyndo Farali Millet Bhakhri Fasting Energy Snacks,Vyndo,8906172900358,Vyndo Farali Millet Bhakhri Fasting Energy Snacks,Organic & Premium -> Snacks & Munchies -> Snacks & Munchies,Grocery - Snacks & Packaged Foods,UP-NCR,Uttar Pradesh,09AAFCG9846E1Z9,Ghaziabad,Uttar Pradesh,DELIVERED,19059090,0,0,0,0,1,198,178,0,0,0,0,0,178
417,1546298332,07-12-2025,10197316,Vyndo Farali Millet Bhakhri Fasting Energy Snacks,Vyndo,8906172900358,Vyndo Farali Millet Bhakhri Fasting Energy Snacks,Organic & Premium -> Snacks & Munchies -> Snacks & Munchies,Grocery - Snacks & Packaged Foods,UP-NCR,Uttar Pradesh,09AAFCG9846E1Z9,Ghaziabad,Uttar Pradesh,DELIVERED,19059090,0,0,0,0,1,198,178,0,0,0,0,0,178
418,1544540132,07-12-2025,10197316,Vyndo Farali Millet Bhakhri Fasting Energy Snacks,Vyndo,8906172900358,Vyndo Farali Millet Bhakhri Fasting Energy Snacks,Organic & Premium -> Snacks & Munchies -> Snacks & Munchies,Grocery - Snacks & Packaged Foods,Pune,Maharashtra,27AAFCG9846E1ZB,Pune,Maharashtra,DELIVERED,19059090,0,0,0,0,1,198,178,0,0,0,0,0,178
419,1546428601,07-12-2025,10197316,Vyndo Farali Millet Bhakhri Fasting Energy Snacks,Vyndo,8906172900358,Vyndo Farali Millet Bhakhri Fasting Energy Snacks,Organic & Premium -> Snacks & Munchies -> Snacks & Munchies,Grocery - Snacks & Packaged Foods,Chennai,Tamil Nadu,33AAFCG9846E1ZI,Chennai,Tamil Nadu,DELIVERED,19059090,0,0,0,0,1,198,178,0,0,0,0,0,178
420,1544668016,07-12-2025,10197316,Vyndo Farali Millet Bhakhri Fasting Energy Snacks,Vyndo,8906172900358,Vyndo Farali Millet Bhakhri Fasting Energy Snacks,Organic & Premium -> Snacks & Munchies -> Snacks & Munchies,Grocery - Snacks & Packaged Foods,Delhi,Delhi,07AAFCG9846E2ZC,Delhi,Delhi,DELIVERED,19059090,0,0,0,0,1,198,178,0,0,0,0,0,178
421,1545599824,07-12-2025,10197316,Vyndo Farali Millet Bhakhri Fasting Energy Snacks,Vyndo,8906172900358,Vyndo Farali Millet Bhakhri Fasting Energy Snacks,Organic & Premium -> Snacks & Munchies -> Snacks & Munchies,Grocery - Snacks & Packaged Foods,Pune,Maharashtra,27AAFCG9846E1ZB,Pune,Maharashtra,DELIVERED,19059090,0,0,0,0,1,198,178,0,0,0,0,0,178
422,1545585241,07-12-2025,10197316,Vyndo Farali Millet Bhakhri Fasting Energy Snacks,Vyndo,8906172900358,Vyndo Farali Millet Bhakhri Fasting Energy Snacks,Organic & Premium -> Snacks & Munchies -> Snacks & Munchies,Grocery - Snacks & Packaged Foods,Mumbai,Maharashtra,27AAFCG9846E1ZB,Mumbai,Maharashtra,DELIVERED,19059090,0,0,0,0,1,198,178,0,0,0,0,0,178
423,1546321340,07-12-2025,10197316,Vyndo Farali Millet Bhakhri Fasting Energy Snacks,Vyndo,8906172900358,Vyndo Farali Millet Bhakhri Fasting Energy Snacks,Organic & Premium -> Snacks & Munchies -> Snacks & Munchies,Grocery - Snacks & Packaged Foods,Agra,Uttar Pradesh,09AAFCG9846E1Z9,Agra,Uttar Pradesh,DELIVERED,19059090,0,0,0,0,1,198,178,0,0,0,0,0,178
424,1546407528,07-12-2025,10197316,Vyndo Farali Millet Bhakhri Fasting Energy Snacks,Vyndo,8906172900358,Vyndo Farali Millet Bhakhri Fasting Energy Snacks,Organic & Premium -> Snacks & Munchies -> Snacks & Munchies,Grocery - Snacks & Packaged Foods,UP-NCR,Uttar Pradesh,09AAFCG9846E1Z9,Ghaziabad,Uttar Pradesh,DELIVERED,19059090,0,0,0,0,1,198,178,0,0,0,0,0,178
425,1546241059,07-12-2025,10200587,"Vyndo Moong Bajra Bhakhri, Healthy Millet Snacks",Vyndo,8906172900365,"Vyndo Moong Bajra Bhakhri, Healthy Millet Snacks(Box)",Munchies -> Namkeen Snacks -> Namkeen Snacks,Grocery - Snacks & Packaged Foods,Mumbai,Maharashtra,27AAFCG9846E1ZB,Mumbai,Maharashtra,DELIVERED,19059090,0,0,0,0,1,198,178,0,0,0,0,0,178
426,1545300075,07-12-2025,10200587,"Vyndo Moong Bajra Bhakhri, Healthy Millet Snacks",Vyndo,8906172900365,"Vyndo Moong Bajra Bhakhri, Healthy Millet Snacks(Box)",Munchies -> Namkeen Snacks -> Namkeen Snacks,Grocery - Snacks & Packaged Foods,Bengaluru,Karnataka,29AAFCG9846E1Z7,Bengaluru,Karnataka,DELIVERED,19059090,0,0,0,0,1,198,178,0,0,0,0,0,178
427,1545953969,07-12-2025,10200587,"Vyndo Moong Bajra Bhakhri, Healthy Millet Snacks",Vyndo,8906172900365,"Vyndo Moong Bajra Bhakhri, Healthy Millet Snacks(Box)",Munchies -> Namkeen Snacks -> Namkeen Snacks,Grocery - Snacks & Packaged Foods,Bengaluru,Karnataka,29AAFCG9846E1Z7,Bengaluru,Karnataka,DELIVERED,19059090,0,0,0,0,1,198,178,0,0,0,0,0,178
428,1546138574,07-12-2025,10200587,"Vyndo Moong Bajra Bhakhri, Healthy Millet Snacks",Vyndo,8906172900365,"Vyndo Moong Bajra Bhakhri, Healthy Millet Snacks(Box)",Munchies -> Namkeen Snacks -> Namkeen Snacks,Grocery - Snacks & Packaged Foods,Ahmedabad,Gujarat,24AAFCG9846E1ZH,Ahmedabad,Gujarat,DELIVERED,19059090,0,0,0,0,1,198,178,0,0,0,0,0,178
429,1546127788,07-12-2025,10200587,"Vyndo Moong Bajra Bhakhri, Healthy Millet Snacks",Vyndo,8906172900365,"Vyndo Moong Bajra Bhakhri, Healthy Millet Snacks(Box)",Munchies -> Namkeen Snacks -> Namkeen Snacks,Grocery - Snacks & Packaged Foods,Rajkot,Gujarat,24AAFCG9846E1ZH,Rajkot,Gujarat,DELIVERED,19059090,0,0,0,0,1,198,178,0,0,0,0,0,178
430,1544876410,07-12-2025,10200587,"Vyndo Moong Bajra Bhakhri, Healthy Millet Snacks",Vyndo,8906172900365,"Vyndo Moong Bajra Bhakhri, Healthy Millet Snacks(Box)",Munchies -> Namkeen Snacks -> Namkeen Snacks,Grocery - Snacks & Packaged Foods,Bengaluru,Karnataka,29AAFCG9846E1Z7,Bengaluru,Karnataka,DELIVERED,19059090,0,0,0,0,1,198,178,0,0,0,0,0,178
431,1546222606,07-12-2025,10200587,"Vyndo Moong Bajra Bhakhri, Healthy Millet Snacks",Vyndo,8906172900365,"Vyndo Moong Bajra Bhakhri, Healthy Millet Snacks(Box)",Munchies -> Namkeen Snacks -> Namkeen Snacks,Grocery - Snacks & Packaged Foods,Ahmedabad,Gujarat,24AAFCG9846E1ZH,Ahmedabad,Gujarat,DELIVERED,19059090,0,0,0,0,1,198,178,0,0,0,0,0,178
432,1545844723,07-12-2025,10200587,"Vyndo Moong Bajra Bhakhri, Healthy Millet Snacks",Vyndo,8906172900365,"Vyndo Moong Bajra Bhakhri, Healthy Millet Snacks(Box)",Munchies -> Namkeen Snacks -> Namkeen Snacks,Grocery - Snacks & Packaged Foods,Ahmedabad,Gujarat,24AAFCG9846E1ZH,Ahmedabad,Gujarat,DELIVERED,19059090,0,0,0,0,1,198,178,0,0,0,0,0,178
433,1545745138,07-12-2025,10200587,"Vyndo Moong Bajra Bhakhri, Healthy Millet Snacks",Vyndo,8906172900365,"Vyndo Moong Bajra Bhakhri, Healthy Millet Snacks(Box)",Munchies -> Namkeen Snacks -> Namkeen Snacks,Grocery - Snacks & Packaged Foods,Ahmedabad,Gujarat,24AAFCG9846E1ZH,Ahmedabad,Gujarat,DELIVERED,19059090,0,0,0,0,1,198,178,0,0,0,0,0,178
434,1544343075,07-12-2025,10200587,"Vyndo Moong Bajra Bhakhri, Healthy Millet Snacks",Vyndo,8906172900365,"Vyndo Moong Bajra Bhakhri, Healthy Millet Snacks(Box)",Munchies -> Namkeen Snacks -> Namkeen Snacks,Grocery - Snacks & Packaged Foods,Ahmedabad,Gujarat,24AAFCG9846E1ZH,Ahmedabad,Gujarat,DELIVERED,19059090,0,0,0,0,1,198,178,0,0,0,0,0,178
435,1546796935,07-12-2025,10200590,"Vyndo Roasted Ragi Bhakhri, Healthy Millet Snacks",Vyndo,8906172900372,"Vyndo Roasted Ragi Bhakhri, Healthy Millet Snacks(Box)",Munchies -> Namkeen Snacks -> Namkeen Snacks,Grocery - Snacks & Packaged Foods,Mumbai,Maharashtra,27AAFCG9846E1ZB,Mumbai,Maharashtra,DELIVERED,19059090,0,0,0,0,1,198,178,0,0,0,0,0,178
436,1544395148,07-12-2025,10200590,"Vyndo Roasted Ragi Bhakhri, Healthy Millet Snacks",Vyndo,8906172900372,"Vyndo Roasted Ragi Bhakhri, Healthy Millet Snacks(Box)",Munchies -> Namkeen Snacks -> Namkeen Snacks,Grocery - Snacks & Packaged Foods,Ahmedabad,Gujarat,24AAFCG9846E1ZH,Ahmedabad,Gujarat,DELIVERED,19059090,0,0,0,0,1,198,178,0,0,0,0,0,178
437,1545593057,07-12-2025,10200590,"Vyndo Roasted Ragi Bhakhri, Healthy Millet Snacks",Vyndo,8906172900372,"Vyndo Roasted Ragi Bhakhri, Healthy Millet Snacks(Box)",Munchies -> Namkeen Snacks -> Namkeen Snacks,Grocery - Snacks & Packaged Foods,Delhi,Delhi,07AAFCG9846E2ZC,Delhi,Delhi,DELIVERED,19059090,0,0,0,0,1,198,178,0,0,0,0,0,178
438,1545953969,07-12-2025,10200590,"Vyndo Roasted Ragi Bhakhri, Healthy Millet Snacks",Vyndo,8906172900372,"Vyndo Roasted Ragi Bhakhri, Healthy Millet Snacks(Box)",Munchies -> Namkeen Snacks -> Namkeen Snacks,Grocery - Snacks & Packaged Foods,Bengaluru,Karnataka,29AAFCG9846E1Z7,Bengaluru,Karnataka,DELIVERED,19059090,0,0,0,0,1,198,178,0,0,0,0,0,178
439,1543955613,07-12-2025,10200590,"Vyndo Roasted Ragi Bhakhri, Healthy Millet Snacks",Vyndo,8906172900372,"Vyndo Roasted Ragi Bhakhri, Healthy Millet Snacks(Box)",Munchies -> Namkeen Snacks -> Namkeen Snacks,Grocery - Snacks & Packaged Foods,Mumbai,Maharashtra,27AAFCG9846E1ZB,Mumbai,Maharashtra,DELIVERED,19059090,0,0,0,0,1,198,178,0,0,0,0,0,178
440,1544171539,07-12-2025,10200590,"Vyndo Roasted Ragi Bhakhri, Healthy Millet Snacks",Vyndo,8906172900372,"Vyndo Roasted Ragi Bhakhri, Healthy Millet Snacks(Box)",Munchies -> Namkeen Snacks -> Namkeen Snacks,Grocery - Snacks & Packaged Foods,Bengaluru,Karnataka,29AAFCG9846E1Z7,Bengaluru,Karnataka,DELIVERED,19059090,0,0,0,0,1,198,178,0,0,0,0,0,178
441,1546241059,07-12-2025,10200590,"Vyndo Roasted Ragi Bhakhri, Healthy Millet Snacks",Vyndo,8906172900372,"Vyndo Roasted Ragi Bhakhri, Healthy Millet Snacks(Box)",Munchies -> Namkeen Snacks -> Namkeen Snacks,Grocery - Snacks & Packaged Foods,Mumbai,Maharashtra,27AAFCG9846E1ZB,Mumbai,Maharashtra,DELIVERED,19059090,0,0,0,0,1,198,178,0,0,0,0,0,178
442,1546490488,07-12-2025,10200590,"Vyndo Roasted Ragi Bhakhri, Healthy Millet Snacks",Vyndo,8906172900372,"Vyndo Roasted Ragi Bhakhri, Healthy Millet Snacks(Box)",Munchies -> Namkeen Snacks -> Namkeen Snacks,Grocery - Snacks & Packaged Foods,Bengaluru,Karnataka,29AAFCG9846E1Z7,Bengaluru,Karnataka,DELIVERED,19059090,0,0,0,0,1,198,178,0,0,0,0,0,178
443,1544194836,07-12-2025,10200590,"Vyndo Roasted Ragi Bhakhri, Healthy Millet Snacks",Vyndo,8906172900372,"Vyndo Roasted Ragi Bhakhri, Healthy Millet Snacks(Box)",Munchies -> Namkeen Snacks -> Namkeen Snacks,Grocery - Snacks & Packaged Foods,UP-NCR,Uttar Pradesh,09AAFCG9846E1Z9,Ghaziabad,Uttar Pradesh,DELIVERED,19059090,0,0,0,0,1,198,178,0,0,0,0,0,178
444,1546003728,07-12-2025,10200590,"Vyndo Roasted Ragi Bhakhri, Healthy Millet Snacks",Vyndo,8906172900372,"Vyndo Roasted Ragi Bhakhri, Healthy Millet Snacks(Box)",Munchies -> Namkeen Snacks -> Namkeen Snacks,Grocery - Snacks & Packaged Foods,Kanpur,Uttar Pradesh,09AAFCG9846E1Z9,Kanpur,Uttar Pradesh,DELIVERED,19059090,0,0,0,0,1,198,178,0,0,0,0,0,178
445,1544291910,07-12-2025,10200590,"Vyndo Roasted Ragi Bhakhri, Healthy Millet Snacks",Vyndo,8906172900372,"Vyndo Roasted Ragi Bhakhri, Healthy Millet Snacks(Box)",Munchies -> Namkeen Snacks -> Namkeen Snacks,Grocery - Snacks & Packaged Foods,UP-NCR,Uttar Pradesh,09AAFCG9846E1Z9,Ghaziabad,Uttar Pradesh,DELIVERED,19059090,0,0,0,0,1,198,178,0,0,0,0,0,178
446,1545822574,07-12-2025,10200590,"Vyndo Roasted Ragi Bhakhri, Healthy Millet Snacks",Vyndo,8906172900372,"Vyndo Roasted Ragi Bhakhri, Healthy Millet Snacks(Box)",Munchies -> Namkeen Snacks -> Namkeen Snacks,Grocery - Snacks & Packaged Foods,UP-NCR,Uttar Pradesh,09AAFCG9846E1Z9,Ghaziabad,Uttar Pradesh,DELIVERED,19059090,0,0,0,0,1,198,178,0,0,0,0,0,178
447,1544683239,07-12-2025,10200590,"Vyndo Roasted Ragi Bhakhri, Healthy Millet Snacks",Vyndo,8906172900372,"Vyndo Roasted Ragi Bhakhri, Healthy Millet Snacks(Box)",Munchies -> Namkeen Snacks -> Namkeen Snacks,Grocery - Snacks & Packaged Foods,Ahmedabad,Gujarat,24AAFCG9846E1ZH,Ahmedabad,Gujarat,DELIVERED,19059090,0,0,0,0,1,198,178,0,0,0,0,0,178
448,1543802580,07-12-2025,10200590,"Vyndo Roasted Ragi Bhakhri, Healthy Millet Snacks",Vyndo,8906172900372,"Vyndo Roasted Ragi Bhakhri, Healthy Millet Snacks(Box)",Munchies -> Namkeen Snacks -> Namkeen Snacks,Grocery - Snacks & Packaged Foods,Ahmedabad,Gujarat,24AAFCG9846E1ZH,Ahmedabad,Gujarat,DELIVERED,19059090,0,0,0,0,3,198,178,0,0,0,0,0,534
449,1546138375,07-12-2025,10200590,"Vyndo Roasted Ragi Bhakhri, Healthy Millet Snacks",Vyndo,8906172900372,"Vyndo Roasted Ragi Bhakhri, Healthy Millet Snacks(Box)",Munchies -> Namkeen Snacks -> Namkeen Snacks,Grocery - Snacks & Packaged Foods,UP-NCR,Uttar Pradesh,09AAFCG9846E1Z9,Ghaziabad,Uttar Pradesh,DELIVERED,19059090,0,0,0,0,1,198,178,0,0,0,0,0,178
450,1543900486,07-12-2025,10200590,"Vyndo Roasted Ragi Bhakhri, Healthy Millet Snacks",Vyndo,8906172900372,"Vyndo Roasted Ragi Bhakhri, Healthy Millet Snacks(Box)",Munchies -> Namkeen Snacks -> Namkeen Snacks,Grocery - Snacks & Packaged Foods,Bengaluru,Karnataka,29AAFCG9846E1Z7,Bengaluru,Karnataka,DELIVERED,19059090,0,0,0,0,1,198,178,0,0,0,0,0,178
451,1546066737,07-12-2025,10200590,"Vyndo Roasted Ragi Bhakhri, Healthy Millet Snacks",Vyndo,8906172900372,"Vyndo Roasted Ragi Bhakhri, Healthy Millet Snacks(Box)",Munchies -> Namkeen Snacks -> Namkeen Snacks,Grocery - Snacks & Packaged Foods,Bareilly,Uttar Pradesh,09AAFCG9846E1Z9,Bareilly,Uttar Pradesh,DELIVERED,19059090,0,0,0,0,1,198,178,0,0,0,0,0,178
452,1545285712,07-12-2025,10200590,"Vyndo Roasted Ragi Bhakhri, Healthy Millet Snacks",Vyndo,8906172900372,"Vyndo Roasted Ragi Bhakhri, Healthy Millet Snacks(Box)",Munchies -> Namkeen Snacks -> Namkeen Snacks,Grocery - Snacks & Packaged Foods,Bengaluru,Karnataka,29AAFCG9846E1Z7,Bengaluru,Karnataka,DELIVERED,19059090,0,0,0,0,1,198,178,0,0,0,0,0,178
453,1544343075,07-12-2025,10200590,"Vyndo Roasted Ragi Bhakhri, Healthy Millet Snacks",Vyndo,8906172900372,"Vyndo Roasted Ragi Bhakhri, Healthy Millet Snacks(Box)",Munchies -> Namkeen Snacks -> Namkeen Snacks,Grocery - Snacks & Packaged Foods,Ahmedabad,Gujarat,24AAFCG9846E1ZH,Ahmedabad,Gujarat,DELIVERED,19059090,0,0,0,0,1,198,178,0,0,0,0,0,178
454,1545042345,07-12-2025,10200590,"Vyndo Roasted Ragi Bhakhri, Healthy Millet Snacks",Vyndo,8906172900372,"Vyndo Roasted Ragi Bhakhri, Healthy Millet Snacks(Box)",Munchies -> Namkeen Snacks -> Namkeen Snacks,Grocery - Snacks & Packaged Foods,Delhi,Delhi,07AAFCG9846E2ZC,Delhi,Delhi,DELIVERED,19059090,0,0,0,0,1,198,178,0,0,0,0,0,178
455,1543961234,07-12-2025,10204795,Vyndo Sattu Khakhra,Vyndo,8906172900198,Vyndo Sattu Khakhra(Packet),Munchies -> Namkeen Snacks -> Namkeen Snacks,Grocery - Snacks & Packaged Foods,Bengaluru,Karnataka,29AAFCG9846E1Z7,Bengaluru,Karnataka,DELIVERED,19059090,0,0,0,0,1,198,178,0,0,0,0,0,178
456,1545676577,07-12-2025,10204795,Vyndo Sattu Khakhra,Vyndo,8906172900198,Vyndo Sattu Khakhra(Packet),Munchies -> Namkeen Snacks -> Namkeen Snacks,Grocery - Snacks & Packaged Foods,Bengaluru,Karnataka,29AAFCG9846E1Z7,Bengaluru,Karnataka,DELIVERED,19059090,0,0,0,0,1,198,178,0,0,0,0,0,178
457,1544536372,07-12-2025,10204795,Vyndo Sattu Khakhra,Vyndo,8906172900198,Vyndo Sattu Khakhra(Packet),Munchies -> Namkeen Snacks -> Namkeen Snacks,Grocery - Snacks & Packaged Foods,Bengaluru,Karnataka,29AAFCG9846E1Z7,Bengaluru,Karnataka,DELIVERED,19059090,0,0,0,0,1,198,178,0,0,0,0,0,178
458,1545463641,07-12-2025,10204798,"Vyndo Chorafali Khakhra, Healthy Millet Snacks",Vyndo,8906172900204,"Vyndo Chorafali Khakhra, Healthy Millet Snacks(Packet)",Munchies -> Namkeen Snacks -> Namkeen Snacks,Grocery - Snacks & Packaged Foods,Nashik,Maharashtra,27AAFCG9846E1ZB,Nashik,Maharashtra,DELIVERED,19059090,0,0,0,0,1,198,178,0,0,0,0,0,178
459,1544134346,07-12-2025,10204798,"Vyndo Chorafali Khakhra, Healthy Millet Snacks",Vyndo,8906172900204,"Vyndo Chorafali Khakhra, Healthy Millet Snacks(Packet)",Munchies -> Namkeen Snacks -> Namkeen Snacks,Grocery - Snacks & Packaged Foods,Mumbai,Maharashtra,27AAFCG9846E1ZB,Mumbai,Maharashtra,DELIVERED,19059090,0,0,0,0,1,198,178,0,0,0,0,0,178
460,1544027200,07-12-2025,10204798,"Vyndo Chorafali Khakhra, Healthy Millet Snacks",Vyndo,8906172900204,"Vyndo Chorafali Khakhra, Healthy Millet Snacks(Packet)",Munchies -> Namkeen Snacks -> Namkeen Snacks,Grocery - Snacks & Packaged Foods,Kolkata,West Bengal,19AAFCG9846E1Z8,Kolkata,West Bengal,DELIVERED,19059090,0,0,0,0,1,198,178,0,0,0,0,0,178
461,1544476778,07-12-2025,10204798,"Vyndo Chorafali Khakhra, Healthy Millet Snacks",Vyndo,8906172900204,"Vyndo Chorafali Khakhra, Healthy Millet Snacks(Packet)",Munchies -> Namkeen Snacks -> Namkeen Snacks,Grocery - Snacks & Packaged Foods,UP-NCR,Uttar Pradesh,09AAFCG9846E1Z9,Ghaziabad,Uttar Pradesh,DELIVERED,19059090,0,0,0,0,1,198,178,0,0,0,0,0,178
462,1546287922,07-12-2025,10204798,"Vyndo Chorafali Khakhra, Healthy Millet Snacks",Vyndo,8906172900204,"Vyndo Chorafali Khakhra, Healthy Millet Snacks(Packet)",Munchies -> Namkeen Snacks -> Namkeen Snacks,Grocery - Snacks & Packaged Foods,Mumbai,Maharashtra,27AAFCG9846E1ZB,Mumbai,Maharashtra,DELIVERED,19059090,0,0,0,0,1,198,178,0,0,0,0,0,178
463,1546038316,07-12-2025,10204798,"Vyndo Chorafali Khakhra, Healthy Millet Snacks",Vyndo,8906172900204,"Vyndo Chorafali Khakhra, Healthy Millet Snacks(Packet)",Munchies -> Namkeen Snacks -> Namkeen Snacks,Grocery - Snacks & Packaged Foods,Vadodara,Gujarat,24AAFCG9846E1ZH,Vadodara,Gujarat,DELIVERED,19059090,0,0,0,0,1,198,178,0,0,0,0,0,178
464,1545264920,07-12-2025,10204798,"Vyndo Chorafali Khakhra, Healthy Millet Snacks",Vyndo,8906172900204,"Vyndo Chorafali Khakhra, Healthy Millet Snacks(Packet)",Munchies -> Namkeen Snacks -> Namkeen Snacks,Grocery - Snacks & Packaged Foods,Anand,Gujarat,24AAFCG9846E1ZH,Anand,Gujarat,DELIVERED,19059090,0,0,0,0,1,198,178,0,0,0,0,0,178
465,1545718625,07-12-2025,10204798,"Vyndo Chorafali Khakhra, Healthy Millet Snacks",Vyndo,8906172900204,"Vyndo Chorafali Khakhra, Healthy Millet Snacks(Packet)",Munchies -> Namkeen Snacks -> Namkeen Snacks,Grocery - Snacks & Packaged Foods,Delhi,Delhi,07AAFCG9846E2ZC,Delhi,Delhi,DELIVERED,19059090,0,0,0,0,1,198,178,0,0,0,0,0,178
466,1545678940,07-12-2025,10204798,"Vyndo Chorafali Khakhra, Healthy Millet Snacks",Vyndo,8906172900204,"Vyndo Chorafali Khakhra, Healthy Millet Snacks(Packet)",Munchies -> Namkeen Snacks -> Namkeen Snacks,Grocery - Snacks & Packaged Foods,Kolkata,West Bengal,19AAFCG9846E1Z8,Kolkata,West Bengal,DELIVERED,19059090,0,0,0,0,1,198,178,0,0,0,0,0,178
467,1545529222,07-12-2025,10204798,"Vyndo Chorafali Khakhra, Healthy Millet Snacks",Vyndo,8906172900204,"Vyndo Chorafali Khakhra, Healthy Millet Snacks(Packet)",Munchies -> Namkeen Snacks -> Namkeen Snacks,Grocery - Snacks & Packaged Foods,UP-NCR,Uttar Pradesh,09AAFCG9846E1Z9,Ghaziabad,Uttar Pradesh,DELIVERED,19059090,0,0,0,0,1,198,178,0,0,0,0,0,178
468,1546554186,07-12-2025,10204798,"Vyndo Chorafali Khakhra, Healthy Millet Snacks",Vyndo,8906172900204,"Vyndo Chorafali Khakhra, Healthy Millet Snacks(Packet)",Munchies -> Namkeen Snacks -> Namkeen Snacks,Grocery - Snacks & Packaged Foods,Moradabad,Uttar Pradesh,09AAFCG9846E1Z9,Moradabad,Uttar Pradesh,DELIVERED,19059090,0,0,0,0,1,198,178,0,0,0,0,0,178
469,1544565247,07-12-2025,10204798,"Vyndo Chorafali Khakhra, Healthy Millet Snacks",Vyndo,8906172900204,"Vyndo Chorafali Khakhra, Healthy Millet Snacks(Packet)",Munchies -> Namkeen Snacks -> Namkeen Snacks,Grocery - Snacks & Packaged Foods,Ahmedabad,Gujarat,24AAFCG9846E1ZH,Ahmedabad,Gujarat,DELIVERED,19059090,0,0,0,0,1,198,178,0,0,0,0,0,178
470,1545676574,07-12-2025,10204798,"Vyndo Chorafali Khakhra, Healthy Millet Snacks",Vyndo,8906172900204,"Vyndo Chorafali Khakhra, Healthy Millet Snacks(Packet)",Munchies -> Namkeen Snacks -> Namkeen Snacks,Grocery - Snacks & Packaged Foods,Bengaluru,Karnataka,29AAFCG9846E1Z7,Bengaluru,Karnataka,DELIVERED,19059090,0,0,0,0,1,198,178,0,0,0,0,0,178
471,1544455686,07-12-2025,10204798,"Vyndo Chorafali Khakhra, Healthy Millet Snacks",Vyndo,8906172900204,"Vyndo Chorafali Khakhra, Healthy Millet Snacks(Packet)",Munchies -> Namkeen Snacks -> Namkeen Snacks,Grocery - Snacks & Packaged Foods,Bengaluru,Karnataka,29AAFCG9846E1Z7,Bengaluru,Karnataka,DELIVERED,19059090,0,0,0,0,1,198,178,0,0,0,0,0,178
472,1545758819,07-12-2025,10204798,"Vyndo Chorafali Khakhra, Healthy Millet Snacks",Vyndo,8906172900204,"Vyndo Chorafali Khakhra, Healthy Millet Snacks(Packet)",Munchies -> Namkeen Snacks -> Namkeen Snacks,Grocery - Snacks & Packaged Foods,Ahmedabad,Gujarat,24AAFCG9846E1ZH,Ahmedabad,Gujarat,DELIVERED,19059090,0,0,0,0,1,198,178,0,0,0,0,0,178
473,1545158910,07-12-2025,10204798,"Vyndo Chorafali Khakhra, Healthy Millet Snacks",Vyndo,8906172900204,"Vyndo Chorafali Khakhra, Healthy Millet Snacks(Packet)",Munchies -> Namkeen Snacks -> Namkeen Snacks,Grocery - Snacks & Packaged Foods,Mumbai,Maharashtra,27AAFCG9846E1ZB,Mumbai,Maharashtra,DELIVERED,19059090,0,0,0,0,1,198,178,0,0,0,0,0,178
474,1545955520,07-12-2025,10204798,"Vyndo Chorafali Khakhra, Healthy Millet Snacks",Vyndo,8906172900204,"Vyndo Chorafali Khakhra, Healthy Millet Snacks(Packet)",Munchies -> Namkeen Snacks -> Namkeen Snacks,Grocery - Snacks & Packaged Foods,Bengaluru,Karnataka,29AAFCG9846E1Z7,Bengaluru,Karnataka,DELIVERED,19059090,0,0,0,0,1,198,178,0,0,0,0,0,178
475,1546047639,07-12-2025,10204798,"Vyndo Chorafali Khakhra, Healthy Millet Snacks",Vyndo,8906172900204,"Vyndo Chorafali Khakhra, Healthy Millet Snacks(Packet)",Munchies -> Namkeen Snacks -> Namkeen Snacks,Grocery - Snacks & Packaged Foods,Pune,Maharashtra,27AAFCG9846E1ZB,Pune,Maharashtra,DELIVERED,19059090,0,0,0,0,1,198,178,0,0,0,0,0,178
476,1544832849,07-12-2025,10204798,"Vyndo Chorafali Khakhra, Healthy Millet Snacks",Vyndo,8906172900204,"Vyndo Chorafali Khakhra, Healthy Millet Snacks(Packet)",Munchies -> Namkeen Snacks -> Namkeen Snacks,Grocery - Snacks & Packaged Foods,UP-NCR,Uttar Pradesh,09AAFCG9846E1Z9,Ghaziabad,Uttar Pradesh,DELIVERED,19059090,0,0,0,0,1,198,178,0,0,0,0,0,178
477,1543817967,07-12-2025,10204798,"Vyndo Chorafali Khakhra, Healthy Millet Snacks",Vyndo,8906172900204,"Vyndo Chorafali Khakhra, Healthy Millet Snacks(Packet)",Munchies -> Namkeen Snacks -> Namkeen Snacks,Grocery - Snacks & Packaged Foods,Mumbai,Maharashtra,27AAFCG9846E1ZB,Mumbai,Maharashtra,DELIVERED,19059090,0,0,0,0,1,198,178,0,0,0,0,0,178
478,1544418807,07-12-2025,10204798,"Vyndo Chorafali Khakhra, Healthy Millet Snacks",Vyndo,8906172900204,"Vyndo Chorafali Khakhra, Healthy Millet Snacks(Packet)",Munchies -> Namkeen Snacks -> Namkeen Snacks,Grocery - Snacks & Packaged Foods,Mumbai,Maharashtra,27AAFCG9846E1ZB,Mumbai,Maharashtra,DELIVERED,19059090,0,0,0,0,1,198,178,0,0,0,0,0,178
479,1546066737,07-12-2025,10205139,"Vyndo Methi Bajra Khakhra, Healthy Millet Snacks",Vyndo,8906172900235,"Vyndo Methi Bajra Khakhra, Healthy Millet Snacks(Pouch)",Munchies -> Namkeen Snacks -> Namkeen Snacks,Grocery - Snacks & Packaged Foods,Bareilly,Uttar Pradesh,09AAFCG9846E1Z9,Bareilly,Uttar Pradesh,DELIVERED,19059090,0,0,0,0,1,198,178,0,0,0,0,0,178
480,1546164678,07-12-2025,10205139,"Vyndo Methi Bajra Khakhra, Healthy Millet Snacks",Vyndo,8906172900235,"Vyndo Methi Bajra Khakhra, Healthy Millet Snacks(Pouch)",Munchies -> Namkeen Snacks -> Namkeen Snacks,Grocery - Snacks & Packaged Foods,Goa,Goa,30AAFCG9846E1ZO,Goa,Goa,DELIVERED,19059090,0,0,0,0,1,198,178,0,0,0,0,0,178
481,1545846902,07-12-2025,10205139,"Vyndo Methi Bajra Khakhra, Healthy Millet Snacks",Vyndo,8906172900235,"Vyndo Methi Bajra Khakhra, Healthy Millet Snacks(Pouch)",Munchies -> Namkeen Snacks -> Namkeen Snacks,Grocery - Snacks & Packaged Foods,Mumbai,Maharashtra,27AAFCG9846E1ZB,Mumbai,Maharashtra,DELIVERED,19059090,0,0,0,0,1,198,178,0,0,0,0,0,178
482,1545473765,07-12-2025,10205139,"Vyndo Methi Bajra Khakhra, Healthy Millet Snacks",Vyndo,8906172900235,"Vyndo Methi Bajra Khakhra, Healthy Millet Snacks(Pouch)",Munchies -> Namkeen Snacks -> Namkeen Snacks,Grocery - Snacks & Packaged Foods,Bengaluru,Karnataka,29AAFCG9846E1Z7,Bengaluru,Karnataka,DELIVERED,19059090,0,0,0,0,1,198,178,0,0,0,0,0,178
483,1546439059,07-12-2025,10205139,"Vyndo Methi Bajra Khakhra, Healthy Millet Snacks",Vyndo,8906172900235,"Vyndo Methi Bajra Khakhra, Healthy Millet Snacks(Pouch)",Munchies -> Namkeen Snacks -> Namkeen Snacks,Grocery - Snacks & Packaged Foods,Pune,Maharashtra,27AAFCG9846E1ZB,Pune,Maharashtra,DELIVERED,19059090,0,0,0,0,1,198,178,0,0,0,0,0,178
484,1543597718,07-12-2025,10205139,"Vyndo Methi Bajra Khakhra, Healthy Millet Snacks",Vyndo,8906172900235,"Vyndo Methi Bajra Khakhra, Healthy Millet Snacks(Pouch)",Munchies -> Namkeen Snacks -> Namkeen Snacks,Grocery - Snacks & Packaged Foods,Kolkata,West Bengal,19AAFCG9846E1Z8,Kolkata,West Bengal,DELIVERED,19059090,0,0,0,0,1,198,178,0,0,0,0,0,178
485,1544920919,07-12-2025,10205139,"Vyndo Methi Bajra Khakhra, Healthy Millet Snacks",Vyndo,8906172900235,"Vyndo Methi Bajra Khakhra, Healthy Millet Snacks(Pouch)",Munchies -> Namkeen Snacks -> Namkeen Snacks,Grocery - Snacks & Packaged Foods,Faridabad,Haryana,06AAFCG9846E1ZF,Faridabad,Haryana,DELIVERED,19059090,0,0,0,0,1,198,178,0,0,0,0,0,178
486,1544291910,07-12-2025,10205139,"Vyndo Methi Bajra Khakhra, Healthy Millet Snacks",Vyndo,8906172900235,"Vyndo Methi Bajra Khakhra, Healthy Millet Snacks(Pouch)",Munchies -> Namkeen Snacks -> Namkeen Snacks,Grocery - Snacks & Packaged Foods,UP-NCR,Uttar Pradesh,09AAFCG9846E1Z9,Ghaziabad,Uttar Pradesh,DELIVERED,19059090,0,0,0,0,1,198,178,0,0,0,0,0,178
487,1544570562,07-12-2025,10205139,"Vyndo Methi Bajra Khakhra, Healthy Millet Snacks",Vyndo,8906172900235,"Vyndo Methi Bajra Khakhra, Healthy Millet Snacks(Pouch)",Munchies -> Namkeen Snacks -> Namkeen Snacks,Grocery - Snacks & Packaged Foods,Bengaluru,Karnataka,29AAFCG9846E1Z7,Bengaluru,Karnataka,DELIVERED,19059090,0,0,0,0,1,198,178,0,0,0,0,0,178
488,1546165849,07-12-2025,10205139,"Vyndo Methi Bajra Khakhra, Healthy Millet Snacks",Vyndo,8906172900235,"Vyndo Methi Bajra Khakhra, Healthy Millet Snacks(Pouch)",Munchies -> Namkeen Snacks -> Namkeen Snacks,Grocery - Snacks & Packaged Foods,UP-NCR,Uttar Pradesh,09AAFCG9846E1Z9,Ghaziabad,Uttar Pradesh,DELIVERED,19059090,0,0,0,0,1,198,178,0,0,0,0,0,178
489,1544086881,07-12-2025,10205139,"Vyndo Methi Bajra Khakhra, Healthy Millet Snacks",Vyndo,8906172900235,"Vyndo Methi Bajra Khakhra, Healthy Millet Snacks(Pouch)",Munchies -> Namkeen Snacks -> Namkeen Snacks,Grocery - Snacks & Packaged Foods,Mumbai,Maharashtra,27AAFCG9846E1ZB,Mumbai,Maharashtra,DELIVERED,19059090,0,0,0,0,1,198,178,0,0,0,0,0,178
490,1546576299,07-12-2025,10235934,Vyndo Baked Peri Peri Soya Sticks,Vyndo,8906172900396,Vyndo Baked Peri Peri Soya Sticks / Soya Chalks(Pouch),Munchies -> Namkeen Snacks -> Namkeen Snacks,Grocery - Snacks & Packaged Foods,Anand,Gujarat,24AAFCG9846E1ZH,Anand,Gujarat,DELIVERED,19042000,0,2.5,2.5,0,1,140,120,0,2.86,2.86,0,2.86,120
491,1545201863,07-12-2025,10267273,Vyndo Assorted Khakhra & Bhakhri,Vyndo,8906172900501,Vyndo Assorted Khakhra & Bhakhri(Packet),Organic & Premium -> Snacks & Munchies -> Snacks & Munchies,Grocery - Snacks & Packaged Foods,Mumbai,Maharashtra,27AAFCG9846E1ZB,Mumbai,Maharashtra,DELIVERED,19059090,0,0,0,0,1,160,144,0,0,0,0,0,144
492,1544715035,07-12-2025,10267273,Vyndo Assorted Khakhra & Bhakhri,Vyndo,8906172900501,Vyndo Assorted Khakhra & Bhakhri(Packet),Organic & Premium -> Snacks & Munchies -> Snacks & Munchies,Grocery - Snacks & Packaged Foods,Mumbai,Maharashtra,27AAFCG9846E1ZB,Mumbai,Maharashtra,DELIVERED,19059090,0,0,0,0,1,160,144,0,0,0,0,0,144
493,1544659758,07-12-2025,10267273,Vyndo Assorted Khakhra & Bhakhri,Vyndo,8906172900501,Vyndo Assorted Khakhra & Bhakhri(Packet),Organic & Premium -> Snacks & Munchies -> Snacks & Munchies,Grocery - Snacks & Packaged Foods,Mumbai,Maharashtra,27AAFCG9846E1ZB,Mumbai,Maharashtra,DELIVERED,19059090,0,0,0,0,1,160,144,0,0,0,0,0,144
494,1548837350,08-12-2025,10196943,"Vyndo Masala Ragi Bhakhri, Healthy Millet Snacks",Vyndo,8906172900495,"Vyndo Masala Ragi Bhakhri, Healthy Millet Snacks(Pack)",Munchies -> Namkeen Snacks -> Namkeen Snacks,Grocery - Snacks & Packaged Foods,Kolkata,West Bengal,19AAFCG9846E1Z8,Kolkata,West Bengal,DELIVERED,19059090,0,0,0,0,1,198,178,0,0,0,0,0,178
495,1548021747,08-12-2025,10196943,"Vyndo Masala Ragi Bhakhri, Healthy Millet Snacks",Vyndo,8906172900495,"Vyndo Masala Ragi Bhakhri, Healthy Millet Snacks(Pack)",Munchies -> Namkeen Snacks -> Namkeen Snacks,Grocery - Snacks & Packaged Foods,Bengaluru,Karnataka,29AAFCG9846E1Z7,Bengaluru,Karnataka,DELIVERED,19059090,0,0,0,0,1,198,178,0,0,0,0,0,178
496,1548950533,08-12-2025,10196943,"Vyndo Masala Ragi Bhakhri, Healthy Millet Snacks",Vyndo,8906172900495,"Vyndo Masala Ragi Bhakhri, Healthy Millet Snacks(Pack)",Munchies -> Namkeen Snacks -> Namkeen Snacks,Grocery - Snacks & Packaged Foods,Kolkata,West Bengal,19AAFCG9846E1Z8,Kolkata,West Bengal,DELIVERED,19059090,0,0,0,0,1,198,178,0,0,0,0,0,178
497,1549295757,08-12-2025,10197316,Vyndo Farali Millet Bhakhri Fasting Energy Snacks,Vyndo,8906172900358,Vyndo Farali Millet Bhakhri Fasting Energy Snacks,Organic & Premium -> Snacks & Munchies -> Snacks & Munchies,Grocery - Snacks & Packaged Foods,Mumbai,Maharashtra,27AAFCG9846E1ZB,Mumbai,Maharashtra,DELIVERED,19059090,0,0,0,0,1,198,178,0,0,0,0,0,178
498,1548837350,08-12-2025,10197316,Vyndo Farali Millet Bhakhri Fasting Energy Snacks,Vyndo,8906172900358,Vyndo Farali Millet Bhakhri Fasting Energy Snacks,Organic & Premium -> Snacks & Munchies -> Snacks & Munchies,Grocery - Snacks & Packaged Foods,Kolkata,West Bengal,19AAFCG9846E1Z8,Kolkata,West Bengal,DELIVERED,19059090,0,0,0,0,1,198,178,0,0,0,0,0,178
499,1548281939,08-12-2025,10197316,Vyndo Farali Millet Bhakhri Fasting Energy Snacks,Vyndo,8906172900358,Vyndo Farali Millet Bhakhri Fasting Energy Snacks,Organic & Premium -> Snacks & Munchies -> Snacks & Munchies,Grocery - Snacks & Packaged Foods,Mumbai,Maharashtra,27AAFCG9846E1ZB,Mumbai,Maharashtra,DELIVERED,19059090,0,0,0,0,1,198,178,0,0,0,0,0,178
500,1548939453,08-12-2025,10197316,Vyndo Farali Millet Bhakhri Fasting Energy Snacks,Vyndo,8906172900358,Vyndo Farali Millet Bhakhri Fasting Energy Snacks,Organic & Premium -> Snacks & Munchies -> Snacks & Munchies,Grocery - Snacks & Packaged Foods,Lucknow,Uttar Pradesh,09AAFCG9846E1Z9,Lucknow,Uttar Pradesh,DELIVERED,19059090,0,0,0,0,1,198,178,0,0,0,0,0,178
501,1547641115,08-12-2025,10197316,Vyndo Farali Millet Bhakhri Fasting Energy Snacks,Vyndo,8906172900358,Vyndo Farali Millet Bhakhri Fasting Energy Snacks,Organic & Premium -> Snacks & Munchies -> Snacks & Munchies,Grocery - Snacks & Packaged Foods,Pune,Maharashtra,27AAFCG9846E1ZB,Pune,Maharashtra,DELIVERED,19059090,0,0,0,0,1,198,178,0,0,0,0,0,178
502,1547931053,08-12-2025,10197316,Vyndo Farali Millet Bhakhri Fasting Energy Snacks,Vyndo,8906172900358,Vyndo Farali Millet Bhakhri Fasting Energy Snacks,Organic & Premium -> Snacks & Munchies -> Snacks & Munchies,Grocery - Snacks & Packaged Foods,Pune,Maharashtra,27AAFCG9846E1ZB,Pune,Maharashtra,DELIVERED,19059090,0,0,0,0,1,198,178,0,0,0,0,0,178
503,1547858312,08-12-2025,10197316,Vyndo Farali Millet Bhakhri Fasting Energy Snacks,Vyndo,8906172900358,Vyndo Farali Millet Bhakhri Fasting Energy Snacks,Organic & Premium -> Snacks & Munchies -> Snacks & Munchies,Grocery - Snacks & Packaged Foods,Faridabad,Haryana,06AAFCG9846E1ZF,Faridabad,Haryana,DELIVERED,19059090,0,0,0,0,1,198,178,0,0,0,0,0,178
504,1546964776,08-12-2025,10197316,Vyndo Farali Millet Bhakhri Fasting Energy Snacks,Vyndo,8906172900358,Vyndo Farali Millet Bhakhri Fasting Energy Snacks,Organic & Premium -> Snacks & Munchies -> Snacks & Munchies,Grocery - Snacks & Packaged Foods,Pune,Maharashtra,27AAFCG9846E1ZB,Pune,Maharashtra,DELIVERED,19059090,0,0,0,0,1,198,178,0,0,0,0,0,178
505,1549428303,08-12-2025,10197316,Vyndo Farali Millet Bhakhri Fasting Energy Snacks,Vyndo,8906172900358,Vyndo Farali Millet Bhakhri Fasting Energy Snacks,Organic & Premium -> Snacks & Munchies -> Snacks & Munchies,Grocery - Snacks & Packaged Foods,Pune,Maharashtra,27AAFCG9846E1ZB,Pune,Maharashtra,DELIVERED,19059090,0,0,0,0,1,198,178,0,0,0,0,0,178
506,1548736297,08-12-2025,10197316,Vyndo Farali Millet Bhakhri Fasting Energy Snacks,Vyndo,8906172900358,Vyndo Farali Millet Bhakhri Fasting Energy Snacks,Organic & Premium -> Snacks & Munchies -> Snacks & Munchies,Grocery - Snacks & Packaged Foods,Mumbai,Maharashtra,27AAFCG9846E1ZB,Mumbai,Maharashtra,DELIVERED,19059090,0,0,0,0,1,198,178,0,0,0,0,0,178
507,1549242266,08-12-2025,10197316,Vyndo Farali Millet Bhakhri Fasting Energy Snacks,Vyndo,8906172900358,Vyndo Farali Millet Bhakhri Fasting Energy Snacks,Organic & Premium -> Snacks & Munchies -> Snacks & Munchies,Grocery - Snacks & Packaged Foods,Chennai,Tamil Nadu,33AAFCG9846E1ZI,Chennai,Tamil Nadu,DELIVERED,19059090,0,0,0,0,1,198,178,0,0,0,0,0,178
508,1548295144,08-12-2025,10197316,Vyndo Farali Millet Bhakhri Fasting Energy Snacks,Vyndo,8906172900358,Vyndo Farali Millet Bhakhri Fasting Energy Snacks,Organic & Premium -> Snacks & Munchies -> Snacks & Munchies,Grocery - Snacks & Packaged Foods,Lucknow,Uttar Pradesh,09AAFCG9846E1Z9,Lucknow,Uttar Pradesh,DELIVERED,19059090,0,0,0,0,1,198,178,0,0,0,0,0,178
509,1547770613,08-12-2025,10197316,Vyndo Farali Millet Bhakhri Fasting Energy Snacks,Vyndo,8906172900358,Vyndo Farali Millet Bhakhri Fasting Energy Snacks,Organic & Premium -> Snacks & Munchies -> Snacks & Munchies,Grocery - Snacks & Packaged Foods,Pune,Maharashtra,27AAFCG9846E1ZB,Pune,Maharashtra,DELIVERED,19059090,0,0,0,0,1,198,178,0,0,0,0,0,178
510,1547234760,08-12-2025,10197316,Vyndo Farali Millet Bhakhri Fasting Energy Snacks,Vyndo,8906172900358,Vyndo Farali Millet Bhakhri Fasting Energy Snacks,Organic & Premium -> Snacks & Munchies -> Snacks & Munchies,Grocery - Snacks & Packaged Foods,UP-NCR,Uttar Pradesh,09AAFCG9846E1Z9,Ghaziabad,Uttar Pradesh,DELIVERED,19059090,0,0,0,0,1,198,178,0,0,0,0,0,178
511,1548620494,08-12-2025,10200587,"Vyndo Moong Bajra Bhakhri, Healthy Millet Snacks",Vyndo,8906172900365,"Vyndo Moong Bajra Bhakhri, Healthy Millet Snacks(Box)",Munchies -> Namkeen Snacks -> Namkeen Snacks,Grocery - Snacks & Packaged Foods,Bengaluru,Karnataka,29AAFCG9846E1Z7,Bengaluru,Karnataka,DELIVERED,19059090,0,0,0,0,1,198,178,0,0,0,0,0,178
512,1547303072,08-12-2025,10200587,"Vyndo Moong Bajra Bhakhri, Healthy Millet Snacks",Vyndo,8906172900365,"Vyndo Moong Bajra Bhakhri, Healthy Millet Snacks(Box)",Munchies -> Namkeen Snacks -> Namkeen Snacks,Grocery - Snacks & Packaged Foods,Mumbai,Maharashtra,27AAFCG9846E1ZB,Mumbai,Maharashtra,DELIVERED,19059090,0,0,0,0,1,198,178,0,0,0,0,0,178
513,1547553824,08-12-2025,10200587,"Vyndo Moong Bajra Bhakhri, Healthy Millet Snacks",Vyndo,8906172900365,"Vyndo Moong Bajra Bhakhri, Healthy Millet Snacks(Box)",Munchies -> Namkeen Snacks -> Namkeen Snacks,Grocery - Snacks & Packaged Foods,Mumbai,Maharashtra,27AAFCG9846E1ZB,Mumbai,Maharashtra,DELIVERED,19059090,0,0,0,0,1,198,178,0,0,0,0,0,178
514,1548021747,08-12-2025,10200587,"Vyndo Moong Bajra Bhakhri, Healthy Millet Snacks",Vyndo,8906172900365,"Vyndo Moong Bajra Bhakhri, Healthy Millet Snacks(Box)",Munchies -> Namkeen Snacks -> Namkeen Snacks,Grocery - Snacks & Packaged Foods,Bengaluru,Karnataka,29AAFCG9846E1Z7,Bengaluru,Karnataka,DELIVERED,19059090,0,0,0,0,1,198,178,0,0,0,0,0,178
515,1547371985,08-12-2025,10200587,"Vyndo Moong Bajra Bhakhri, Healthy Millet Snacks",Vyndo,8906172900365,"Vyndo Moong Bajra Bhakhri, Healthy Millet Snacks(Box)",Munchies -> Namkeen Snacks -> Namkeen Snacks,Grocery - Snacks & Packaged Foods,Mumbai,Maharashtra,27AAFCG9846E1ZB,Mumbai,Maharashtra,DELIVERED,19059090,0,0,0,0,1,198,178,0,0,0,0,0,178
516,1549445043,08-12-2025,10200590,"Vyndo Roasted Ragi Bhakhri, Healthy Millet Snacks",Vyndo,8906172900372,"Vyndo Roasted Ragi Bhakhri, Healthy Millet Snacks(Box)",Munchies -> Namkeen Snacks -> Namkeen Snacks,Grocery - Snacks & Packaged Foods,Bengaluru,Karnataka,29AAFCG9846E1Z7,Bengaluru,Karnataka,DELIVERED,19059090,0,0,0,0,1,198,178,0,0,0,0,0,178
517,1547889708,08-12-2025,10200590,"Vyndo Roasted Ragi Bhakhri, Healthy Millet Snacks",Vyndo,8906172900372,"Vyndo Roasted Ragi Bhakhri, Healthy Millet Snacks(Box)",Munchies -> Namkeen Snacks -> Namkeen Snacks,Grocery - Snacks & Packaged Foods,Mumbai,Maharashtra,27AAFCG9846E1ZB,Mumbai,Maharashtra,DELIVERED,19059090,0,0,0,0,1,198,178,0,0,0,0,0,178
518,1547245010,08-12-2025,10200590,"Vyndo Roasted Ragi Bhakhri, Healthy Millet Snacks",Vyndo,8906172900372,"Vyndo Roasted Ragi Bhakhri, Healthy Millet Snacks(Box)",Munchies -> Namkeen Snacks -> Namkeen Snacks,Grocery - Snacks & Packaged Foods,Pune,Maharashtra,27AAFCG9846E1ZB,Pune,Maharashtra,DELIVERED,19059090,0,0,0,0,1,198,178,0,0,0,0,0,178
519,1548906318,08-12-2025,10200590,"Vyndo Roasted Ragi Bhakhri, Healthy Millet Snacks",Vyndo,8906172900372,"Vyndo Roasted Ragi Bhakhri, Healthy Millet Snacks(Box)",Munchies -> Namkeen Snacks -> Namkeen Snacks,Grocery - Snacks & Packaged Foods,Pune,Maharashtra,27AAFCG9846E1ZB,Pune,Maharashtra,DELIVERED,19059090,0,0,0,0,1,198,178,0,0,0,0,0,178
520,1547501233,08-12-2025,10200590,"Vyndo Roasted Ragi Bhakhri, Healthy Millet Snacks",Vyndo,8906172900372,"Vyndo Roasted Ragi Bhakhri, Healthy Millet Snacks(Box)",Munchies -> Namkeen Snacks -> Namkeen Snacks,Grocery - Snacks & Packaged Foods,Pune,Maharashtra,27AAFCG9846E1ZB,Pune,Maharashtra,DELIVERED,19059090,0,0,0,0,1,198,178,0,0,0,0,0,178
521,1548791960,08-12-2025,10200590,"Vyndo Roasted Ragi Bhakhri, Healthy Millet Snacks",Vyndo,8906172900372,"Vyndo Roasted Ragi Bhakhri, Healthy Millet Snacks(Box)",Munchies -> Namkeen Snacks -> Namkeen Snacks,Grocery - Snacks & Packaged Foods,UP-NCR,Uttar Pradesh,09AAFCG9846E1Z9,Ghaziabad,Uttar Pradesh,DELIVERED,19059090,0,0,0,0,1,198,178,0,0,0,0,0,178
522,1547286696,08-12-2025,10200590,"Vyndo Roasted Ragi Bhakhri, Healthy Millet Snacks",Vyndo,8906172900372,"Vyndo Roasted Ragi Bhakhri, Healthy Millet Snacks(Box)",Munchies -> Namkeen Snacks -> Namkeen Snacks,Grocery - Snacks & Packaged Foods,Bengaluru,Karnataka,29AAFCG9846E1Z7,Bengaluru,Karnataka,DELIVERED,19059090,0,0,0,0,1,198,178,0,0,0,0,0,178
523,1547286696,08-12-2025,10200590,"Vyndo Roasted Ragi Bhakhri, Healthy Millet Snacks",Vyndo,8906172900372,"Vyndo Roasted Ragi Bhakhri, Healthy Millet Snacks(Box)",Munchies -> Namkeen Snacks -> Namkeen Snacks,Grocery - Snacks & Packaged Foods,Bengaluru,Karnataka,29AAFCG9846E1Z7,Bengaluru,Karnataka,DELIVERED,19059090,0,0,0,0,2,198,178,0,0,0,0,0,356
524,1549348811,08-12-2025,10200590,"Vyndo Roasted Ragi Bhakhri, Healthy Millet Snacks",Vyndo,8906172900372,"Vyndo Roasted Ragi Bhakhri, Healthy Millet Snacks(Box)",Munchies -> Namkeen Snacks -> Namkeen Snacks,Grocery - Snacks & Packaged Foods,Faridabad,Haryana,06AAFCG9846E1ZF,Faridabad,Haryana,DELIVERED,19059090,0,0,0,0,1,198,178,0,0,0,0,0,178
525,1548464045,08-12-2025,10200590,"Vyndo Roasted Ragi Bhakhri, Healthy Millet Snacks",Vyndo,8906172900372,"Vyndo Roasted Ragi Bhakhri, Healthy Millet Snacks(Box)",Munchies -> Namkeen Snacks -> Namkeen Snacks,Grocery - Snacks & Packaged Foods,Pune,Maharashtra,27AAFCG9846E1ZB,Pune,Maharashtra,DELIVERED,19059090,0,0,0,0,1,198,178,0,0,0,0,0,178
526,1548929003,08-12-2025,10200590,"Vyndo Roasted Ragi Bhakhri, Healthy Millet Snacks",Vyndo,8906172900372,"Vyndo Roasted Ragi Bhakhri, Healthy Millet Snacks(Box)",Munchies -> Namkeen Snacks -> Namkeen Snacks,Grocery - Snacks & Packaged Foods,Pune,Maharashtra,27AAFCG9846E1ZB,Pune,Maharashtra,DELIVERED,19059090,0,0,0,0,2,198,178,0,0,0,0,0,356
527,1548021749,08-12-2025,10200590,"Vyndo Roasted Ragi Bhakhri, Healthy Millet Snacks",Vyndo,8906172900372,"Vyndo Roasted Ragi Bhakhri, Healthy Millet Snacks(Box)",Munchies -> Namkeen Snacks -> Namkeen Snacks,Grocery - Snacks & Packaged Foods,Bengaluru,Karnataka,29AAFCG9846E1Z7,Bengaluru,Karnataka,DELIVERED,19059090,0,0,0,0,1,198,178,0,0,0,0,0,178
528,1548747423,08-12-2025,10200590,"Vyndo Roasted Ragi Bhakhri, Healthy Millet Snacks",Vyndo,8906172900372,"Vyndo Roasted Ragi Bhakhri, Healthy Millet Snacks(Box)",Munchies -> Namkeen Snacks -> Namkeen Snacks,Grocery - Snacks & Packaged Foods,Kanpur,Uttar Pradesh,09AAFCG9846E1Z9,Kanpur,Uttar Pradesh,DELIVERED,19059090,0,0,0,0,2,198,178,0,0,0,0,0,356
529,1547234760,08-12-2025,10200590,"Vyndo Roasted Ragi Bhakhri, Healthy Millet Snacks",Vyndo,8906172900372,"Vyndo Roasted Ragi Bhakhri, Healthy Millet Snacks(Box)",Munchies -> Namkeen Snacks -> Namkeen Snacks,Grocery - Snacks & Packaged Foods,UP-NCR,Uttar Pradesh,09AAFCG9846E1Z9,Ghaziabad,Uttar Pradesh,DELIVERED,19059090,0,0,0,0,1,198,178,0,0,0,0,0,178
530,1548145232,08-12-2025,10204795,Vyndo Sattu Khakhra,Vyndo,8906172900198,Vyndo Sattu Khakhra(Packet),Munchies -> Namkeen Snacks -> Namkeen Snacks,Grocery - Snacks & Packaged Foods,UP-NCR,Uttar Pradesh,09AAFCG9846E1Z9,Ghaziabad,Uttar Pradesh,DELIVERED,19059090,0,0,0,0,1,198,178,0,0,0,0,0,178
531,1549336014,08-12-2025,10204795,Vyndo Sattu Khakhra,Vyndo,8906172900198,Vyndo Sattu Khakhra(Packet),Munchies -> Namkeen Snacks -> Namkeen Snacks,Grocery - Snacks & Packaged Foods,Bengaluru,Karnataka,29AAFCG9846E1Z7,Bengaluru,Karnataka,DELIVERED,19059090,0,0,0,0,1,198,178,0,0,0,0,0,178
532,1547948572,08-12-2025,10204795,Vyndo Sattu Khakhra,Vyndo,8906172900198,Vyndo Sattu Khakhra(Packet),Munchies -> Namkeen Snacks -> Namkeen Snacks,Grocery - Snacks & Packaged Foods,Mumbai,Maharashtra,27AAFCG9846E1ZB,Mumbai,Maharashtra,DELIVERED,19059090,0,0,0,0,1,198,178,0,0,0,0,0,178
533,1549406704,08-12-2025,10204795,Vyndo Sattu Khakhra,Vyndo,8906172900198,Vyndo Sattu Khakhra(Packet),Munchies -> Namkeen Snacks -> Namkeen Snacks,Grocery - Snacks & Packaged Foods,Mumbai,Maharashtra,27AAFCG9846E1ZB,Mumbai,Maharashtra,DELIVERED,19059090,0,0,0,0,1,198,178,0,0,0,0,0,178
534,1548403997,08-12-2025,10204795,Vyndo Sattu Khakhra,Vyndo,8906172900198,Vyndo Sattu Khakhra(Packet),Munchies -> Namkeen Snacks -> Namkeen Snacks,Grocery - Snacks & Packaged Foods,Lucknow,Uttar Pradesh,09AAFCG9846E1Z9,Lucknow,Uttar Pradesh,DELIVERED,19059090,0,0,0,0,1,198,178,0,0,0,0,0,178
535,1548288403,08-12-2025,10204795,Vyndo Sattu Khakhra,Vyndo,8906172900198,Vyndo Sattu Khakhra(Packet),Munchies -> Namkeen Snacks -> Namkeen Snacks,Grocery - Snacks & Packaged Foods,Mumbai,Maharashtra,27AAFCG9846E1ZB,Mumbai,Maharashtra,DELIVERED,19059090,0,0,0,0,1,198,178,0,0,0,0,0,178
536,1548167650,08-12-2025,10204795,Vyndo Sattu Khakhra,Vyndo,8906172900198,Vyndo Sattu Khakhra(Packet),Munchies -> Namkeen Snacks -> Namkeen Snacks,Grocery - Snacks & Packaged Foods,Mumbai,Maharashtra,27AAFCG9846E1ZB,Mumbai,Maharashtra,DELIVERED,19059090,0,0,0,0,1,198,178,0,0,0,0,0,178
537,1549458607,08-12-2025,10204798,"Vyndo Chorafali Khakhra, Healthy Millet Snacks",Vyndo,8906172900204,"Vyndo Chorafali Khakhra, Healthy Millet Snacks(Packet)",Munchies -> Namkeen Snacks -> Namkeen Snacks,Grocery - Snacks & Packaged Foods,Mumbai,Maharashtra,27AAFCG9846E1ZB,Mumbai,Maharashtra,DELIVERED,19059090,0,0,0,0,1,198,178,0,0,0,0,0,178
538,1548575690,08-12-2025,10204798,"Vyndo Chorafali Khakhra, Healthy Millet Snacks",Vyndo,8906172900204,"Vyndo Chorafali Khakhra, Healthy Millet Snacks(Packet)",Munchies -> Namkeen Snacks -> Namkeen Snacks,Grocery - Snacks & Packaged Foods,Bengaluru,Karnataka,29AAFCG9846E1Z7,Bengaluru,Karnataka,DELIVERED,19059090,0,0,0,0,1,198,178,0,0,0,0,0,178
539,1548433567,08-12-2025,10204798,"Vyndo Chorafali Khakhra, Healthy Millet Snacks",Vyndo,8906172900204,"Vyndo Chorafali Khakhra, Healthy Millet Snacks(Packet)",Munchies -> Namkeen Snacks -> Namkeen Snacks,Grocery - Snacks & Packaged Foods,Pune,Maharashtra,27AAFCG9846E1ZB,Pune,Maharashtra,DELIVERED,19059090,0,0,0,0,1,198,178,0,0,0,0,0,178
540,1547604724,08-12-2025,10204798,"Vyndo Chorafali Khakhra, Healthy Millet Snacks",Vyndo,8906172900204,"Vyndo Chorafali Khakhra, Healthy Millet Snacks(Packet)",Munchies -> Namkeen Snacks -> Namkeen Snacks,Grocery - Snacks & Packaged Foods,Pune,Maharashtra,27AAFCG9846E1ZB,Pune,Maharashtra,DELIVERED,19059090,0,0,0,0,1,198,178,0,0,0,0,0,178
541,1547514910,08-12-2025,10204798,"Vyndo Chorafali Khakhra, Healthy Millet Snacks",Vyndo,8906172900204,"Vyndo Chorafali Khakhra, Healthy Millet Snacks(Packet)",Munchies -> Namkeen Snacks -> Namkeen Snacks,Grocery - Snacks & Packaged Foods,Ahmedabad,Gujarat,24AAFCG9846E1ZH,Ahmedabad,Gujarat,DELIVERED,19059090,0,0,0,0,1,198,178,0,0,0,0,0,178
542,1549200594,08-12-2025,10204798,"Vyndo Chorafali Khakhra, Healthy Millet Snacks",Vyndo,8906172900204,"Vyndo Chorafali Khakhra, Healthy Millet Snacks(Packet)",Munchies -> Namkeen Snacks -> Namkeen Snacks,Grocery - Snacks & Packaged Foods,UP-NCR,Uttar Pradesh,09AAFCG9846E1Z9,Ghaziabad,Uttar Pradesh,DELIVERED,19059090,0,0,0,0,1,198,178,0,0,0,0,0,178
543,1548268871,08-12-2025,10204798,"Vyndo Chorafali Khakhra, Healthy Millet Snacks",Vyndo,8906172900204,"Vyndo Chorafali Khakhra, Healthy Millet Snacks(Packet)",Munchies -> Namkeen Snacks -> Namkeen Snacks,Grocery - Snacks & Packaged Foods,Pune,Maharashtra,27AAFCG9846E1ZB,Pune,Maharashtra,DELIVERED,19059090,0,0,0,0,1,198,178,0,0,0,0,0,178
544,1547246865,08-12-2025,10204798,"Vyndo Chorafali Khakhra, Healthy Millet Snacks",Vyndo,8906172900204,"Vyndo Chorafali Khakhra, Healthy Millet Snacks(Packet)",Munchies -> Namkeen Snacks -> Namkeen Snacks,Grocery - Snacks & Packaged Foods,Pune,Maharashtra,27AAFCG9846E1ZB,Pune,Maharashtra,DELIVERED,19059090,0,0,0,0,1,198,178,0,0,0,0,0,178
545,1548226162,08-12-2025,10204798,"Vyndo Chorafali Khakhra, Healthy Millet Snacks",Vyndo,8906172900204,"Vyndo Chorafali Khakhra, Healthy Millet Snacks(Packet)",Munchies -> Namkeen Snacks -> Namkeen Snacks,Grocery - Snacks & Packaged Foods,Pune,Maharashtra,27AAFCG9846E1ZB,Pune,Maharashtra,DELIVERED,19059090,0,0,0,0,1,198,178,0,0,0,0,0,178
546,1548876206,08-12-2025,10204798,"Vyndo Chorafali Khakhra, Healthy Millet Snacks",Vyndo,8906172900204,"Vyndo Chorafali Khakhra, Healthy Millet Snacks(Packet)",Munchies -> Namkeen Snacks -> Namkeen Snacks,Grocery - Snacks & Packaged Foods,Ahmedabad,Gujarat,24AAFCG9846E1ZH,Ahmedabad,Gujarat,DELIVERED,19059090,0,0,0,0,1,198,178,0,0,0,0,0,178
547,1546912885,08-12-2025,10204798,"Vyndo Chorafali Khakhra, Healthy Millet Snacks",Vyndo,8906172900204,"Vyndo Chorafali Khakhra, Healthy Millet Snacks(Packet)",Munchies -> Namkeen Snacks -> Namkeen Snacks,Grocery - Snacks & Packaged Foods,Mumbai,Maharashtra,27AAFCG9846E1ZB,Mumbai,Maharashtra,DELIVERED,19059090,0,0,0,0,1,198,178,0,0,0,0,0,178
548,1547433228,08-12-2025,10204798,"Vyndo Chorafali Khakhra, Healthy Millet Snacks",Vyndo,8906172900204,"Vyndo Chorafali Khakhra, Healthy Millet Snacks(Packet)",Munchies -> Namkeen Snacks -> Namkeen Snacks,Grocery - Snacks & Packaged Foods,Bengaluru,Karnataka,29AAFCG9846E1Z7,Bengaluru,Karnataka,DELIVERED,19059090,0,0,0,0,1,198,178,0,0,0,0,0,178
549,1547894853,08-12-2025,10204798,"Vyndo Chorafali Khakhra, Healthy Millet Snacks",Vyndo,8906172900204,"Vyndo Chorafali Khakhra, Healthy Millet Snacks(Packet)",Munchies -> Namkeen Snacks -> Namkeen Snacks,Grocery - Snacks & Packaged Foods,Bengaluru,Karnataka,29AAFCG9846E1Z7,Bengaluru,Karnataka,DELIVERED,19059090,0,0,0,0,1,198,178,0,0,0,0,0,178
550,1548491670,08-12-2025,10204798,"Vyndo Chorafali Khakhra, Healthy Millet Snacks",Vyndo,8906172900204,"Vyndo Chorafali Khakhra, Healthy Millet Snacks(Packet)",Munchies -> Namkeen Snacks -> Namkeen Snacks,Grocery - Snacks & Packaged Foods,UP-NCR,Uttar Pradesh,09AAFCG9846E1Z9,Ghaziabad,Uttar Pradesh,DELIVERED,19059090,0,0,0,0,1,198,178,0,0,0,0,0,178
551,1548056705,08-12-2025,10205139,"Vyndo Methi Bajra Khakhra, Healthy Millet Snacks",Vyndo,8906172900235,"Vyndo Methi Bajra Khakhra, Healthy Millet Snacks(Pouch)",Munchies -> Namkeen Snacks -> Namkeen Snacks,Grocery - Snacks & Packaged Foods,Bengaluru,Karnataka,29AAFCG9846E1Z7,Bengaluru,Karnataka,DELIVERED,19059090,0,0,0,0,1,198,178,0,0,0,0,0,178
552,1548352488,08-12-2025,10205139,"Vyndo Methi Bajra Khakhra, Healthy Millet Snacks",Vyndo,8906172900235,"Vyndo Methi Bajra Khakhra, Healthy Millet Snacks(Pouch)",Munchies -> Namkeen Snacks -> Namkeen Snacks,Grocery - Snacks & Packaged Foods,Lucknow,Uttar Pradesh,09AAFCG9846E1Z9,Lucknow,Uttar Pradesh,DELIVERED,19059090,0,0,0,0,1,198,178,0,0,0,0,0,178
553,1547418712,08-12-2025,10205139,"Vyndo Methi Bajra Khakhra, Healthy Millet Snacks",Vyndo,8906172900235,"Vyndo Methi Bajra Khakhra, Healthy Millet Snacks(Pouch)",Munchies -> Namkeen Snacks -> Namkeen Snacks,Grocery - Snacks & Packaged Foods,Mumbai,Maharashtra,27AAFCG9846E1ZB,Mumbai,Maharashtra,DELIVERED,19059090,0,0,0,0,1,198,178,0,0,0,0,0,178
554,1548079014,08-12-2025,10205139,"Vyndo Methi Bajra Khakhra, Healthy Millet Snacks",Vyndo,8906172900235,"Vyndo Methi Bajra Khakhra, Healthy Millet Snacks(Pouch)",Munchies -> Namkeen Snacks -> Namkeen Snacks,Grocery - Snacks & Packaged Foods,Mumbai,Maharashtra,27AAFCG9846E1ZB,Mumbai,Maharashtra,DELIVERED,19059090,0,0,0,0,1,198,178,0,0,0,0,0,178
555,1548694409,08-12-2025,10205139,"Vyndo Methi Bajra Khakhra, Healthy Millet Snacks",Vyndo,8906172900235,"Vyndo Methi Bajra Khakhra, Healthy Millet Snacks(Pouch)",Munchies -> Namkeen Snacks -> Namkeen Snacks,Grocery - Snacks & Packaged Foods,Ahmedabad,Gujarat,24AAFCG9846E1ZH,Ahmedabad,Gujarat,DELIVERED,19059090,0,0,0,0,1,198,178,0,0,0,0,0,178
556,1549277503,08-12-2025,10205139,"Vyndo Methi Bajra Khakhra, Healthy Millet Snacks",Vyndo,8906172900235,"Vyndo Methi Bajra Khakhra, Healthy Millet Snacks(Pouch)",Munchies -> Namkeen Snacks -> Namkeen Snacks,Grocery - Snacks & Packaged Foods,UP-NCR,Uttar Pradesh,09AAFCG9846E1Z9,Ghaziabad,Uttar Pradesh,DELIVERED,19059090,0,0,0,0,1,198,178,0,0,0,0,0,178
557,1548467952,08-12-2025,10267273,Vyndo Assorted Khakhra & Bhakhri,Vyndo,8906172900501,Vyndo Assorted Khakhra & Bhakhri(Packet),Organic & Premium -> Snacks & Munchies -> Snacks & Munchies,Grocery - Snacks & Packaged Foods,Mumbai,Maharashtra,27AAFCG9846E1ZB,Mumbai,Maharashtra,DELIVERED,19059090,0,0,0,0,1,160,144,0,0,0,0,0,144
558,1550214210,09-12-2025,10196943,"Vyndo Masala Ragi Bhakhri, Healthy Millet Snacks",Vyndo,8906172900495,"Vyndo Masala Ragi Bhakhri, Healthy Millet Snacks(Pack)",Munchies -> Namkeen Snacks -> Namkeen Snacks,Grocery - Snacks & Packaged Foods,UP-NCR,Uttar Pradesh,09AAFCG9846E1Z9,Ghaziabad,Uttar Pradesh,DELIVERED,19059090,0,0,0,0,1,198,178,0,0,0,0,0,178
559,1551531243,09-12-2025,10196943,"Vyndo Masala Ragi Bhakhri, Healthy Millet Snacks",Vyndo,8906172900495,"Vyndo Masala Ragi Bhakhri, Healthy Millet Snacks(Pack)",Munchies -> Namkeen Snacks -> Namkeen Snacks,Grocery - Snacks & Packaged Foods,Delhi,Delhi,07AAFCG9846E2ZC,Delhi,Delhi,DELIVERED,19059090,0,0,0,0,1,198,178,0,0,0,0,0,178
560,1550782572,09-12-2025,10196943,"Vyndo Masala Ragi Bhakhri, Healthy Millet Snacks",Vyndo,8906172900495,"Vyndo Masala Ragi Bhakhri, Healthy Millet Snacks(Pack)",Munchies -> Namkeen Snacks -> Namkeen Snacks,Grocery - Snacks & Packaged Foods,Chennai,Tamil Nadu,33AAFCG9846E1ZI,Chennai,Tamil Nadu,DELIVERED,19059090,0,0,0,0,1,198,178,0,0,0,0,0,178
561,1551902778,09-12-2025,10196943,"Vyndo Masala Ragi Bhakhri, Healthy Millet Snacks",Vyndo,8906172900495,"Vyndo Masala Ragi Bhakhri, Healthy Millet Snacks(Pack)",Munchies -> Namkeen Snacks -> Namkeen Snacks,Grocery - Snacks & Packaged Foods,Lucknow,Uttar Pradesh,09AAFCG9846E1Z9,Lucknow,Uttar Pradesh,DELIVERED,19059090,0,0,0,0,1,198,178,0,0,0,0,0,178
562,1550250647,09-12-2025,10197316,Vyndo Farali Millet Bhakhri Fasting Energy Snacks,Vyndo,8906172900358,Vyndo Farali Millet Bhakhri Fasting Energy Snacks,Organic & Premium -> Snacks & Munchies -> Snacks & Munchies,Grocery - Snacks & Packaged Foods,Pune,Maharashtra,27AAFCG9846E1ZB,Pune,Maharashtra,DELIVERED,19059090,0,0,0,0,1,198,178,0,0,0,0,0,178
563,1551245650,09-12-2025,10197316,Vyndo Farali Millet Bhakhri Fasting Energy Snacks,Vyndo,8906172900358,Vyndo Farali Millet Bhakhri Fasting Energy Snacks,Organic & Premium -> Snacks & Munchies -> Snacks & Munchies,Grocery - Snacks & Packaged Foods,Chennai,Tamil Nadu,33AAFCG9846E1ZI,Chennai,Tamil Nadu,DELIVERED,19059090,0,0,0,0,1,198,178,0,0,0,0,0,178
564,1550399594,09-12-2025,10197316,Vyndo Farali Millet Bhakhri Fasting Energy Snacks,Vyndo,8906172900358,Vyndo Farali Millet Bhakhri Fasting Energy Snacks,Organic & Premium -> Snacks & Munchies -> Snacks & Munchies,Grocery - Snacks & Packaged Foods,Mumbai,Maharashtra,27AAFCG9846E1ZB,Mumbai,Maharashtra,DELIVERED,19059090,0,0,0,0,1,198,178,0,0,0,0,0,178
565,1550577665,09-12-2025,10197316,Vyndo Farali Millet Bhakhri Fasting Energy Snacks,Vyndo,8906172900358,Vyndo Farali Millet Bhakhri Fasting Energy Snacks,Organic & Premium -> Snacks & Munchies -> Snacks & Munchies,Grocery - Snacks & Packaged Foods,Delhi,Delhi,07AAFCG9846E2ZC,Delhi,Delhi,DELIVERED,19059090,0,0,0,0,1,198,178,0,0,0,0,0,178
566,1550782572,09-12-2025,10197316,Vyndo Farali Millet Bhakhri Fasting Energy Snacks,Vyndo,8906172900358,Vyndo Farali Millet Bhakhri Fasting Energy Snacks,Organic & Premium -> Snacks & Munchies -> Snacks & Munchies,Grocery - Snacks & Packaged Foods,Chennai,Tamil Nadu,33AAFCG9846E1ZI,Chennai,Tamil Nadu,DELIVERED,19059090,0,0,0,0,1,198,178,0,0,0,0,0,178
567,1550214210,09-12-2025,10197316,Vyndo Farali Millet Bhakhri Fasting Energy Snacks,Vyndo,8906172900358,Vyndo Farali Millet Bhakhri Fasting Energy Snacks,Organic & Premium -> Snacks & Munchies -> Snacks & Munchies,Grocery - Snacks & Packaged Foods,UP-NCR,Uttar Pradesh,09AAFCG9846E1Z9,Ghaziabad,Uttar Pradesh,DELIVERED,19059090,0,0,0,0,1,198,178,0,0,0,0,0,178
568,1551146199,09-12-2025,10197316,Vyndo Farali Millet Bhakhri Fasting Energy Snacks,Vyndo,8906172900358,Vyndo Farali Millet Bhakhri Fasting Energy Snacks,Organic & Premium -> Snacks & Munchies -> Snacks & Munchies,Grocery - Snacks & Packaged Foods,Pune,Maharashtra,27AAFCG9846E1ZB,Pune,Maharashtra,DELIVERED,19059090,0,0,0,0,1,198,178,0,0,0,0,0,178
569,1552110344,09-12-2025,10200587,"Vyndo Moong Bajra Bhakhri, Healthy Millet Snacks",Vyndo,8906172900365,"Vyndo Moong Bajra Bhakhri, Healthy Millet Snacks(Box)",Munchies -> Namkeen Snacks -> Namkeen Snacks,Grocery - Snacks & Packaged Foods,Ahmedabad,Gujarat,24AAFCG9846E1ZH,Ahmedabad,Gujarat,DELIVERED,19059090,0,0,0,0,1,198,178,0,0,0,0,0,178
570,1552205687,09-12-2025,10200587,"Vyndo Moong Bajra Bhakhri, Healthy Millet Snacks",Vyndo,8906172900365,"Vyndo Moong Bajra Bhakhri, Healthy Millet Snacks(Box)",Munchies -> Namkeen Snacks -> Namkeen Snacks,Grocery - Snacks & Packaged Foods,Ahmedabad,Gujarat,24AAFCG9846E1ZH,Ahmedabad,Gujarat,DELIVERED,19059090,0,0,0,0,1,198,178,0,0,0,0,0,178
571,1551603516,09-12-2025,10200587,"Vyndo Moong Bajra Bhakhri, Healthy Millet Snacks",Vyndo,8906172900365,"Vyndo Moong Bajra Bhakhri, Healthy Millet Snacks(Box)",Munchies -> Namkeen Snacks -> Namkeen Snacks,Grocery - Snacks & Packaged Foods,Ahmedabad,Gujarat,24AAFCG9846E1ZH,Ahmedabad,Gujarat,DELIVERED,19059090,0,0,0,0,1,198,178,0,0,0,0,0,178
572,1551150853,09-12-2025,10200587,"Vyndo Moong Bajra Bhakhri, Healthy Millet Snacks",Vyndo,8906172900365,"Vyndo Moong Bajra Bhakhri, Healthy Millet Snacks(Box)",Munchies -> Namkeen Snacks -> Namkeen Snacks,Grocery - Snacks & Packaged Foods,Vadodara,Gujarat,24AAFCG9846E1ZH,Vadodara,Gujarat,DELIVERED,19059090,0,0,0,0,1,198,178,0,0,0,0,0,178
573,1550043126,09-12-2025,10200587,"Vyndo Moong Bajra Bhakhri, Healthy Millet Snacks",Vyndo,8906172900365,"Vyndo Moong Bajra Bhakhri, Healthy Millet Snacks(Box)",Munchies -> Namkeen Snacks -> Namkeen Snacks,Grocery - Snacks & Packaged Foods,Mumbai,Maharashtra,27AAFCG9846E1ZB,Mumbai,Maharashtra,DELIVERED,19059090,0,0,0,0,1,198,178,0,0,0,0,0,178
574,1550196739,09-12-2025,10200587,"Vyndo Moong Bajra Bhakhri, Healthy Millet Snacks",Vyndo,8906172900365,"Vyndo Moong Bajra Bhakhri, Healthy Millet Snacks(Box)",Munchies -> Namkeen Snacks -> Namkeen Snacks,Grocery - Snacks & Packaged Foods,Ahmedabad,Gujarat,24AAFCG9846E1ZH,Ahmedabad,Gujarat,DELIVERED,19059090,0,0,0,0,1,198,178,0,0,0,0,0,178
575,1549959980,09-12-2025,10200587,"Vyndo Moong Bajra Bhakhri, Healthy Millet Snacks",Vyndo,8906172900365,"Vyndo Moong Bajra Bhakhri, Healthy Millet Snacks(Box)",Munchies -> Namkeen Snacks -> Namkeen Snacks,Grocery - Snacks & Packaged Foods,Ahmedabad,Gujarat,24AAFCG9846E1ZH,Ahmedabad,Gujarat,DELIVERED,19059090,0,0,0,0,1,198,178,0,0,0,0,0,178
576,1549928570,09-12-2025,10200587,"Vyndo Moong Bajra Bhakhri, Healthy Millet Snacks",Vyndo,8906172900365,"Vyndo Moong Bajra Bhakhri, Healthy Millet Snacks(Box)",Munchies -> Namkeen Snacks -> Namkeen Snacks,Grocery - Snacks & Packaged Foods,Bengaluru,Karnataka,29AAFCG9846E1Z7,Bengaluru,Karnataka,DELIVERED,19059090,0,0,0,0,1,198,178,0,0,0,0,0,178
577,1550043126,09-12-2025,10200590,"Vyndo Roasted Ragi Bhakhri, Healthy Millet Snacks",Vyndo,8906172900372,"Vyndo Roasted Ragi Bhakhri, Healthy Millet Snacks(Box)",Munchies -> Namkeen Snacks -> Namkeen Snacks,Grocery - Snacks & Packaged Foods,Mumbai,Maharashtra,27AAFCG9846E1ZB,Mumbai,Maharashtra,DELIVERED,19059090,0,0,0,0,1,198,178,0,0,0,0,0,178
578,1550476552,09-12-2025,10200590,"Vyndo Roasted Ragi Bhakhri, Healthy Millet Snacks",Vyndo,8906172900372,"Vyndo Roasted Ragi Bhakhri, Healthy Millet Snacks(Box)",Munchies -> Namkeen Snacks -> Namkeen Snacks,Grocery - Snacks & Packaged Foods,Bengaluru,Karnataka,29AAFCG9846E1Z7,Bengaluru,Karnataka,DELIVERED,19059090,0,0,0,0,1,198,178,0,0,0,0,0,178
579,1550323697,09-12-2025,10200590,"Vyndo Roasted Ragi Bhakhri, Healthy Millet Snacks",Vyndo,8906172900372,"Vyndo Roasted Ragi Bhakhri, Healthy Millet Snacks(Box)",Munchies -> Namkeen Snacks -> Namkeen Snacks,Grocery - Snacks & Packaged Foods,Kolkata,West Bengal,19AAFCG9846E1Z8,Kolkata,West Bengal,DELIVERED,19059090,0,0,0,0,1,198,178,0,0,0,0,0,178
580,1551389426,09-12-2025,10200590,"Vyndo Roasted Ragi Bhakhri, Healthy Millet Snacks",Vyndo,8906172900372,"Vyndo Roasted Ragi Bhakhri, Healthy Millet Snacks(Box)",Munchies -> Namkeen Snacks -> Namkeen Snacks,Grocery - Snacks & Packaged Foods,Ahmedabad,Gujarat,24AAFCG9846E1ZH,Ahmedabad,Gujarat,DELIVERED,19059090,0,0,0,0,1,198,178,0,0,0,0,0,178
581,1551559141,09-12-2025,10200590,"Vyndo Roasted Ragi Bhakhri, Healthy Millet Snacks",Vyndo,8906172900372,"Vyndo Roasted Ragi Bhakhri, Healthy Millet Snacks(Box)",Munchies -> Namkeen Snacks -> Namkeen Snacks,Grocery - Snacks & Packaged Foods,Mumbai,Maharashtra,27AAFCG9846E1ZB,Mumbai,Maharashtra,DELIVERED,19059090,0,0,0,0,1,198,178,0,0,0,0,0,178
582,1549798373,09-12-2025,10200590,"Vyndo Roasted Ragi Bhakhri, Healthy Millet Snacks",Vyndo,8906172900372,"Vyndo Roasted Ragi Bhakhri, Healthy Millet Snacks(Box)",Munchies -> Namkeen Snacks -> Namkeen Snacks,Grocery - Snacks & Packaged Foods,Chennai,Tamil Nadu,33AAFCG9846E1ZI,Chennai,Tamil Nadu,DELIVERED,19059090,0,0,0,0,1,198,178,0,0,0,0,0,178
583,1551632673,09-12-2025,10200590,"Vyndo Roasted Ragi Bhakhri, Healthy Millet Snacks",Vyndo,8906172900372,"Vyndo Roasted Ragi Bhakhri, Healthy Millet Snacks(Box)",Munchies -> Namkeen Snacks -> Namkeen Snacks,Grocery - Snacks & Packaged Foods,Mumbai,Maharashtra,27AAFCG9846E1ZB,Mumbai,Maharashtra,DELIVERED,19059090,0,0,0,0,2,198,178,0,0,0,0,0,356
584,1551150853,09-12-2025,10200590,"Vyndo Roasted Ragi Bhakhri, Healthy Millet Snacks",Vyndo,8906172900372,"Vyndo Roasted Ragi Bhakhri, Healthy Millet Snacks(Box)",Munchies -> Namkeen Snacks -> Namkeen Snacks,Grocery - Snacks & Packaged Foods,Vadodara,Gujarat,24AAFCG9846E1ZH,Vadodara,Gujarat,DELIVERED,19059090,0,0,0,0,1,198,178,0,0,0,0,0,178
585,1550627181,09-12-2025,10200590,"Vyndo Roasted Ragi Bhakhri, Healthy Millet Snacks",Vyndo,8906172900372,"Vyndo Roasted Ragi Bhakhri, Healthy Millet Snacks(Box)",Munchies -> Namkeen Snacks -> Namkeen Snacks,Grocery - Snacks & Packaged Foods,Rajkot,Gujarat,24AAFCG9846E1ZH,Rajkot,Gujarat,DELIVERED,19059090,0,0,0,0,1,198,178,0,0,0,0,0,178
586,1550214210,09-12-2025,10200590,"Vyndo Roasted Ragi Bhakhri, Healthy Millet Snacks",Vyndo,8906172900372,"Vyndo Roasted Ragi Bhakhri, Healthy Millet Snacks(Box)",Munchies -> Namkeen Snacks -> Namkeen Snacks,Grocery - Snacks & Packaged Foods,UP-NCR,Uttar Pradesh,09AAFCG9846E1Z9,Ghaziabad,Uttar Pradesh,DELIVERED,19059090,0,0,0,0,1,198,178,0,0,0,0,0,178
587,1550946735,09-12-2025,10200590,"Vyndo Roasted Ragi Bhakhri, Healthy Millet Snacks",Vyndo,8906172900372,"Vyndo Roasted Ragi Bhakhri, Healthy Millet Snacks(Box)",Munchies -> Namkeen Snacks -> Namkeen Snacks,Grocery - Snacks & Packaged Foods,Kolkata,West Bengal,19AAFCG9846E1Z8,Kolkata,West Bengal,DELIVERED,19059090,0,0,0,0,1,198,178,0,0,0,0,0,178
588,1551164569,09-12-2025,10200590,"Vyndo Roasted Ragi Bhakhri, Healthy Millet Snacks",Vyndo,8906172900372,"Vyndo Roasted Ragi Bhakhri, Healthy Millet Snacks(Box)",Munchies -> Namkeen Snacks -> Namkeen Snacks,Grocery - Snacks & Packaged Foods,Bengaluru,Karnataka,29AAFCG9846E1Z7,Bengaluru,Karnataka,DELIVERED,19059090,0,0,0,0,1,198,178,0,0,0,0,0,178
589,1551036190,09-12-2025,10200590,"Vyndo Roasted Ragi Bhakhri, Healthy Millet Snacks",Vyndo,8906172900372,"Vyndo Roasted Ragi Bhakhri, Healthy Millet Snacks(Box)",Munchies -> Namkeen Snacks -> Namkeen Snacks,Grocery - Snacks & Packaged Foods,Mumbai,Maharashtra,27AAFCG9846E1ZB,Mumbai,Maharashtra,DELIVERED,19059090,0,0,0,0,1,198,178,0,0,0,0,0,178
590,1551479232,09-12-2025,10200590,"Vyndo Roasted Ragi Bhakhri, Healthy Millet Snacks",Vyndo,8906172900372,"Vyndo Roasted Ragi Bhakhri, Healthy Millet Snacks(Box)",Munchies -> Namkeen Snacks -> Namkeen Snacks,Grocery - Snacks & Packaged Foods,Lucknow,Uttar Pradesh,09AAFCG9846E1Z9,Lucknow,Uttar Pradesh,DELIVERED,19059090,0,0,0,0,1,198,178,0,0,0,0,0,178
591,1551078705,09-12-2025,10204795,Vyndo Sattu Khakhra,Vyndo,8906172900198,Vyndo Sattu Khakhra(Packet),Munchies -> Namkeen Snacks -> Namkeen Snacks,Grocery - Snacks & Packaged Foods,Bengaluru,Karnataka,29AAFCG9846E1Z7,Bengaluru,Karnataka,DELIVERED,19059090,0,0,0,0,1,198,178,0,0,0,0,0,178
592,1550618349,09-12-2025,10204795,Vyndo Sattu Khakhra,Vyndo,8906172900198,Vyndo Sattu Khakhra(Packet),Munchies -> Namkeen Snacks -> Namkeen Snacks,Grocery - Snacks & Packaged Foods,Pune,Maharashtra,27AAFCG9846E1ZB,Pune,Maharashtra,DELIVERED,19059090,0,0,0,0,1,198,178,0,0,0,0,0,178
593,1551869304,09-12-2025,10204795,Vyndo Sattu Khakhra,Vyndo,8906172900198,Vyndo Sattu Khakhra(Packet),Munchies -> Namkeen Snacks -> Namkeen Snacks,Grocery - Snacks & Packaged Foods,Kolkata,West Bengal,19AAFCG9846E1Z8,Kolkata,West Bengal,DELIVERED,19059090,0,0,0,0,1,198,178,0,0,0,0,0,178
594,1550043126,09-12-2025,10204795,Vyndo Sattu Khakhra,Vyndo,8906172900198,Vyndo Sattu Khakhra(Packet),Munchies -> Namkeen Snacks -> Namkeen Snacks,Grocery - Snacks & Packaged Foods,Mumbai,Maharashtra,27AAFCG9846E1ZB,Mumbai,Maharashtra,DELIVERED,19059090,0,0,0,0,1,198,178,0,0,0,0,0,178
595,1550268615,09-12-2025,10204795,Vyndo Sattu Khakhra,Vyndo,8906172900198,Vyndo Sattu Khakhra(Packet),Munchies -> Namkeen Snacks -> Namkeen Snacks,Grocery - Snacks & Packaged Foods,Pune,Maharashtra,27AAFCG9846E1ZB,Pune,Maharashtra,DELIVERED,19059090,0,0,0,0,1,198,178,0,0,0,0,0,178
596,1551218100,09-12-2025,10204795,Vyndo Sattu Khakhra,Vyndo,8906172900198,Vyndo Sattu Khakhra(Packet),Munchies -> Namkeen Snacks -> Namkeen Snacks,Grocery - Snacks & Packaged Foods,Kolkata,West Bengal,19AAFCG9846E1Z8,Kolkata,West Bengal,DELIVERED,19059090,0,0,0,0,1,198,178,0,0,0,0,0,178
597,1550032731,09-12-2025,10204795,Vyndo Sattu Khakhra,Vyndo,8906172900198,Vyndo Sattu Khakhra(Packet),Munchies -> Namkeen Snacks -> Namkeen Snacks,Grocery - Snacks & Packaged Foods,Mumbai,Maharashtra,27AAFCG9846E1ZB,Mumbai,Maharashtra,DELIVERED,19059090,0,0,0,0,1,198,178,0,0,0,0,0,178
598,1550612934,09-12-2025,10204795,Vyndo Sattu Khakhra,Vyndo,8906172900198,Vyndo Sattu Khakhra(Packet),Munchies -> Namkeen Snacks -> Namkeen Snacks,Grocery - Snacks & Packaged Foods,Kolkata,West Bengal,19AAFCG9846E1Z8,Kolkata,West Bengal,DELIVERED,19059090,0,0,0,0,1,198,178,0,0,0,0,0,178
599,1549715872,09-12-2025,10204795,Vyndo Sattu Khakhra,Vyndo,8906172900198,Vyndo Sattu Khakhra(Packet),Munchies -> Namkeen Snacks -> Namkeen Snacks,Grocery - Snacks & Packaged Foods,Chennai,Tamil Nadu,33AAFCG9846E1ZI,Chennai,Tamil Nadu,DELIVERED,19059090,0,0,0,0,1,198,178,0,0,0,0,0,178
600,1551318922,09-12-2025,10204795,Vyndo Sattu Khakhra,Vyndo,8906172900198,Vyndo Sattu Khakhra(Packet),Munchies -> Namkeen Snacks -> Namkeen Snacks,Grocery - Snacks & Packaged Foods,Bengaluru,Karnataka,29AAFCG9846E1Z7,Bengaluru,Karnataka,DELIVERED,19059090,0,0,0,0,1,198,178,0,0,0,0,0,178
601,1550637501,09-12-2025,10204795,Vyndo Sattu Khakhra,Vyndo,8906172900198,Vyndo Sattu Khakhra(Packet),Munchies -> Namkeen Snacks -> Namkeen Snacks,Grocery - Snacks & Packaged Foods,UP-NCR,Uttar Pradesh,09AAFCG9846E1Z9,Ghaziabad,Uttar Pradesh,DELIVERED,19059090,0,0,0,0,1,198,178,0,0,0,0,0,178
602,1550946735,09-12-2025,10204795,Vyndo Sattu Khakhra,Vyndo,8906172900198,Vyndo Sattu Khakhra(Packet),Munchies -> Namkeen Snacks -> Namkeen Snacks,Grocery - Snacks & Packaged Foods,Kolkata,West Bengal,19AAFCG9846E1Z8,Kolkata,West Bengal,DELIVERED,19059090,0,0,0,0,1,198,178,0,0,0,0,0,178
603,1551036190,09-12-2025,10204795,Vyndo Sattu Khakhra,Vyndo,8906172900198,Vyndo Sattu Khakhra(Packet),Munchies -> Namkeen Snacks -> Namkeen Snacks,Grocery - Snacks & Packaged Foods,Mumbai,Maharashtra,27AAFCG9846E1ZB,Mumbai,Maharashtra,DELIVERED,19059090,0,0,0,0,1,198,178,0,0,0,0,0,178
604,1552054320,09-12-2025,10204795,Vyndo Sattu Khakhra,Vyndo,8906172900198,Vyndo Sattu Khakhra(Packet),Munchies -> Namkeen Snacks -> Namkeen Snacks,Grocery - Snacks & Packaged Foods,Delhi,Delhi,07AAFCG9846E2ZC,Delhi,Delhi,DELIVERED,19059090,0,0,0,0,1,198,178,0,0,0,0,0,178
605,1549676071,09-12-2025,10204798,"Vyndo Chorafali Khakhra, Healthy Millet Snacks",Vyndo,8906172900204,"Vyndo Chorafali Khakhra, Healthy Millet Snacks(Packet)",Munchies -> Namkeen Snacks -> Namkeen Snacks,Grocery - Snacks & Packaged Foods,UP-NCR,Uttar Pradesh,09AAFCG9846E1Z9,Ghaziabad,Uttar Pradesh,DELIVERED,19059090,0,0,0,0,1,198,178,0,0,0,0,0,178
606,1550763181,09-12-2025,10204798,"Vyndo Chorafali Khakhra, Healthy Millet Snacks",Vyndo,8906172900204,"Vyndo Chorafali Khakhra, Healthy Millet Snacks(Packet)",Munchies -> Namkeen Snacks -> Namkeen Snacks,Grocery - Snacks & Packaged Foods,Nashik,Maharashtra,27AAFCG9846E1ZB,Nashik,Maharashtra,DELIVERED,19059090,0,0,0,0,1,198,178,0,0,0,0,0,178
607,1551626904,09-12-2025,10204798,"Vyndo Chorafali Khakhra, Healthy Millet Snacks",Vyndo,8906172900204,"Vyndo Chorafali Khakhra, Healthy Millet Snacks(Packet)",Munchies -> Namkeen Snacks -> Namkeen Snacks,Grocery - Snacks & Packaged Foods,Mumbai,Maharashtra,27AAFCG9846E1ZB,Mumbai,Maharashtra,DELIVERED,19059090,0,0,0,0,1,198,178,0,0,0,0,0,178
608,1550913579,09-12-2025,10204798,"Vyndo Chorafali Khakhra, Healthy Millet Snacks",Vyndo,8906172900204,"Vyndo Chorafali Khakhra, Healthy Millet Snacks(Packet)",Munchies -> Namkeen Snacks -> Namkeen Snacks,Grocery - Snacks & Packaged Foods,Mumbai,Maharashtra,27AAFCG9846E1ZB,Mumbai,Maharashtra,DELIVERED,19059090,0,0,0,0,1,198,178,0,0,0,0,0,178
609,1551678465,09-12-2025,10204798,"Vyndo Chorafali Khakhra, Healthy Millet Snacks",Vyndo,8906172900204,"Vyndo Chorafali Khakhra, Healthy Millet Snacks(Packet)",Munchies -> Namkeen Snacks -> Namkeen Snacks,Grocery - Snacks & Packaged Foods,Ahmedabad,Gujarat,24AAFCG9846E1ZH,Ahmedabad,Gujarat,DELIVERED,19059090,0,0,0,0,1,198,178,0,0,0,0,0,178
610,1550309121,09-12-2025,10204798,"Vyndo Chorafali Khakhra, Healthy Millet Snacks",Vyndo,8906172900204,"Vyndo Chorafali Khakhra, Healthy Millet Snacks(Packet)",Munchies -> Namkeen Snacks -> Namkeen Snacks,Grocery - Snacks & Packaged Foods,Chennai,Tamil Nadu,33AAFCG9846E1ZI,Chennai,Tamil Nadu,DELIVERED,19059090,0,0,0,0,1,198,178,0,0,0,0,0,178
611,1551036190,09-12-2025,10204798,"Vyndo Chorafali Khakhra, Healthy Millet Snacks",Vyndo,8906172900204,"Vyndo Chorafali Khakhra, Healthy Millet Snacks(Packet)",Munchies -> Namkeen Snacks -> Namkeen Snacks,Grocery - Snacks & Packaged Foods,Mumbai,Maharashtra,27AAFCG9846E1ZB,Mumbai,Maharashtra,DELIVERED,19059090,0,0,0,0,1,198,178,0,0,0,0,0,178
612,1549975340,09-12-2025,10204798,"Vyndo Chorafali Khakhra, Healthy Millet Snacks",Vyndo,8906172900204,"Vyndo Chorafali Khakhra, Healthy Millet Snacks(Packet)",Munchies -> Namkeen Snacks -> Namkeen Snacks,Grocery - Snacks & Packaged Foods,UP-NCR,Uttar Pradesh,09AAFCG9846E1Z9,Ghaziabad,Uttar Pradesh,DELIVERED,19059090,0,0,0,0,1,198,178,0,0,0,0,0,178
613,1550421811,09-12-2025,10204798,"Vyndo Chorafali Khakhra, Healthy Millet Snacks",Vyndo,8906172900204,"Vyndo Chorafali Khakhra, Healthy Millet Snacks(Packet)",Munchies -> Namkeen Snacks -> Namkeen Snacks,Grocery - Snacks & Packaged Foods,Ahmedabad,Gujarat,24AAFCG9846E1ZH,Ahmedabad,Gujarat,DELIVERED,19059090,0,0,0,0,1,198,178,0,0,0,0,0,178
614,1550989069,09-12-2025,10204798,"Vyndo Chorafali Khakhra, Healthy Millet Snacks",Vyndo,8906172900204,"Vyndo Chorafali Khakhra, Healthy Millet Snacks(Packet)",Munchies -> Namkeen Snacks -> Namkeen Snacks,Grocery - Snacks & Packaged Foods,Kolkata,West Bengal,19AAFCG9846E1Z8,Kolkata,West Bengal,DELIVERED,19059090,0,0,0,0,1,198,178,0,0,0,0,0,178
615,1550186074,09-12-2025,10204798,"Vyndo Chorafali Khakhra, Healthy Millet Snacks",Vyndo,8906172900204,"Vyndo Chorafali Khakhra, Healthy Millet Snacks(Packet)",Munchies -> Namkeen Snacks -> Namkeen Snacks,Grocery - Snacks & Packaged Foods,Pune,Maharashtra,27AAFCG9846E1ZB,Pune,Maharashtra,DELIVERED,19059090,0,0,0,0,1,198,178,0,0,0,0,0,178
616,1550728187,09-12-2025,10204798,"Vyndo Chorafali Khakhra, Healthy Millet Snacks",Vyndo,8906172900204,"Vyndo Chorafali Khakhra, Healthy Millet Snacks(Packet)",Munchies -> Namkeen Snacks -> Namkeen Snacks,Grocery - Snacks & Packaged Foods,UP-NCR,Uttar Pradesh,09AAFCG9846E1Z9,Ghaziabad,Uttar Pradesh,DELIVERED,19059090,0,0,0,0,1,198,178,0,0,0,0,0,178
617,1551005548,09-12-2025,10204798,"Vyndo Chorafali Khakhra, Healthy Millet Snacks",Vyndo,8906172900204,"Vyndo Chorafali Khakhra, Healthy Millet Snacks(Packet)",Munchies -> Namkeen Snacks -> Namkeen Snacks,Grocery - Snacks & Packaged Foods,Pune,Maharashtra,27AAFCG9846E1ZB,Pune,Maharashtra,DELIVERED,19059090,0,0,0,0,1,198,178,0,0,0,0,0,178
618,1551165800,09-12-2025,10204798,"Vyndo Chorafali Khakhra, Healthy Millet Snacks",Vyndo,8906172900204,"Vyndo Chorafali Khakhra, Healthy Millet Snacks(Packet)",Munchies -> Namkeen Snacks -> Namkeen Snacks,Grocery - Snacks & Packaged Foods,Bengaluru,Karnataka,29AAFCG9846E1Z7,Bengaluru,Karnataka,DELIVERED,19059090,0,0,0,0,1,198,178,0,0,0,0,0,178
619,1551147502,09-12-2025,10204798,"Vyndo Chorafali Khakhra, Healthy Millet Snacks",Vyndo,8906172900204,"Vyndo Chorafali Khakhra, Healthy Millet Snacks(Packet)",Munchies -> Namkeen Snacks -> Namkeen Snacks,Grocery - Snacks & Packaged Foods,Bengaluru,Karnataka,29AAFCG9846E1Z7,Bengaluru,Karnataka,DELIVERED,19059090,0,0,0,0,1,198,178,0,0,0,0,0,178
620,1551314625,09-12-2025,10205139,"Vyndo Methi Bajra Khakhra, Healthy Millet Snacks",Vyndo,8906172900235,"Vyndo Methi Bajra Khakhra, Healthy Millet Snacks(Pouch)",Munchies -> Namkeen Snacks -> Namkeen Snacks,Grocery - Snacks & Packaged Foods,Lucknow,Uttar Pradesh,09AAFCG9846E1Z9,Lucknow,Uttar Pradesh,DELIVERED,19059090,0,0,0,0,1,198,178,0,0,0,0,0,178
621,1550436665,09-12-2025,10205139,"Vyndo Methi Bajra Khakhra, Healthy Millet Snacks",Vyndo,8906172900235,"Vyndo Methi Bajra Khakhra, Healthy Millet Snacks(Pouch)",Munchies -> Namkeen Snacks -> Namkeen Snacks,Grocery - Snacks & Packaged Foods,Mumbai,Maharashtra,27AAFCG9846E1ZB,Mumbai,Maharashtra,DELIVERED,19059090,0,0,0,0,1,198,178,0,0,0,0,0,178
622,1549611636,09-12-2025,10205139,"Vyndo Methi Bajra Khakhra, Healthy Millet Snacks",Vyndo,8906172900235,"Vyndo Methi Bajra Khakhra, Healthy Millet Snacks(Pouch)",Munchies -> Namkeen Snacks -> Namkeen Snacks,Grocery - Snacks & Packaged Foods,Pune,Maharashtra,27AAFCG9846E1ZB,Pune,Maharashtra,DELIVERED,19059090,0,0,0,0,1,198,178,0,0,0,0,0,178
623,1549892632,09-12-2025,10205139,"Vyndo Methi Bajra Khakhra, Healthy Millet Snacks",Vyndo,8906172900235,"Vyndo Methi Bajra Khakhra, Healthy Millet Snacks(Pouch)",Munchies -> Namkeen Snacks -> Namkeen Snacks,Grocery - Snacks & Packaged Foods,Mumbai,Maharashtra,27AAFCG9846E1ZB,Mumbai,Maharashtra,DELIVERED,19059090,0,0,0,0,1,198,178,0,0,0,0,0,178
624,1550913579,09-12-2025,10205139,"Vyndo Methi Bajra Khakhra, Healthy Millet Snacks",Vyndo,8906172900235,"Vyndo Methi Bajra Khakhra, Healthy Millet Snacks(Pouch)",Munchies -> Namkeen Snacks -> Namkeen Snacks,Grocery - Snacks & Packaged Foods,Mumbai,Maharashtra,27AAFCG9846E1ZB,Mumbai,Maharashtra,DELIVERED,19059090,0,0,0,0,1,198,178,0,0,0,0,0,178
625,1550077331,09-12-2025,10205139,"Vyndo Methi Bajra Khakhra, Healthy Millet Snacks",Vyndo,8906172900235,"Vyndo Methi Bajra Khakhra, Healthy Millet Snacks(Pouch)",Munchies -> Namkeen Snacks -> Namkeen Snacks,Grocery - Snacks & Packaged Foods,Pune,Maharashtra,27AAFCG9846E1ZB,Pune,Maharashtra,DELIVERED,19059090,0,0,0,0,1,198,178,0,0,0,0,0,178
626,1551302172,09-12-2025,10205139,"Vyndo Methi Bajra Khakhra, Healthy Millet Snacks",Vyndo,8906172900235,"Vyndo Methi Bajra Khakhra, Healthy Millet Snacks(Pouch)",Munchies -> Namkeen Snacks -> Namkeen Snacks,Grocery - Snacks & Packaged Foods,Pune,Maharashtra,27AAFCG9846E1ZB,Pune,Maharashtra,DELIVERED,19059090,0,0,0,0,1,198,178,0,0,0,0,0,178
627,1550658156,09-12-2025,10205139,"Vyndo Methi Bajra Khakhra, Healthy Millet Snacks",Vyndo,8906172900235,"Vyndo Methi Bajra Khakhra, Healthy Millet Snacks(Pouch)",Munchies -> Namkeen Snacks -> Namkeen Snacks,Grocery - Snacks & Packaged Foods,Chennai,Tamil Nadu,33AAFCG9846E1ZI,Chennai,Tamil Nadu,DELIVERED,19059090,0,0,0,0,1,198,178,0,0,0,0,0,178
628,1550392431,09-12-2025,10205139,"Vyndo Methi Bajra Khakhra, Healthy Millet Snacks",Vyndo,8906172900235,"Vyndo Methi Bajra Khakhra, Healthy Millet Snacks(Pouch)",Munchies -> Namkeen Snacks -> Namkeen Snacks,Grocery - Snacks & Packaged Foods,Faridabad,Haryana,06AAFCG9846E1ZF,Faridabad,Haryana,DELIVERED,19059090,0,0,0,0,1,198,178,0,0,0,0,0,178
629,1551036190,09-12-2025,10205139,"Vyndo Methi Bajra Khakhra, Healthy Millet Snacks",Vyndo,8906172900235,"Vyndo Methi Bajra Khakhra, Healthy Millet Snacks(Pouch)",Munchies -> Namkeen Snacks -> Namkeen Snacks,Grocery - Snacks & Packaged Foods,Mumbai,Maharashtra,27AAFCG9846E1ZB,Mumbai,Maharashtra,DELIVERED,19059090,0,0,0,0,1,198,178,0,0,0,0,0,178
630,1550637501,09-12-2025,10205139,"Vyndo Methi Bajra Khakhra, Healthy Millet Snacks",Vyndo,8906172900235,"Vyndo Methi Bajra Khakhra, Healthy Millet Snacks(Pouch)",Munchies -> Namkeen Snacks -> Namkeen Snacks,Grocery - Snacks & Packaged Foods,UP-NCR,Uttar Pradesh,09AAFCG9846E1Z9,Ghaziabad,Uttar Pradesh,DELIVERED,19059090,0,0,0,0,1,198,178,0,0,0,0,0,178
631,1550770323,09-12-2025,10205139,"Vyndo Methi Bajra Khakhra, Healthy Millet Snacks",Vyndo,8906172900235,"Vyndo Methi Bajra Khakhra, Healthy Millet Snacks(Pouch)",Munchies -> Namkeen Snacks -> Namkeen Snacks,Grocery - Snacks & Packaged Foods,Mathura,Uttar Pradesh,09AAFCG9846E1Z9,Mathura,Uttar Pradesh,DELIVERED,19059090,0,0,0,0,1,198,178,0,0,0,0,0,178
632,1550196739,09-12-2025,10235934,Vyndo Baked Peri Peri Soya Sticks,Vyndo,8906172900396,Vyndo Baked Peri Peri Soya Sticks / Soya Chalks(Pouch),Munchies -> Namkeen Snacks -> Namkeen Snacks,Grocery - Snacks & Packaged Foods,Ahmedabad,Gujarat,24AAFCG9846E1ZH,Ahmedabad,Gujarat,DELIVERED,19042000,0,2.5,2.5,0,1,140,120,0,2.86,2.86,0,2.86,120
633,1550543777,09-12-2025,10265470,Vyndo Pudina Ragi Sev Bhujia Healthy Non-Fried Millet Snack,Vyndo,8906172900464,Vyndo Pudina Ragi Sev Bhujia Healthy Non-Fried Millet Snack(Packet),Munchies -> Bhujia & Mixtures -> Bhujia & Mixtures,Grocery - Snacks & Packaged Foods,Mumbai,Maharashtra,27AAFCG9846E1ZB,Mumbai,Maharashtra,DELIVERED,21069099,0,2.5,2.5,0,1,130,117,0,2.79,2.79,0,2.79,117
634,1551384281,09-12-2025,10265470,Vyndo Pudina Ragi Sev Bhujia Healthy Non-Fried Millet Snack,Vyndo,8906172900464,Vyndo Pudina Ragi Sev Bhujia Healthy Non-Fried Millet Snack(Packet),Munchies -> Bhujia & Mixtures -> Bhujia & Mixtures,Grocery - Snacks & Packaged Foods,Mumbai,Maharashtra,27AAFCG9846E1ZB,Mumbai,Maharashtra,DELIVERED,21069099,0,2.5,2.5,0,1,130,117,0,2.79,2.79,0,2.79,117
635,1551799773,09-12-2025,10267273,Vyndo Assorted Khakhra & Bhakhri,Vyndo,8906172900501,Vyndo Assorted Khakhra & Bhakhri(Packet),Organic & Premium -> Snacks & Munchies -> Snacks & Munchies,Grocery - Snacks & Packaged Foods,Mumbai,Maharashtra,27AAFCG9846E1ZB,Mumbai,Maharashtra,DELIVERED,19059090,0,0,0,0,1,160,144,0,0,0,0,0,144
636,1551994775,09-12-2025,10267273,Vyndo Assorted Khakhra & Bhakhri,Vyndo,8906172900501,Vyndo Assorted Khakhra & Bhakhri(Packet),Organic & Premium -> Snacks & Munchies -> Snacks & Munchies,Grocery - Snacks & Packaged Foods,Mumbai,Maharashtra,27AAFCG9846E1ZB,Mumbai,Maharashtra,DELIVERED,19059090,0,0,0,0,1,160,144,0,0,0,0,0,144
637,1554523511,10-12-2025,10197316,Vyndo Farali Millet Bhakhri Fasting Energy Snacks,Vyndo,8906172900358,Vyndo Farali Millet Bhakhri Fasting Energy Snacks,Organic & Premium -> Snacks & Munchies -> Snacks & Munchies,Grocery - Snacks & Packaged Foods,Pune,Maharashtra,27AAFCG9846E1ZB,Pune,Maharashtra,DELIVERED,19059090,0,0,0,0,1,198,178,0,0,0,0,0,178
638,1553994134,10-12-2025,10197316,Vyndo Farali Millet Bhakhri Fasting Energy Snacks,Vyndo,8906172900358,Vyndo Farali Millet Bhakhri Fasting Energy Snacks,Organic & Premium -> Snacks & Munchies -> Snacks & Munchies,Grocery - Snacks & Packaged Foods,Delhi,Delhi,07AAFCG9846E2ZC,Delhi,Delhi,DELIVERED,19059090,0,0,0,0,1,198,178,0,0,0,0,0,178
639,1553391919,10-12-2025,10197316,Vyndo Farali Millet Bhakhri Fasting Energy Snacks,Vyndo,8906172900358,Vyndo Farali Millet Bhakhri Fasting Energy Snacks,Organic & Premium -> Snacks & Munchies -> Snacks & Munchies,Grocery - Snacks & Packaged Foods,Pune,Maharashtra,27AAFCG9846E1ZB,Pune,Maharashtra,DELIVERED,19059090,0,0,0,0,1,198,178,0,0,0,0,0,178
640,1554409374,10-12-2025,10197316,Vyndo Farali Millet Bhakhri Fasting Energy Snacks,Vyndo,8906172900358,Vyndo Farali Millet Bhakhri Fasting Energy Snacks,Organic & Premium -> Snacks & Munchies -> Snacks & Munchies,Grocery - Snacks & Packaged Foods,Pune,Maharashtra,27AAFCG9846E1ZB,Pune,Maharashtra,DELIVERED,19059090,0,0,0,0,1,198,178,0,0,0,0,0,178
641,1554061315,10-12-2025,10197316,Vyndo Farali Millet Bhakhri Fasting Energy Snacks,Vyndo,8906172900358,Vyndo Farali Millet Bhakhri Fasting Energy Snacks,Organic & Premium -> Snacks & Munchies -> Snacks & Munchies,Grocery - Snacks & Packaged Foods,Kolkata,West Bengal,19AAFCG9846E1Z8,Kolkata,West Bengal,DELIVERED,19059090,0,0,0,0,1,198,178,0,0,0,0,0,178
642,1553814094,10-12-2025,10197316,Vyndo Farali Millet Bhakhri Fasting Energy Snacks,Vyndo,8906172900358,Vyndo Farali Millet Bhakhri Fasting Energy Snacks,Organic & Premium -> Snacks & Munchies -> Snacks & Munchies,Grocery - Snacks & Packaged Foods,Kanpur,Uttar Pradesh,09AAFCG9846E1Z9,Kanpur,Uttar Pradesh,DELIVERED,19059090,0,0,0,0,1,198,178,0,0,0,0,0,178
643,1553299981,10-12-2025,10197316,Vyndo Farali Millet Bhakhri Fasting Energy Snacks,Vyndo,8906172900358,Vyndo Farali Millet Bhakhri Fasting Energy Snacks,Organic & Premium -> Snacks & Munchies -> Snacks & Munchies,Grocery - Snacks & Packaged Foods,Mumbai,Maharashtra,27AAFCG9846E1ZB,Mumbai,Maharashtra,DELIVERED,19059090,0,0,0,0,1,198,178,0,0,0,0,0,178
644,1554178712,10-12-2025,10200587,"Vyndo Moong Bajra Bhakhri, Healthy Millet Snacks",Vyndo,8906172900365,"Vyndo Moong Bajra Bhakhri, Healthy Millet Snacks(Box)",Munchies -> Namkeen Snacks -> Namkeen Snacks,Grocery - Snacks & Packaged Foods,Bengaluru,Karnataka,29AAFCG9846E1Z7,Bengaluru,Karnataka,DELIVERED,19059090,0,0,0,0,1,198,178,0,0,0,0,0,178
645,1553890828,10-12-2025,10200587,"Vyndo Moong Bajra Bhakhri, Healthy Millet Snacks",Vyndo,8906172900365,"Vyndo Moong Bajra Bhakhri, Healthy Millet Snacks(Box)",Munchies -> Namkeen Snacks -> Namkeen Snacks,Grocery - Snacks & Packaged Foods,Bengaluru,Karnataka,29AAFCG9846E1Z7,Bengaluru,Karnataka,DELIVERED,19059090,0,0,0,0,1,198,178,0,0,0,0,0,178
646,1553790347,10-12-2025,10200587,"Vyndo Moong Bajra Bhakhri, Healthy Millet Snacks",Vyndo,8906172900365,"Vyndo Moong Bajra Bhakhri, Healthy Millet Snacks(Box)",Munchies -> Namkeen Snacks -> Namkeen Snacks,Grocery - Snacks & Packaged Foods,Ahmedabad,Gujarat,24AAFCG9846E1ZH,Ahmedabad,Gujarat,DELIVERED,19059090,0,0,0,0,1,198,178,0,0,0,0,0,178
647,1554136596,10-12-2025,10200587,"Vyndo Moong Bajra Bhakhri, Healthy Millet Snacks",Vyndo,8906172900365,"Vyndo Moong Bajra Bhakhri, Healthy Millet Snacks(Box)",Munchies -> Namkeen Snacks -> Namkeen Snacks,Grocery - Snacks & Packaged Foods,Ahmedabad,Gujarat,24AAFCG9846E1ZH,Ahmedabad,Gujarat,DELIVERED,19059090,0,0,0,0,1,198,178,0,0,0,0,0,178
648,1553271183,10-12-2025,10200587,"Vyndo Moong Bajra Bhakhri, Healthy Millet Snacks",Vyndo,8906172900365,"Vyndo Moong Bajra Bhakhri, Healthy Millet Snacks(Box)",Munchies -> Namkeen Snacks -> Namkeen Snacks,Grocery - Snacks & Packaged Foods,Vadodara,Gujarat,24AAFCG9846E1ZH,Vadodara,Gujarat,DELIVERED,19059090,0,0,0,0,1,198,178,0,0,0,0,0,178
649,1553942847,10-12-2025,10200590,"Vyndo Roasted Ragi Bhakhri, Healthy Millet Snacks",Vyndo,8906172900372,"Vyndo Roasted Ragi Bhakhri, Healthy Millet Snacks(Box)",Munchies -> Namkeen Snacks -> Namkeen Snacks,Grocery - Snacks & Packaged Foods,UP-NCR,Uttar Pradesh,09AAFCG9846E1Z9,Ghaziabad,Uttar Pradesh,DELIVERED,19059090,0,0,0,0,1,198,178,0,0,0,0,0,178
650,1554114144,10-12-2025,10200590,"Vyndo Roasted Ragi Bhakhri, Healthy Millet Snacks",Vyndo,8906172900372,"Vyndo Roasted Ragi Bhakhri, Healthy Millet Snacks(Box)",Munchies -> Namkeen Snacks -> Namkeen Snacks,Grocery - Snacks & Packaged Foods,Bengaluru,Karnataka,29AAFCG9846E1Z7,Bengaluru,Karnataka,DELIVERED,19059090,0,0,0,0,1,198,178,0,0,0,0,0,178
651,1552465803,10-12-2025,10200590,"Vyndo Roasted Ragi Bhakhri, Healthy Millet Snacks",Vyndo,8906172900372,"Vyndo Roasted Ragi Bhakhri, Healthy Millet Snacks(Box)",Munchies -> Namkeen Snacks -> Namkeen Snacks,Grocery - Snacks & Packaged Foods,Hosur,Tamil Nadu,33AAFCG9846E1ZI,Hosur,Tamil Nadu,DELIVERED,19059090,0,0,0,0,2,198,178,0,0,0,0,0,356
652,1553633009,10-12-2025,10200590,"Vyndo Roasted Ragi Bhakhri, Healthy Millet Snacks",Vyndo,8906172900372,"Vyndo Roasted Ragi Bhakhri, Healthy Millet Snacks(Box)",Munchies -> Namkeen Snacks -> Namkeen Snacks,Grocery - Snacks & Packaged Foods,Delhi,Delhi,07AAFCG9846E2ZC,Delhi,Delhi,DELIVERED,19059090,0,0,0,0,1,198,178,0,0,0,0,0,178
653,1554061315,10-12-2025,10200590,"Vyndo Roasted Ragi Bhakhri, Healthy Millet Snacks",Vyndo,8906172900372,"Vyndo Roasted Ragi Bhakhri, Healthy Millet Snacks(Box)",Munchies -> Namkeen Snacks -> Namkeen Snacks,Grocery - Snacks & Packaged Foods,Kolkata,West Bengal,19AAFCG9846E1Z8,Kolkata,West Bengal,DELIVERED,19059090,0,0,0,0,1,198,178,0,0,0,0,0,178
654,1552465803,10-12-2025,10200590,"Vyndo Roasted Ragi Bhakhri, Healthy Millet Snacks",Vyndo,8906172900372,"Vyndo Roasted Ragi Bhakhri, Healthy Millet Snacks(Box)",Munchies -> Namkeen Snacks -> Namkeen Snacks,Grocery - Snacks & Packaged Foods,Hosur,Tamil Nadu,33AAFCG9846E1ZI,Hosur,Tamil Nadu,DELIVERED,19059090,0,0,0,0,1,198,178,0,0,0,0,0,178
655,1553420522,10-12-2025,10200590,"Vyndo Roasted Ragi Bhakhri, Healthy Millet Snacks",Vyndo,8906172900372,"Vyndo Roasted Ragi Bhakhri, Healthy Millet Snacks(Box)",Munchies -> Namkeen Snacks -> Namkeen Snacks,Grocery - Snacks & Packaged Foods,Ahmedabad,Gujarat,24AAFCG9846E1ZH,Ahmedabad,Gujarat,DELIVERED,19059090,0,0,0,0,1,198,178,0,0,0,0,0,178
656,1554744661,10-12-2025,10200590,"Vyndo Roasted Ragi Bhakhri, Healthy Millet Snacks",Vyndo,8906172900372,"Vyndo Roasted Ragi Bhakhri, Healthy Millet Snacks(Box)",Munchies -> Namkeen Snacks -> Namkeen Snacks,Grocery - Snacks & Packaged Foods,UP-NCR,Uttar Pradesh,09AAFCG9846E1Z9,Ghaziabad,Uttar Pradesh,DELIVERED,19059090,0,0,0,0,1,198,178,0,0,0,0,0,178
657,1554378074,10-12-2025,10200590,"Vyndo Roasted Ragi Bhakhri, Healthy Millet Snacks",Vyndo,8906172900372,"Vyndo Roasted Ragi Bhakhri, Healthy Millet Snacks(Box)",Munchies -> Namkeen Snacks -> Namkeen Snacks,Grocery - Snacks & Packaged Foods,Delhi,Delhi,07AAFCG9846E2ZC,Delhi,Delhi,DELIVERED,19059090,0,0,0,0,2,198,178,0,0,0,0,0,356
658,1553488700,10-12-2025,10200590,"Vyndo Roasted Ragi Bhakhri, Healthy Millet Snacks",Vyndo,8906172900372,"Vyndo Roasted Ragi Bhakhri, Healthy Millet Snacks(Box)",Munchies -> Namkeen Snacks -> Namkeen Snacks,Grocery - Snacks & Packaged Foods,Ahmedabad,Gujarat,24AAFCG9846E1ZH,Ahmedabad,Gujarat,DELIVERED,19059090,0,0,0,0,1,198,178,0,0,0,0,0,178
659,1553000151,10-12-2025,10200590,"Vyndo Roasted Ragi Bhakhri, Healthy Millet Snacks",Vyndo,8906172900372,"Vyndo Roasted Ragi Bhakhri, Healthy Millet Snacks(Box)",Munchies -> Namkeen Snacks -> Namkeen Snacks,Grocery - Snacks & Packaged Foods,Bengaluru,Karnataka,29AAFCG9846E1Z7,Bengaluru,Karnataka,DELIVERED,19059090,0,0,0,0,1,198,178,0,0,0,0,0,178
660,1554164226,10-12-2025,10200590,"Vyndo Roasted Ragi Bhakhri, Healthy Millet Snacks",Vyndo,8906172900372,"Vyndo Roasted Ragi Bhakhri, Healthy Millet Snacks(Box)",Munchies -> Namkeen Snacks -> Namkeen Snacks,Grocery - Snacks & Packaged Foods,Bengaluru,Karnataka,29AAFCG9846E1Z7,Bengaluru,Karnataka,DELIVERED,19059090,0,0,0,0,1,198,178,0,0,0,0,0,178
661,1553308044,10-12-2025,10200590,"Vyndo Roasted Ragi Bhakhri, Healthy Millet Snacks",Vyndo,8906172900372,"Vyndo Roasted Ragi Bhakhri, Healthy Millet Snacks(Box)",Munchies -> Namkeen Snacks -> Namkeen Snacks,Grocery - Snacks & Packaged Foods,Bengaluru,Karnataka,29AAFCG9846E1Z7,Bengaluru,Karnataka,DELIVERED,19059090,0,0,0,0,1,198,178,0,0,0,0,0,178
662,1553858501,10-12-2025,10200590,"Vyndo Roasted Ragi Bhakhri, Healthy Millet Snacks",Vyndo,8906172900372,"Vyndo Roasted Ragi Bhakhri, Healthy Millet Snacks(Box)",Munchies -> Namkeen Snacks -> Namkeen Snacks,Grocery - Snacks & Packaged Foods,Pune,Maharashtra,27AAFCG9846E1ZB,Pune,Maharashtra,DELIVERED,19059090,0,0,0,0,1,198,178,0,0,0,0,0,178
663,1553746103,10-12-2025,10204795,Vyndo Sattu Khakhra,Vyndo,8906172900198,Vyndo Sattu Khakhra(Packet),Munchies -> Namkeen Snacks -> Namkeen Snacks,Grocery - Snacks & Packaged Foods,Bengaluru,Karnataka,29AAFCG9846E1Z7,Bengaluru,Karnataka,DELIVERED,19059090,0,0,0,0,1,198,178,0,0,0,0,0,178
664,1553942847,10-12-2025,10204795,Vyndo Sattu Khakhra,Vyndo,8906172900198,Vyndo Sattu Khakhra(Packet),Munchies -> Namkeen Snacks -> Namkeen Snacks,Grocery - Snacks & Packaged Foods,UP-NCR,Uttar Pradesh,09AAFCG9846E1Z9,Ghaziabad,Uttar Pradesh,DELIVERED,19059090,0,0,0,0,1,198,178,0,0,0,0,0,178
665,1553882420,10-12-2025,10204795,Vyndo Sattu Khakhra,Vyndo,8906172900198,Vyndo Sattu Khakhra(Packet),Munchies -> Namkeen Snacks -> Namkeen Snacks,Grocery - Snacks & Packaged Foods,Kolkata,West Bengal,19AAFCG9846E1Z8,Kolkata,West Bengal,DELIVERED,19059090,0,0,0,0,1,198,178,0,0,0,0,0,178
666,1552913459,10-12-2025,10204795,Vyndo Sattu Khakhra,Vyndo,8906172900198,Vyndo Sattu Khakhra(Packet),Munchies -> Namkeen Snacks -> Namkeen Snacks,Grocery - Snacks & Packaged Foods,Pune,Maharashtra,27AAFCG9846E1ZB,Pune,Maharashtra,DELIVERED,19059090,0,0,0,0,1,198,178,0,0,0,0,0,178
667,1552556924,10-12-2025,10204795,Vyndo Sattu Khakhra,Vyndo,8906172900198,Vyndo Sattu Khakhra(Packet),Munchies -> Namkeen Snacks -> Namkeen Snacks,Grocery - Snacks & Packaged Foods,Mumbai,Maharashtra,27AAFCG9846E1ZB,Mumbai,Maharashtra,DELIVERED,19059090,0,0,0,0,1,198,178,0,0,0,0,0,178
668,1553057781,10-12-2025,10204795,Vyndo Sattu Khakhra,Vyndo,8906172900198,Vyndo Sattu Khakhra(Packet),Munchies -> Namkeen Snacks -> Namkeen Snacks,Grocery - Snacks & Packaged Foods,Mumbai,Maharashtra,27AAFCG9846E1ZB,Mumbai,Maharashtra,DELIVERED,19059090,0,0,0,0,1,198,178,0,0,0,0,0,178
669,1554502110,10-12-2025,10204795,Vyndo Sattu Khakhra,Vyndo,8906172900198,Vyndo Sattu Khakhra(Packet),Munchies -> Namkeen Snacks -> Namkeen Snacks,Grocery - Snacks & Packaged Foods,Delhi,Delhi,07AAFCG9846E2ZC,Delhi,Delhi,DELIVERED,19059090,0,0,0,0,1,198,178,0,0,0,0,0,178
670,1554014199,10-12-2025,10204795,Vyndo Sattu Khakhra,Vyndo,8906172900198,Vyndo Sattu Khakhra(Packet),Munchies -> Namkeen Snacks -> Namkeen Snacks,Grocery - Snacks & Packaged Foods,Pune,Maharashtra,27AAFCG9846E1ZB,Pune,Maharashtra,DELIVERED,19059090,0,0,0,0,1,198,178,0,0,0,0,0,178
671,1553773702,10-12-2025,10204795,Vyndo Sattu Khakhra,Vyndo,8906172900198,Vyndo Sattu Khakhra(Packet),Munchies -> Namkeen Snacks -> Namkeen Snacks,Grocery - Snacks & Packaged Foods,Kolkata,West Bengal,19AAFCG9846E1Z8,Kolkata,West Bengal,DELIVERED,19059090,0,0,0,0,1,198,178,0,0,0,0,0,178
672,1553976421,10-12-2025,10204795,Vyndo Sattu Khakhra,Vyndo,8906172900198,Vyndo Sattu Khakhra(Packet),Munchies -> Namkeen Snacks -> Namkeen Snacks,Grocery - Snacks & Packaged Foods,Kolkata,West Bengal,19AAFCG9846E1Z8,Kolkata,West Bengal,DELIVERED,19059090,0,0,0,0,1,198,178,0,0,0,0,0,178
673,1553047205,10-12-2025,10204798,"Vyndo Chorafali Khakhra, Healthy Millet Snacks",Vyndo,8906172900204,"Vyndo Chorafali Khakhra, Healthy Millet Snacks(Packet)",Munchies -> Namkeen Snacks -> Namkeen Snacks,Grocery - Snacks & Packaged Foods,Rajkot,Gujarat,24AAFCG9846E1ZH,Rajkot,Gujarat,DELIVERED,19059090,0,0,0,0,1,198,178,0,0,0,0,0,178
674,1554184286,10-12-2025,10204798,"Vyndo Chorafali Khakhra, Healthy Millet Snacks",Vyndo,8906172900204,"Vyndo Chorafali Khakhra, Healthy Millet Snacks(Packet)",Munchies -> Namkeen Snacks -> Namkeen Snacks,Grocery - Snacks & Packaged Foods,Mumbai,Maharashtra,27AAFCG9846E1ZB,Mumbai,Maharashtra,DELIVERED,19059090,0,0,0,0,1,198,178,0,0,0,0,0,178
675,1552624393,10-12-2025,10204798,"Vyndo Chorafali Khakhra, Healthy Millet Snacks",Vyndo,8906172900204,"Vyndo Chorafali Khakhra, Healthy Millet Snacks(Packet)",Munchies -> Namkeen Snacks -> Namkeen Snacks,Grocery - Snacks & Packaged Foods,Bengaluru,Karnataka,29AAFCG9846E1Z7,Bengaluru,Karnataka,DELIVERED,19059090,0,0,0,0,1,198,178,0,0,0,0,0,178
676,1552878018,10-12-2025,10204798,"Vyndo Chorafali Khakhra, Healthy Millet Snacks",Vyndo,8906172900204,"Vyndo Chorafali Khakhra, Healthy Millet Snacks(Packet)",Munchies -> Namkeen Snacks -> Namkeen Snacks,Grocery - Snacks & Packaged Foods,Kolkata,West Bengal,19AAFCG9846E1Z8,Kolkata,West Bengal,DELIVERED,19059090,0,0,0,0,1,198,178,0,0,0,0,0,178
677,1552803334,10-12-2025,10204798,"Vyndo Chorafali Khakhra, Healthy Millet Snacks",Vyndo,8906172900204,"Vyndo Chorafali Khakhra, Healthy Millet Snacks(Packet)",Munchies -> Namkeen Snacks -> Namkeen Snacks,Grocery - Snacks & Packaged Foods,Mumbai,Maharashtra,27AAFCG9846E1ZB,Mumbai,Maharashtra,DELIVERED,19059090,0,0,0,0,1,198,178,0,0,0,0,0,178
678,1553886687,10-12-2025,10204798,"Vyndo Chorafali Khakhra, Healthy Millet Snacks",Vyndo,8906172900204,"Vyndo Chorafali Khakhra, Healthy Millet Snacks(Packet)",Munchies -> Namkeen Snacks -> Namkeen Snacks,Grocery - Snacks & Packaged Foods,Ahmedabad,Gujarat,24AAFCG9846E1ZH,Ahmedabad,Gujarat,DELIVERED,19059090,0,0,0,0,1,198,178,0,0,0,0,0,178
679,1554328064,10-12-2025,10204798,"Vyndo Chorafali Khakhra, Healthy Millet Snacks",Vyndo,8906172900204,"Vyndo Chorafali Khakhra, Healthy Millet Snacks(Packet)",Munchies -> Namkeen Snacks -> Namkeen Snacks,Grocery - Snacks & Packaged Foods,Ahmedabad,Gujarat,24AAFCG9846E1ZH,Ahmedabad,Gujarat,DELIVERED,19059090,0,0,0,0,1,198,178,0,0,0,0,0,178
680,1553428866,10-12-2025,10204798,"Vyndo Chorafali Khakhra, Healthy Millet Snacks",Vyndo,8906172900204,"Vyndo Chorafali Khakhra, Healthy Millet Snacks(Packet)",Munchies -> Namkeen Snacks -> Namkeen Snacks,Grocery - Snacks & Packaged Foods,Bengaluru,Karnataka,29AAFCG9846E1Z7,Bengaluru,Karnataka,DELIVERED,19059090,0,0,0,0,1,198,178,0,0,0,0,0,178
681,1552483048,10-12-2025,10204798,"Vyndo Chorafali Khakhra, Healthy Millet Snacks",Vyndo,8906172900204,"Vyndo Chorafali Khakhra, Healthy Millet Snacks(Packet)",Munchies -> Namkeen Snacks -> Namkeen Snacks,Grocery - Snacks & Packaged Foods,Pune,Maharashtra,27AAFCG9846E1ZB,Pune,Maharashtra,DELIVERED,19059090,0,0,0,0,1,198,178,0,0,0,0,0,178
682,1555088125,10-12-2025,10204798,"Vyndo Chorafali Khakhra, Healthy Millet Snacks",Vyndo,8906172900204,"Vyndo Chorafali Khakhra, Healthy Millet Snacks(Packet)",Munchies -> Namkeen Snacks -> Namkeen Snacks,Grocery - Snacks & Packaged Foods,Nashik,Maharashtra,27AAFCG9846E1ZB,Nashik,Maharashtra,DELIVERED,19059090,0,0,0,0,1,198,178,0,0,0,0,0,178
683,1553805861,10-12-2025,10204798,"Vyndo Chorafali Khakhra, Healthy Millet Snacks",Vyndo,8906172900204,"Vyndo Chorafali Khakhra, Healthy Millet Snacks(Packet)",Munchies -> Namkeen Snacks -> Namkeen Snacks,Grocery - Snacks & Packaged Foods,Kolkata,West Bengal,19AAFCG9846E1Z8,Kolkata,West Bengal,DELIVERED,19059090,0,0,0,0,1,198,178,0,0,0,0,0,178
684,1553561593,10-12-2025,10204798,"Vyndo Chorafali Khakhra, Healthy Millet Snacks",Vyndo,8906172900204,"Vyndo Chorafali Khakhra, Healthy Millet Snacks(Packet)",Munchies -> Namkeen Snacks -> Namkeen Snacks,Grocery - Snacks & Packaged Foods,Bengaluru,Karnataka,29AAFCG9846E1Z7,Bengaluru,Karnataka,DELIVERED,19059090,0,0,0,0,1,198,178,0,0,0,0,0,178
685,1554836977,10-12-2025,10204798,"Vyndo Chorafali Khakhra, Healthy Millet Snacks",Vyndo,8906172900204,"Vyndo Chorafali Khakhra, Healthy Millet Snacks(Packet)",Munchies -> Namkeen Snacks -> Namkeen Snacks,Grocery - Snacks & Packaged Foods,Kolkata,West Bengal,19AAFCG9846E1Z8,Kolkata,West Bengal,DELIVERED,19059090,0,0,0,0,1,198,178,0,0,0,0,0,178
686,1554078359,10-12-2025,10204798,"Vyndo Chorafali Khakhra, Healthy Millet Snacks",Vyndo,8906172900204,"Vyndo Chorafali Khakhra, Healthy Millet Snacks(Packet)",Munchies -> Namkeen Snacks -> Namkeen Snacks,Grocery - Snacks & Packaged Foods,Bengaluru,Karnataka,29AAFCG9846E1Z7,Bengaluru,Karnataka,DELIVERED,19059090,0,0,0,0,1,198,178,0,0,0,0,0,178
687,1554268760,10-12-2025,10204798,"Vyndo Chorafali Khakhra, Healthy Millet Snacks",Vyndo,8906172900204,"Vyndo Chorafali Khakhra, Healthy Millet Snacks(Packet)",Munchies -> Namkeen Snacks -> Namkeen Snacks,Grocery - Snacks & Packaged Foods,Pune,Maharashtra,27AAFCG9846E1ZB,Pune,Maharashtra,DELIVERED,19059090,0,0,0,0,1,198,178,0,0,0,0,0,178
688,1552680798,10-12-2025,10205139,"Vyndo Methi Bajra Khakhra, Healthy Millet Snacks",Vyndo,8906172900235,"Vyndo Methi Bajra Khakhra, Healthy Millet Snacks(Pouch)",Munchies -> Namkeen Snacks -> Namkeen Snacks,Grocery - Snacks & Packaged Foods,Mumbai,Maharashtra,27AAFCG9846E1ZB,Mumbai,Maharashtra,DELIVERED,19059090,0,0,0,0,1,198,178,0,0,0,0,0,178
689,1554050810,10-12-2025,10205139,"Vyndo Methi Bajra Khakhra, Healthy Millet Snacks",Vyndo,8906172900235,"Vyndo Methi Bajra Khakhra, Healthy Millet Snacks(Pouch)",Munchies -> Namkeen Snacks -> Namkeen Snacks,Grocery - Snacks & Packaged Foods,Mumbai,Maharashtra,27AAFCG9846E1ZB,Mumbai,Maharashtra,DELIVERED,19059090,0,0,0,0,1,198,178,0,0,0,0,0,178
690,1554248368,10-12-2025,10205139,"Vyndo Methi Bajra Khakhra, Healthy Millet Snacks",Vyndo,8906172900235,"Vyndo Methi Bajra Khakhra, Healthy Millet Snacks(Pouch)",Munchies -> Namkeen Snacks -> Namkeen Snacks,Grocery - Snacks & Packaged Foods,Kolkata,West Bengal,19AAFCG9846E1Z8,Kolkata,West Bengal,DELIVERED,19059090,0,0,0,0,1,198,178,0,0,0,0,0,178
691,1552882233,10-12-2025,10205139,"Vyndo Methi Bajra Khakhra, Healthy Millet Snacks",Vyndo,8906172900235,"Vyndo Methi Bajra Khakhra, Healthy Millet Snacks(Pouch)",Munchies -> Namkeen Snacks -> Namkeen Snacks,Grocery - Snacks & Packaged Foods,Pune,Maharashtra,27AAFCG9846E1ZB,Pune,Maharashtra,DELIVERED,19059090,0,0,0,0,1,198,178,0,0,0,0,0,178
692,1552423463,10-12-2025,10205139,"Vyndo Methi Bajra Khakhra, Healthy Millet Snacks",Vyndo,8906172900235,"Vyndo Methi Bajra Khakhra, Healthy Millet Snacks(Pouch)",Munchies -> Namkeen Snacks -> Namkeen Snacks,Grocery - Snacks & Packaged Foods,UP-NCR,Uttar Pradesh,09AAFCG9846E1Z9,Ghaziabad,Uttar Pradesh,DELIVERED,19059090,0,0,0,0,1,198,178,0,0,0,0,0,178
693,1553629835,10-12-2025,10205139,"Vyndo Methi Bajra Khakhra, Healthy Millet Snacks",Vyndo,8906172900235,"Vyndo Methi Bajra Khakhra, Healthy Millet Snacks(Pouch)",Munchies -> Namkeen Snacks -> Namkeen Snacks,Grocery - Snacks & Packaged Foods,UP-NCR,Uttar Pradesh,09AAFCG9846E1Z9,Ghaziabad,Uttar Pradesh,DELIVERED,19059090,0,0,0,0,1,198,178,0,0,0,0,0,178
694,1553968225,10-12-2025,10205139,"Vyndo Methi Bajra Khakhra, Healthy Millet Snacks",Vyndo,8906172900235,"Vyndo Methi Bajra Khakhra, Healthy Millet Snacks(Pouch)",Munchies -> Namkeen Snacks -> Namkeen Snacks,Grocery - Snacks & Packaged Foods,Mumbai,Maharashtra,27AAFCG9846E1ZB,Mumbai,Maharashtra,DELIVERED,19059090,0,0,0,0,1,198,178,0,0,0,0,0,178
695,1554835756,10-12-2025,10205139,"Vyndo Methi Bajra Khakhra, Healthy Millet Snacks",Vyndo,8906172900235,"Vyndo Methi Bajra Khakhra, Healthy Millet Snacks(Pouch)",Munchies -> Namkeen Snacks -> Namkeen Snacks,Grocery - Snacks & Packaged Foods,UP-NCR,Uttar Pradesh,09AAFCG9846E1Z9,Ghaziabad,Uttar Pradesh,DELIVERED,19059090,0,0,0,0,1,198,178,0,0,0,0,0,178
696,1552581250,10-12-2025,10205139,"Vyndo Methi Bajra Khakhra, Healthy Millet Snacks",Vyndo,8906172900235,"Vyndo Methi Bajra Khakhra, Healthy Millet Snacks(Pouch)",Munchies -> Namkeen Snacks -> Namkeen Snacks,Grocery - Snacks & Packaged Foods,Chennai,Tamil Nadu,33AAFCG9846E1ZI,Chennai,Tamil Nadu,DELIVERED,19059090,0,0,0,0,1,198,178,0,0,0,0,0,178
697,1552768319,10-12-2025,10205139,"Vyndo Methi Bajra Khakhra, Healthy Millet Snacks",Vyndo,8906172900235,"Vyndo Methi Bajra Khakhra, Healthy Millet Snacks(Pouch)",Munchies -> Namkeen Snacks -> Namkeen Snacks,Grocery - Snacks & Packaged Foods,Pune,Maharashtra,27AAFCG9846E1ZB,Pune,Maharashtra,DELIVERED,19059090,0,0,0,0,1,198,178,0,0,0,0,0,178
698,1554873024,10-12-2025,10265470,Vyndo Pudina Ragi Sev Bhujia Healthy Non-Fried Millet Snack,Vyndo,8906172900464,Vyndo Pudina Ragi Sev Bhujia Healthy Non-Fried Millet Snack(Packet),Munchies -> Bhujia & Mixtures -> Bhujia & Mixtures,Grocery - Snacks & Packaged Foods,Mumbai,Maharashtra,27AAFCG9846E1ZB,Mumbai,Maharashtra,DELIVERED,21069099,0,2.5,2.5,0,1,130,117,0,2.79,2.79,0,2.79,117
699,1557712073,11-12-2025,10196943,"Vyndo Masala Ragi Bhakhri, Healthy Millet Snacks",Vyndo,8906172900495,"Vyndo Masala Ragi Bhakhri, Healthy Millet Snacks(Pack)",Munchies -> Namkeen Snacks -> Namkeen Snacks,Grocery - Snacks & Packaged Foods,Pune,Maharashtra,27AAFCG9846E1ZB,Pune,Maharashtra,DELIVERED,19059090,0,0,0,0,1,198,178,0,0,0,0,0,178
700,1557324444,11-12-2025,10197316,Vyndo Farali Millet Bhakhri Fasting Energy Snacks,Vyndo,8906172900358,Vyndo Farali Millet Bhakhri Fasting Energy Snacks,Organic & Premium -> Snacks & Munchies -> Snacks & Munchies,Grocery - Snacks & Packaged Foods,Delhi,Delhi,07AAFCG9846E2ZC,Delhi,Delhi,DELIVERED,19059090,0,0,0,0,1,198,178,0,0,0,0,0,178
701,1556748421,11-12-2025,10197316,Vyndo Farali Millet Bhakhri Fasting Energy Snacks,Vyndo,8906172900358,Vyndo Farali Millet Bhakhri Fasting Energy Snacks,Organic & Premium -> Snacks & Munchies -> Snacks & Munchies,Grocery - Snacks & Packaged Foods,UP-NCR,Uttar Pradesh,09AAFCG9846E1Z9,Ghaziabad,Uttar Pradesh,DELIVERED,19059090,0,0,0,0,2,198,178,0,0,0,0,0,356
702,1556054307,11-12-2025,10197316,Vyndo Farali Millet Bhakhri Fasting Energy Snacks,Vyndo,8906172900358,Vyndo Farali Millet Bhakhri Fasting Energy Snacks,Organic & Premium -> Snacks & Munchies -> Snacks & Munchies,Grocery - Snacks & Packaged Foods,Mumbai,Maharashtra,27AAFCG9846E1ZB,Mumbai,Maharashtra,DELIVERED,19059090,0,0,0,0,1,198,178,0,0,0,0,0,178
703,1556384837,11-12-2025,10197316,Vyndo Farali Millet Bhakhri Fasting Energy Snacks,Vyndo,8906172900358,Vyndo Farali Millet Bhakhri Fasting Energy Snacks,Organic & Premium -> Snacks & Munchies -> Snacks & Munchies,Grocery - Snacks & Packaged Foods,Pune,Maharashtra,27AAFCG9846E1ZB,Pune,Maharashtra,DELIVERED,19059090,0,0,0,0,1,198,178,0,0,0,0,0,178
704,1555489724,11-12-2025,10197316,Vyndo Farali Millet Bhakhri Fasting Energy Snacks,Vyndo,8906172900358,Vyndo Farali Millet Bhakhri Fasting Energy Snacks,Organic & Premium -> Snacks & Munchies -> Snacks & Munchies,Grocery - Snacks & Packaged Foods,Delhi,Delhi,07AAFCG9846E2ZC,Delhi,Delhi,DELIVERED,19059090,0,0,0,0,1,198,178,0,0,0,0,0,178
705,1556004473,11-12-2025,10197316,Vyndo Farali Millet Bhakhri Fasting Energy Snacks,Vyndo,8906172900358,Vyndo Farali Millet Bhakhri Fasting Energy Snacks,Organic & Premium -> Snacks & Munchies -> Snacks & Munchies,Grocery - Snacks & Packaged Foods,Haldwani,Uttarakhand,05AAFCG9846E1ZH,Haldwani,Uttarakhand,DELIVERED,19059090,0,0,0,0,1,198,178,0,0,0,0,0,178
706,1555892537,11-12-2025,10197316,Vyndo Farali Millet Bhakhri Fasting Energy Snacks,Vyndo,8906172900358,Vyndo Farali Millet Bhakhri Fasting Energy Snacks,Organic & Premium -> Snacks & Munchies -> Snacks & Munchies,Grocery - Snacks & Packaged Foods,Pune,Maharashtra,27AAFCG9846E1ZB,Pune,Maharashtra,DELIVERED,19059090,0,0,0,0,1,198,178,0,0,0,0,0,178
707,1555942513,11-12-2025,10197316,Vyndo Farali Millet Bhakhri Fasting Energy Snacks,Vyndo,8906172900358,Vyndo Farali Millet Bhakhri Fasting Energy Snacks,Organic & Premium -> Snacks & Munchies -> Snacks & Munchies,Grocery - Snacks & Packaged Foods,Pune,Maharashtra,27AAFCG9846E1ZB,Pune,Maharashtra,DELIVERED,19059090,0,0,0,0,1,198,178,0,0,0,0,0,178
708,1555720046,11-12-2025,10197316,Vyndo Farali Millet Bhakhri Fasting Energy Snacks,Vyndo,8906172900358,Vyndo Farali Millet Bhakhri Fasting Energy Snacks,Organic & Premium -> Snacks & Munchies -> Snacks & Munchies,Grocery - Snacks & Packaged Foods,Chennai,Tamil Nadu,33AAFCG9846E1ZI,Chennai,Tamil Nadu,DELIVERED,19059090,0,0,0,0,1,198,178,0,0,0,0,0,178
709,1557198185,11-12-2025,10197316,Vyndo Farali Millet Bhakhri Fasting Energy Snacks,Vyndo,8906172900358,Vyndo Farali Millet Bhakhri Fasting Energy Snacks,Organic & Premium -> Snacks & Munchies -> Snacks & Munchies,Grocery - Snacks & Packaged Foods,UP-NCR,Uttar Pradesh,09AAFCG9846E1Z9,Ghaziabad,Uttar Pradesh,DELIVERED,19059090,0,0,0,0,1,198,178,0,0,0,0,0,178
710,1557573258,11-12-2025,10197316,Vyndo Farali Millet Bhakhri Fasting Energy Snacks,Vyndo,8906172900358,Vyndo Farali Millet Bhakhri Fasting Energy Snacks,Organic & Premium -> Snacks & Munchies -> Snacks & Munchies,Grocery - Snacks & Packaged Foods,UP-NCR,Uttar Pradesh,09AAFCG9846E1Z9,Ghaziabad,Uttar Pradesh,DELIVERED,19059090,0,0,0,0,1,198,178,0,0,0,0,0,178
711,1556241548,11-12-2025,10197316,Vyndo Farali Millet Bhakhri Fasting Energy Snacks,Vyndo,8906172900358,Vyndo Farali Millet Bhakhri Fasting Energy Snacks,Organic & Premium -> Snacks & Munchies -> Snacks & Munchies,Grocery - Snacks & Packaged Foods,Pune,Maharashtra,27AAFCG9846E1ZB,Pune,Maharashtra,DELIVERED,19059090,0,0,0,0,1,198,178,0,0,0,0,0,178
712,1557278961,11-12-2025,10197316,Vyndo Farali Millet Bhakhri Fasting Energy Snacks,Vyndo,8906172900358,Vyndo Farali Millet Bhakhri Fasting Energy Snacks,Organic & Premium -> Snacks & Munchies -> Snacks & Munchies,Grocery - Snacks & Packaged Foods,UP-NCR,Uttar Pradesh,09AAFCG9846E1Z9,Ghaziabad,Uttar Pradesh,DELIVERED,19059090,0,0,0,0,1,198,178,0,0,0,0,0,178
713,1557873082,11-12-2025,10197316,Vyndo Farali Millet Bhakhri Fasting Energy Snacks,Vyndo,8906172900358,Vyndo Farali Millet Bhakhri Fasting Energy Snacks,Organic & Premium -> Snacks & Munchies -> Snacks & Munchies,Grocery - Snacks & Packaged Foods,UP-NCR,Uttar Pradesh,09AAFCG9846E1Z9,Ghaziabad,Uttar Pradesh,DELIVERED,19059090,0,0,0,0,1,198,178,0,0,0,0,0,178
714,1556627982,11-12-2025,10200587,"Vyndo Moong Bajra Bhakhri, Healthy Millet Snacks",Vyndo,8906172900365,"Vyndo Moong Bajra Bhakhri, Healthy Millet Snacks(Box)",Munchies -> Namkeen Snacks -> Namkeen Snacks,Grocery - Snacks & Packaged Foods,Anand,Gujarat,24AAFCG9846E1ZH,Anand,Gujarat,DELIVERED,19059090,0,0,0,0,1,198,178,0,0,0,0,0,178
715,1556956594,11-12-2025,10200587,"Vyndo Moong Bajra Bhakhri, Healthy Millet Snacks",Vyndo,8906172900365,"Vyndo Moong Bajra Bhakhri, Healthy Millet Snacks(Box)",Munchies -> Namkeen Snacks -> Namkeen Snacks,Grocery - Snacks & Packaged Foods,Ahmedabad,Gujarat,24AAFCG9846E1ZH,Ahmedabad,Gujarat,DELIVERED,19059090,0,0,0,0,1,198,178,0,0,0,0,0,178
716,1556896527,11-12-2025,10200587,"Vyndo Moong Bajra Bhakhri, Healthy Millet Snacks",Vyndo,8906172900365,"Vyndo Moong Bajra Bhakhri, Healthy Millet Snacks(Box)",Munchies -> Namkeen Snacks -> Namkeen Snacks,Grocery - Snacks & Packaged Foods,Ahmedabad,Gujarat,24AAFCG9846E1ZH,Ahmedabad,Gujarat,DELIVERED,19059090,0,0,0,0,1,198,178,0,0,0,0,0,178
717,1556701496,11-12-2025,10200587,"Vyndo Moong Bajra Bhakhri, Healthy Millet Snacks",Vyndo,8906172900365,"Vyndo Moong Bajra Bhakhri, Healthy Millet Snacks(Box)",Munchies -> Namkeen Snacks -> Namkeen Snacks,Grocery - Snacks & Packaged Foods,Rajkot,Gujarat,24AAFCG9846E1ZH,Rajkot,Gujarat,DELIVERED,19059090,0,0,0,0,1,198,178,0,0,0,0,0,178
718,1556190324,11-12-2025,10200587,"Vyndo Moong Bajra Bhakhri, Healthy Millet Snacks",Vyndo,8906172900365,"Vyndo Moong Bajra Bhakhri, Healthy Millet Snacks(Box)",Munchies -> Namkeen Snacks -> Namkeen Snacks,Grocery - Snacks & Packaged Foods,Ahmedabad,Gujarat,24AAFCG9846E1ZH,Ahmedabad,Gujarat,DELIVERED,19059090,0,0,0,0,1,198,178,0,0,0,0,0,178
719,1555549697,11-12-2025,10200587,"Vyndo Moong Bajra Bhakhri, Healthy Millet Snacks",Vyndo,8906172900365,"Vyndo Moong Bajra Bhakhri, Healthy Millet Snacks(Box)",Munchies -> Namkeen Snacks -> Namkeen Snacks,Grocery - Snacks & Packaged Foods,Bengaluru,Karnataka,29AAFCG9846E1Z7,Bengaluru,Karnataka,DELIVERED,19059090,0,0,0,0,1,198,178,0,0,0,0,0,178
720,1557270845,11-12-2025,10200587,"Vyndo Moong Bajra Bhakhri, Healthy Millet Snacks",Vyndo,8906172900365,"Vyndo Moong Bajra Bhakhri, Healthy Millet Snacks(Box)",Munchies -> Namkeen Snacks -> Namkeen Snacks,Grocery - Snacks & Packaged Foods,Bengaluru,Karnataka,29AAFCG9846E1Z7,Bengaluru,Karnataka,DELIVERED,19059090,0,0,0,0,1,198,178,0,0,0,0,0,178
721,1557593236,11-12-2025,10200590,"Vyndo Roasted Ragi Bhakhri, Healthy Millet Snacks",Vyndo,8906172900372,"Vyndo Roasted Ragi Bhakhri, Healthy Millet Snacks(Box)",Munchies -> Namkeen Snacks -> Namkeen Snacks,Grocery - Snacks & Packaged Foods,Mumbai,Maharashtra,27AAFCG9846E1ZB,Mumbai,Maharashtra,DELIVERED,19059090,0,0,0,0,1,198,178,0,0,0,0,0,178
722,1555549697,11-12-2025,10200590,"Vyndo Roasted Ragi Bhakhri, Healthy Millet Snacks",Vyndo,8906172900372,"Vyndo Roasted Ragi Bhakhri, Healthy Millet Snacks(Box)",Munchies -> Namkeen Snacks -> Namkeen Snacks,Grocery - Snacks & Packaged Foods,Bengaluru,Karnataka,29AAFCG9846E1Z7,Bengaluru,Karnataka,DELIVERED,19059090,0,0,0,0,1,198,178,0,0,0,0,0,178
723,1556915505,11-12-2025,10200590,"Vyndo Roasted Ragi Bhakhri, Healthy Millet Snacks",Vyndo,8906172900372,"Vyndo Roasted Ragi Bhakhri, Healthy Millet Snacks(Box)",Munchies -> Namkeen Snacks -> Namkeen Snacks,Grocery - Snacks & Packaged Foods,Mumbai,Maharashtra,27AAFCG9846E1ZB,Mumbai,Maharashtra,DELIVERED,19059090,0,0,0,0,1,198,178,0,0,0,0,0,178
724,1556182152,11-12-2025,10200590,"Vyndo Roasted Ragi Bhakhri, Healthy Millet Snacks",Vyndo,8906172900372,"Vyndo Roasted Ragi Bhakhri, Healthy Millet Snacks(Box)",Munchies -> Namkeen Snacks -> Namkeen Snacks,Grocery - Snacks & Packaged Foods,Rajkot,Gujarat,24AAFCG9846E1ZH,Rajkot,Gujarat,DELIVERED,19059090,0,0,0,0,1,198,178,0,0,0,0,0,178
725,1557789040,11-12-2025,10200590,"Vyndo Roasted Ragi Bhakhri, Healthy Millet Snacks",Vyndo,8906172900372,"Vyndo Roasted Ragi Bhakhri, Healthy Millet Snacks(Box)",Munchies -> Namkeen Snacks -> Namkeen Snacks,Grocery - Snacks & Packaged Foods,Pune,Maharashtra,27AAFCG9846E1ZB,Pune,Maharashtra,DELIVERED,19059090,0,0,0,0,1,198,178,0,0,0,0,0,178
726,1557403153,11-12-2025,10200590,"Vyndo Roasted Ragi Bhakhri, Healthy Millet Snacks",Vyndo,8906172900372,"Vyndo Roasted Ragi Bhakhri, Healthy Millet Snacks(Box)",Munchies -> Namkeen Snacks -> Namkeen Snacks,Grocery - Snacks & Packaged Foods,Mumbai,Maharashtra,27AAFCG9846E1ZB,Mumbai,Maharashtra,DELIVERED,19059090,0,0,0,0,1,198,178,0,0,0,0,0,178
727,1555564331,11-12-2025,10200590,"Vyndo Roasted Ragi Bhakhri, Healthy Millet Snacks",Vyndo,8906172900372,"Vyndo Roasted Ragi Bhakhri, Healthy Millet Snacks(Box)",Munchies -> Namkeen Snacks -> Namkeen Snacks,Grocery - Snacks & Packaged Foods,UP-NCR,Uttar Pradesh,09AAFCG9846E1Z9,Ghaziabad,Uttar Pradesh,DELIVERED,19059090,0,0,0,0,1,198,178,0,0,0,0,0,178
728,1557143622,11-12-2025,10200590,"Vyndo Roasted Ragi Bhakhri, Healthy Millet Snacks",Vyndo,8906172900372,"Vyndo Roasted Ragi Bhakhri, Healthy Millet Snacks(Box)",Munchies -> Namkeen Snacks -> Namkeen Snacks,Grocery - Snacks & Packaged Foods,Faridabad,Haryana,06AAFCG9846E1ZF,Faridabad,Haryana,DELIVERED,19059090,0,0,0,0,1,198,178,0,0,0,0,0,178
729,1555828225,11-12-2025,10204795,Vyndo Sattu Khakhra,Vyndo,8906172900198,Vyndo Sattu Khakhra(Packet),Munchies -> Namkeen Snacks -> Namkeen Snacks,Grocery - Snacks & Packaged Foods,Bengaluru,Karnataka,29AAFCG9846E1Z7,Bengaluru,Karnataka,DELIVERED,19059090,0,0,0,0,1,198,178,0,0,0,0,0,178
730,1555835371,11-12-2025,10204795,Vyndo Sattu Khakhra,Vyndo,8906172900198,Vyndo Sattu Khakhra(Packet),Munchies -> Namkeen Snacks -> Namkeen Snacks,Grocery - Snacks & Packaged Foods,Bengaluru,Karnataka,29AAFCG9846E1Z7,Bengaluru,Karnataka,DELIVERED,19059090,0,0,0,0,1,198,178,0,0,0,0,0,178
731,1556901604,11-12-2025,10204795,Vyndo Sattu Khakhra,Vyndo,8906172900198,Vyndo Sattu Khakhra(Packet),Munchies -> Namkeen Snacks -> Namkeen Snacks,Grocery - Snacks & Packaged Foods,Delhi,Delhi,07AAFCG9846E2ZC,Delhi,Delhi,DELIVERED,19059090,0,0,0,0,1,198,178,0,0,0,0,0,178
732,1556330627,11-12-2025,10204795,Vyndo Sattu Khakhra,Vyndo,8906172900198,Vyndo Sattu Khakhra(Packet),Munchies -> Namkeen Snacks -> Namkeen Snacks,Grocery - Snacks & Packaged Foods,Mumbai,Maharashtra,27AAFCG9846E1ZB,Mumbai,Maharashtra,DELIVERED,19059090,0,0,0,0,1,198,178,0,0,0,0,0,178
733,1556573689,11-12-2025,10204795,Vyndo Sattu Khakhra,Vyndo,8906172900198,Vyndo Sattu Khakhra(Packet),Munchies -> Namkeen Snacks -> Namkeen Snacks,Grocery - Snacks & Packaged Foods,Pune,Maharashtra,27AAFCG9846E1ZB,Pune,Maharashtra,DELIVERED,19059090,0,0,0,0,1,198,178,0,0,0,0,0,178
734,1557157518,11-12-2025,10204795,Vyndo Sattu Khakhra,Vyndo,8906172900198,Vyndo Sattu Khakhra(Packet),Munchies -> Namkeen Snacks -> Namkeen Snacks,Grocery - Snacks & Packaged Foods,Mumbai,Maharashtra,27AAFCG9846E1ZB,Mumbai,Maharashtra,DELIVERED,19059090,0,0,0,0,1,198,178,0,0,0,0,0,178
735,1557807469,11-12-2025,10204798,"Vyndo Chorafali Khakhra, Healthy Millet Snacks",Vyndo,8906172900204,"Vyndo Chorafali Khakhra, Healthy Millet Snacks(Packet)",Munchies -> Namkeen Snacks -> Namkeen Snacks,Grocery - Snacks & Packaged Foods,Bengaluru,Karnataka,29AAFCG9846E1Z7,Bengaluru,Karnataka,DELIVERED,19059090,0,0,0,0,1,198,178,0,0,0,0,0,178
736,1556093174,11-12-2025,10204798,"Vyndo Chorafali Khakhra, Healthy Millet Snacks",Vyndo,8906172900204,"Vyndo Chorafali Khakhra, Healthy Millet Snacks(Packet)",Munchies -> Namkeen Snacks -> Namkeen Snacks,Grocery - Snacks & Packaged Foods,Mumbai,Maharashtra,27AAFCG9846E1ZB,Mumbai,Maharashtra,DELIVERED,19059090,0,0,0,0,1,198,178,0,0,0,0,0,178
737,1555743187,11-12-2025,10204798,"Vyndo Chorafali Khakhra, Healthy Millet Snacks",Vyndo,8906172900204,"Vyndo Chorafali Khakhra, Healthy Millet Snacks(Packet)",Munchies -> Namkeen Snacks -> Namkeen Snacks,Grocery - Snacks & Packaged Foods,UP-NCR,Uttar Pradesh,09AAFCG9846E1Z9,Ghaziabad,Uttar Pradesh,DELIVERED,19059090,0,0,0,0,1,198,178,0,0,0,0,0,178
738,1556009937,11-12-2025,10204798,"Vyndo Chorafali Khakhra, Healthy Millet Snacks",Vyndo,8906172900204,"Vyndo Chorafali Khakhra, Healthy Millet Snacks(Packet)",Munchies -> Namkeen Snacks -> Namkeen Snacks,Grocery - Snacks & Packaged Foods,Bengaluru,Karnataka,29AAFCG9846E1Z7,Bengaluru,Karnataka,DELIVERED,19059090,0,0,0,0,1,198,178,0,0,0,0,0,178
739,1557260432,11-12-2025,10204798,"Vyndo Chorafali Khakhra, Healthy Millet Snacks",Vyndo,8906172900204,"Vyndo Chorafali Khakhra, Healthy Millet Snacks(Packet)",Munchies -> Namkeen Snacks -> Namkeen Snacks,Grocery - Snacks & Packaged Foods,Mumbai,Maharashtra,27AAFCG9846E1ZB,Mumbai,Maharashtra,DELIVERED,19059090,0,0,0,0,1,198,178,0,0,0,0,0,178
740,1556231621,11-12-2025,10204798,"Vyndo Chorafali Khakhra, Healthy Millet Snacks",Vyndo,8906172900204,"Vyndo Chorafali Khakhra, Healthy Millet Snacks(Packet)",Munchies -> Namkeen Snacks -> Namkeen Snacks,Grocery - Snacks & Packaged Foods,UP-NCR,Uttar Pradesh,09AAFCG9846E1Z9,Ghaziabad,Uttar Pradesh,DELIVERED,19059090,0,0,0,0,1,198,178,0,0,0,0,0,178
741,1556622787,11-12-2025,10204798,"Vyndo Chorafali Khakhra, Healthy Millet Snacks",Vyndo,8906172900204,"Vyndo Chorafali Khakhra, Healthy Millet Snacks(Packet)",Munchies -> Namkeen Snacks -> Namkeen Snacks,Grocery - Snacks & Packaged Foods,Chennai,Tamil Nadu,33AAFCG9846E1ZI,Chennai,Tamil Nadu,DELIVERED,19059090,0,0,0,0,1,198,178,0,0,0,0,0,178
742,1556754326,11-12-2025,10204798,"Vyndo Chorafali Khakhra, Healthy Millet Snacks",Vyndo,8906172900204,"Vyndo Chorafali Khakhra, Healthy Millet Snacks(Packet)",Munchies -> Namkeen Snacks -> Namkeen Snacks,Grocery - Snacks & Packaged Foods,Pune,Maharashtra,27AAFCG9846E1ZB,Pune,Maharashtra,DELIVERED,19059090,0,0,0,0,1,198,178,0,0,0,0,0,178
743,1556915505,11-12-2025,10204798,"Vyndo Chorafali Khakhra, Healthy Millet Snacks",Vyndo,8906172900204,"Vyndo Chorafali Khakhra, Healthy Millet Snacks(Packet)",Munchies -> Namkeen Snacks -> Namkeen Snacks,Grocery - Snacks & Packaged Foods,Mumbai,Maharashtra,27AAFCG9846E1ZB,Mumbai,Maharashtra,DELIVERED,19059090,0,0,0,0,1,198,178,0,0,0,0,0,178
744,1555105022,11-12-2025,10204798,"Vyndo Chorafali Khakhra, Healthy Millet Snacks",Vyndo,8906172900204,"Vyndo Chorafali Khakhra, Healthy Millet Snacks(Packet)",Munchies -> Namkeen Snacks -> Namkeen Snacks,Grocery - Snacks & Packaged Foods,Mumbai,Maharashtra,27AAFCG9846E1ZB,Mumbai,Maharashtra,DELIVERED,19059090,0,0,0,0,1,198,178,0,0,0,0,0,178
745,1555159030,11-12-2025,10204798,"Vyndo Chorafali Khakhra, Healthy Millet Snacks",Vyndo,8906172900204,"Vyndo Chorafali Khakhra, Healthy Millet Snacks(Packet)",Munchies -> Namkeen Snacks -> Namkeen Snacks,Grocery - Snacks & Packaged Foods,Bengaluru,Karnataka,29AAFCG9846E1Z7,Bengaluru,Karnataka,DELIVERED,19059090,0,0,0,0,1,198,178,0,0,0,0,0,178
746,1557126708,11-12-2025,10204798,"Vyndo Chorafali Khakhra, Healthy Millet Snacks",Vyndo,8906172900204,"Vyndo Chorafali Khakhra, Healthy Millet Snacks(Packet)",Munchies -> Namkeen Snacks -> Namkeen Snacks,Grocery - Snacks & Packaged Foods,Pune,Maharashtra,27AAFCG9846E1ZB,Pune,Maharashtra,DELIVERED,19059090,0,0,0,0,1,198,178,0,0,0,0,0,178
747,1555130034,11-12-2025,10204798,"Vyndo Chorafali Khakhra, Healthy Millet Snacks",Vyndo,8906172900204,"Vyndo Chorafali Khakhra, Healthy Millet Snacks(Packet)",Munchies -> Namkeen Snacks -> Namkeen Snacks,Grocery - Snacks & Packaged Foods,Ahmedabad,Gujarat,24AAFCG9846E1ZH,Ahmedabad,Gujarat,DELIVERED,19059090,0,0,0,0,1,198,178,0,0,0,0,0,178
748,1555373696,11-12-2025,10204798,"Vyndo Chorafali Khakhra, Healthy Millet Snacks",Vyndo,8906172900204,"Vyndo Chorafali Khakhra, Healthy Millet Snacks(Packet)",Munchies -> Namkeen Snacks -> Namkeen Snacks,Grocery - Snacks & Packaged Foods,Ahmedabad,Gujarat,24AAFCG9846E1ZH,Ahmedabad,Gujarat,DELIVERED,19059090,0,0,0,0,1,198,178,0,0,0,0,0,178
749,1557541991,11-12-2025,10205139,"Vyndo Methi Bajra Khakhra, Healthy Millet Snacks",Vyndo,8906172900235,"Vyndo Methi Bajra Khakhra, Healthy Millet Snacks(Pouch)",Munchies -> Namkeen Snacks -> Namkeen Snacks,Grocery - Snacks & Packaged Foods,Lucknow,Uttar Pradesh,09AAFCG9846E1Z9,Lucknow,Uttar Pradesh,DELIVERED,19059090,0,0,0,0,1,198,178,0,0,0,0,0,178
750,1555366161,11-12-2025,10205139,"Vyndo Methi Bajra Khakhra, Healthy Millet Snacks",Vyndo,8906172900235,"Vyndo Methi Bajra Khakhra, Healthy Millet Snacks(Pouch)",Munchies -> Namkeen Snacks -> Namkeen Snacks,Grocery - Snacks & Packaged Foods,Agra,Uttar Pradesh,09AAFCG9846E1Z9,Agra,Uttar Pradesh,DELIVERED,19059090,0,0,0,0,1,198,178,0,0,0,0,0,178
751,1557715137,11-12-2025,10205139,"Vyndo Methi Bajra Khakhra, Healthy Millet Snacks",Vyndo,8906172900235,"Vyndo Methi Bajra Khakhra, Healthy Millet Snacks(Pouch)",Munchies -> Namkeen Snacks -> Namkeen Snacks,Grocery - Snacks & Packaged Foods,Pune,Maharashtra,27AAFCG9846E1ZB,Pune,Maharashtra,DELIVERED,19059090,0,0,0,0,1,198,178,0,0,0,0,0,178
752,1556273356,11-12-2025,10205139,"Vyndo Methi Bajra Khakhra, Healthy Millet Snacks",Vyndo,8906172900235,"Vyndo Methi Bajra Khakhra, Healthy Millet Snacks(Pouch)",Munchies -> Namkeen Snacks -> Namkeen Snacks,Grocery - Snacks & Packaged Foods,Mumbai,Maharashtra,27AAFCG9846E1ZB,Mumbai,Maharashtra,DELIVERED,19059090,0,0,0,0,1,198,178,0,0,0,0,0,178
753,1556241709,11-12-2025,10205139,"Vyndo Methi Bajra Khakhra, Healthy Millet Snacks",Vyndo,8906172900235,"Vyndo Methi Bajra Khakhra, Healthy Millet Snacks(Pouch)",Munchies -> Namkeen Snacks -> Namkeen Snacks,Grocery - Snacks & Packaged Foods,Chennai,Tamil Nadu,33AAFCG9846E1ZI,Chennai,Tamil Nadu,DELIVERED,19059090,0,0,0,0,1,198,178,0,0,0,0,0,178
754,1557454504,11-12-2025,10205139,"Vyndo Methi Bajra Khakhra, Healthy Millet Snacks",Vyndo,8906172900235,"Vyndo Methi Bajra Khakhra, Healthy Millet Snacks(Pouch)",Munchies -> Namkeen Snacks -> Namkeen Snacks,Grocery - Snacks & Packaged Foods,Delhi,Delhi,07AAFCG9846E2ZC,Delhi,Delhi,DELIVERED,19059090,0,0,0,0,1,198,178,0,0,0,0,0,178
755,1555719982,11-12-2025,10205139,"Vyndo Methi Bajra Khakhra, Healthy Millet Snacks",Vyndo,8906172900235,"Vyndo Methi Bajra Khakhra, Healthy Millet Snacks(Pouch)",Munchies -> Namkeen Snacks -> Namkeen Snacks,Grocery - Snacks & Packaged Foods,Mumbai,Maharashtra,27AAFCG9846E1ZB,Mumbai,Maharashtra,DELIVERED,19059090,0,0,0,0,1,198,178,0,0,0,0,0,178
756,1557778396,11-12-2025,10205139,"Vyndo Methi Bajra Khakhra, Healthy Millet Snacks",Vyndo,8906172900235,"Vyndo Methi Bajra Khakhra, Healthy Millet Snacks(Pouch)",Munchies -> Namkeen Snacks -> Namkeen Snacks,Grocery - Snacks & Packaged Foods,Mumbai,Maharashtra,27AAFCG9846E1ZB,Mumbai,Maharashtra,DELIVERED,19059090,0,0,0,0,1,198,178,0,0,0,0,0,178
757,1555301866,11-12-2025,10205139,"Vyndo Methi Bajra Khakhra, Healthy Millet Snacks",Vyndo,8906172900235,"Vyndo Methi Bajra Khakhra, Healthy Millet Snacks(Pouch)",Munchies -> Namkeen Snacks -> Namkeen Snacks,Grocery - Snacks & Packaged Foods,Ahmedabad,Gujarat,24AAFCG9846E1ZH,Ahmedabad,Gujarat,DELIVERED,19059090,0,0,0,0,1,198,178,0,0,0,0,0,178
758,1555311782,11-12-2025,10205139,"Vyndo Methi Bajra Khakhra, Healthy Millet Snacks",Vyndo,8906172900235,"Vyndo Methi Bajra Khakhra, Healthy Millet Snacks(Pouch)",Munchies -> Namkeen Snacks -> Namkeen Snacks,Grocery - Snacks & Packaged Foods,Pune,Maharashtra,27AAFCG9846E1ZB,Pune,Maharashtra,DELIVERED,19059090,0,0,0,0,1,198,178,0,0,0,0,0,178
759,1557198185,11-12-2025,10205139,"Vyndo Methi Bajra Khakhra, Healthy Millet Snacks",Vyndo,8906172900235,"Vyndo Methi Bajra Khakhra, Healthy Millet Snacks(Pouch)",Munchies -> Namkeen Snacks -> Namkeen Snacks,Grocery - Snacks & Packaged Foods,UP-NCR,Uttar Pradesh,09AAFCG9846E1Z9,Ghaziabad,Uttar Pradesh,DELIVERED,19059090,0,0,0,0,1,198,178,0,0,0,0,0,178
760,1559352779,12-12-2025,10196943,"Vyndo Masala Ragi Bhakhri, Healthy Millet Snacks",Vyndo,8906172900495,"Vyndo Masala Ragi Bhakhri, Healthy Millet Snacks(Pack)",Munchies -> Namkeen Snacks -> Namkeen Snacks,Grocery - Snacks & Packaged Foods,Chennai,Tamil Nadu,33AAFCG9846E1ZI,Chennai,Tamil Nadu,DELIVERED,19059090,0,0,0,0,1,198,178,0,0,0,0,0,178
761,1559354852,12-12-2025,10196943,"Vyndo Masala Ragi Bhakhri, Healthy Millet Snacks",Vyndo,8906172900495,"Vyndo Masala Ragi Bhakhri, Healthy Millet Snacks(Pack)",Munchies -> Namkeen Snacks -> Namkeen Snacks,Grocery - Snacks & Packaged Foods,Kanpur,Uttar Pradesh,09AAFCG9846E1Z9,Kanpur,Uttar Pradesh,DELIVERED,19059090,0,0,0,0,1,198,178,0,0,0,0,0,178
762,1558130270,12-12-2025,10197316,Vyndo Farali Millet Bhakhri Fasting Energy Snacks,Vyndo,8906172900358,Vyndo Farali Millet Bhakhri Fasting Energy Snacks,Organic & Premium -> Snacks & Munchies -> Snacks & Munchies,Grocery - Snacks & Packaged Foods,Mumbai,Maharashtra,27AAFCG9846E1ZB,Mumbai,Maharashtra,DELIVERED,19059090,0,0,0,0,1,198,178,0,0,0,0,0,178
763,1559557112,12-12-2025,10197316,Vyndo Farali Millet Bhakhri Fasting Energy Snacks,Vyndo,8906172900358,Vyndo Farali Millet Bhakhri Fasting Energy Snacks,Organic & Premium -> Snacks & Munchies -> Snacks & Munchies,Grocery - Snacks & Packaged Foods,Lucknow,Uttar Pradesh,09AAFCG9846E1Z9,Lucknow,Uttar Pradesh,DELIVERED,19059090,0,0,0,0,1,198,178,0,0,0,0,0,178
764,1559199057,12-12-2025,10197316,Vyndo Farali Millet Bhakhri Fasting Energy Snacks,Vyndo,8906172900358,Vyndo Farali Millet Bhakhri Fasting Energy Snacks,Organic & Premium -> Snacks & Munchies -> Snacks & Munchies,Grocery - Snacks & Packaged Foods,Kolkata,West Bengal,19AAFCG9846E1Z8,Kolkata,West Bengal,DELIVERED,19059090,0,0,0,0,1,198,178,0,0,0,0,0,178
765,1560401760,12-12-2025,10197316,Vyndo Farali Millet Bhakhri Fasting Energy Snacks,Vyndo,8906172900358,Vyndo Farali Millet Bhakhri Fasting Energy Snacks,Organic & Premium -> Snacks & Munchies -> Snacks & Munchies,Grocery - Snacks & Packaged Foods,Lucknow,Uttar Pradesh,09AAFCG9846E1Z9,Lucknow,Uttar Pradesh,DELIVERED,19059090,0,0,0,0,1,198,178,0,0,0,0,0,178
766,1559324125,12-12-2025,10197316,Vyndo Farali Millet Bhakhri Fasting Energy Snacks,Vyndo,8906172900358,Vyndo Farali Millet Bhakhri Fasting Energy Snacks,Organic & Premium -> Snacks & Munchies -> Snacks & Munchies,Grocery - Snacks & Packaged Foods,UP-NCR,Uttar Pradesh,09AAFCG9846E1Z9,Ghaziabad,Uttar Pradesh,DELIVERED,19059090,0,0,0,0,1,198,178,0,0,0,0,0,178
767,1558211585,12-12-2025,10197316,Vyndo Farali Millet Bhakhri Fasting Energy Snacks,Vyndo,8906172900358,Vyndo Farali Millet Bhakhri Fasting Energy Snacks,Organic & Premium -> Snacks & Munchies -> Snacks & Munchies,Grocery - Snacks & Packaged Foods,UP-NCR,Uttar Pradesh,09AAFCG9846E1Z9,Ghaziabad,Uttar Pradesh,DELIVERED,19059090,0,0,0,0,1,198,178,0,0,0,0,0,178
768,1559827912,12-12-2025,10197316,Vyndo Farali Millet Bhakhri Fasting Energy Snacks,Vyndo,8906172900358,Vyndo Farali Millet Bhakhri Fasting Energy Snacks,Organic & Premium -> Snacks & Munchies -> Snacks & Munchies,Grocery - Snacks & Packaged Foods,Chennai,Tamil Nadu,33AAFCG9846E1ZI,Chennai,Tamil Nadu,DELIVERED,19059090,0,0,0,0,1,198,178,0,0,0,0,0,178
769,1559226759,12-12-2025,10197316,Vyndo Farali Millet Bhakhri Fasting Energy Snacks,Vyndo,8906172900358,Vyndo Farali Millet Bhakhri Fasting Energy Snacks,Organic & Premium -> Snacks & Munchies -> Snacks & Munchies,Grocery - Snacks & Packaged Foods,Kolkata,West Bengal,19AAFCG9846E1Z8,Kolkata,West Bengal,DELIVERED,19059090,0,0,0,0,1,198,178,0,0,0,0,0,178
770,1560111305,12-12-2025,10197316,Vyndo Farali Millet Bhakhri Fasting Energy Snacks,Vyndo,8906172900358,Vyndo Farali Millet Bhakhri Fasting Energy Snacks,Organic & Premium -> Snacks & Munchies -> Snacks & Munchies,Grocery - Snacks & Packaged Foods,Mumbai,Maharashtra,27AAFCG9846E1ZB,Mumbai,Maharashtra,DELIVERED,19059090,0,0,0,0,2,198,178,0,0,0,0,0,356
771,1560168900,12-12-2025,10197316,Vyndo Farali Millet Bhakhri Fasting Energy Snacks,Vyndo,8906172900358,Vyndo Farali Millet Bhakhri Fasting Energy Snacks,Organic & Premium -> Snacks & Munchies -> Snacks & Munchies,Grocery - Snacks & Packaged Foods,Pune,Maharashtra,27AAFCG9846E1ZB,Pune,Maharashtra,DELIVERED,19059090,0,0,0,0,1,198,178,0,0,0,0,0,178
772,1559752991,12-12-2025,10197316,Vyndo Farali Millet Bhakhri Fasting Energy Snacks,Vyndo,8906172900358,Vyndo Farali Millet Bhakhri Fasting Energy Snacks,Organic & Premium -> Snacks & Munchies -> Snacks & Munchies,Grocery - Snacks & Packaged Foods,UP-NCR,Uttar Pradesh,09AAFCG9846E1Z9,Ghaziabad,Uttar Pradesh,DELIVERED,19059090,0,0,0,0,1,198,178,0,0,0,0,0,178
773,1559505764,12-12-2025,10200587,"Vyndo Moong Bajra Bhakhri, Healthy Millet Snacks",Vyndo,8906172900365,"Vyndo Moong Bajra Bhakhri, Healthy Millet Snacks(Box)",Munchies -> Namkeen Snacks -> Namkeen Snacks,Grocery - Snacks & Packaged Foods,Ahmedabad,Gujarat,24AAFCG9846E1ZH,Ahmedabad,Gujarat,DELIVERED,19059090,0,0,0,0,1,198,178,0,0,0,0,0,178
774,1558039854,12-12-2025,10200587,"Vyndo Moong Bajra Bhakhri, Healthy Millet Snacks",Vyndo,8906172900365,"Vyndo Moong Bajra Bhakhri, Healthy Millet Snacks(Box)",Munchies -> Namkeen Snacks -> Namkeen Snacks,Grocery - Snacks & Packaged Foods,Mumbai,Maharashtra,27AAFCG9846E1ZB,Mumbai,Maharashtra,DELIVERED,19059090,0,0,0,0,1,198,178,0,0,0,0,0,178
775,1558789097,12-12-2025,10200587,"Vyndo Moong Bajra Bhakhri, Healthy Millet Snacks",Vyndo,8906172900365,"Vyndo Moong Bajra Bhakhri, Healthy Millet Snacks(Box)",Munchies -> Namkeen Snacks -> Namkeen Snacks,Grocery - Snacks & Packaged Foods,Mumbai,Maharashtra,27AAFCG9846E1ZB,Mumbai,Maharashtra,DELIVERED,19059090,0,0,0,0,1,198,178,0,0,0,0,0,178
776,1560292392,12-12-2025,10200587,"Vyndo Moong Bajra Bhakhri, Healthy Millet Snacks",Vyndo,8906172900365,"Vyndo Moong Bajra Bhakhri, Healthy Millet Snacks(Box)",Munchies -> Namkeen Snacks -> Namkeen Snacks,Grocery - Snacks & Packaged Foods,Bengaluru,Karnataka,29AAFCG9846E1Z7,Bengaluru,Karnataka,DELIVERED,19059090,0,0,0,0,1,198,178,0,0,0,0,0,178
777,1559573669,12-12-2025,10200590,"Vyndo Roasted Ragi Bhakhri, Healthy Millet Snacks",Vyndo,8906172900372,"Vyndo Roasted Ragi Bhakhri, Healthy Millet Snacks(Box)",Munchies -> Namkeen Snacks -> Namkeen Snacks,Grocery - Snacks & Packaged Foods,UP-NCR,Uttar Pradesh,09AAFCG9846E1Z9,Ghaziabad,Uttar Pradesh,DELIVERED,19059090,0,0,0,0,1,198,178,0,0,0,0,0,178
778,1559268473,12-12-2025,10200590,"Vyndo Roasted Ragi Bhakhri, Healthy Millet Snacks",Vyndo,8906172900372,"Vyndo Roasted Ragi Bhakhri, Healthy Millet Snacks(Box)",Munchies -> Namkeen Snacks -> Namkeen Snacks,Grocery - Snacks & Packaged Foods,Kolkata,West Bengal,19AAFCG9846E1Z8,Kolkata,West Bengal,DELIVERED,19059090,0,0,0,0,1,198,178,0,0,0,0,0,178
779,1560362597,12-12-2025,10200590,"Vyndo Roasted Ragi Bhakhri, Healthy Millet Snacks",Vyndo,8906172900372,"Vyndo Roasted Ragi Bhakhri, Healthy Millet Snacks(Box)",Munchies -> Namkeen Snacks -> Namkeen Snacks,Grocery - Snacks & Packaged Foods,Ahmedabad,Gujarat,24AAFCG9846E1ZH,Ahmedabad,Gujarat,DELIVERED,19059090,0,0,0,0,1,198,178,0,0,0,0,0,178
780,1558211585,12-12-2025,10200590,"Vyndo Roasted Ragi Bhakhri, Healthy Millet Snacks",Vyndo,8906172900372,"Vyndo Roasted Ragi Bhakhri, Healthy Millet Snacks(Box)",Munchies -> Namkeen Snacks -> Namkeen Snacks,Grocery - Snacks & Packaged Foods,UP-NCR,Uttar Pradesh,09AAFCG9846E1Z9,Ghaziabad,Uttar Pradesh,DELIVERED,19059090,0,0,0,0,1,198,178,0,0,0,0,0,178
781,1559136577,12-12-2025,10200590,"Vyndo Roasted Ragi Bhakhri, Healthy Millet Snacks",Vyndo,8906172900372,"Vyndo Roasted Ragi Bhakhri, Healthy Millet Snacks(Box)",Munchies -> Namkeen Snacks -> Namkeen Snacks,Grocery - Snacks & Packaged Foods,Kolkata,West Bengal,19AAFCG9846E1Z8,Kolkata,West Bengal,DELIVERED,19059090,0,0,0,0,1,198,178,0,0,0,0,0,178
782,1560590032,12-12-2025,10200590,"Vyndo Roasted Ragi Bhakhri, Healthy Millet Snacks",Vyndo,8906172900372,"Vyndo Roasted Ragi Bhakhri, Healthy Millet Snacks(Box)",Munchies -> Namkeen Snacks -> Namkeen Snacks,Grocery - Snacks & Packaged Foods,Mumbai,Maharashtra,27AAFCG9846E1ZB,Mumbai,Maharashtra,DELIVERED,19059090,0,0,0,0,1,198,178,0,0,0,0,0,178
783,1558666290,12-12-2025,10200590,"Vyndo Roasted Ragi Bhakhri, Healthy Millet Snacks",Vyndo,8906172900372,"Vyndo Roasted Ragi Bhakhri, Healthy Millet Snacks(Box)",Munchies -> Namkeen Snacks -> Namkeen Snacks,Grocery - Snacks & Packaged Foods,Mumbai,Maharashtra,27AAFCG9846E1ZB,Mumbai,Maharashtra,DELIVERED,19059090,0,0,0,0,1,198,178,0,0,0,0,0,178
784,1559638609,12-12-2025,10200590,"Vyndo Roasted Ragi Bhakhri, Healthy Millet Snacks",Vyndo,8906172900372,"Vyndo Roasted Ragi Bhakhri, Healthy Millet Snacks(Box)",Munchies -> Namkeen Snacks -> Namkeen Snacks,Grocery - Snacks & Packaged Foods,Bengaluru,Karnataka,29AAFCG9846E1Z7,Bengaluru,Karnataka,DELIVERED,19059090,0,0,0,0,1,198,178,0,0,0,0,0,178
785,1560330453,12-12-2025,10204795,Vyndo Sattu Khakhra,Vyndo,8906172900198,Vyndo Sattu Khakhra(Packet),Munchies -> Namkeen Snacks -> Namkeen Snacks,Grocery - Snacks & Packaged Foods,Meerut,Uttar Pradesh,09AAFCG9846E1Z9,Meerut,Uttar Pradesh,DELIVERED,19059090,0,0,0,0,1,198,178,0,0,0,0,0,178
786,1558120000,12-12-2025,10204795,Vyndo Sattu Khakhra,Vyndo,8906172900198,Vyndo Sattu Khakhra(Packet),Munchies -> Namkeen Snacks -> Namkeen Snacks,Grocery - Snacks & Packaged Foods,Kanpur,Uttar Pradesh,09AAFCG9846E1Z9,Kanpur,Uttar Pradesh,DELIVERED,19059090,0,0,0,0,1,198,178,0,0,0,0,0,178
787,1559235325,12-12-2025,10204798,"Vyndo Chorafali Khakhra, Healthy Millet Snacks",Vyndo,8906172900204,"Vyndo Chorafali Khakhra, Healthy Millet Snacks(Packet)",Munchies -> Namkeen Snacks -> Namkeen Snacks,Grocery - Snacks & Packaged Foods,Mumbai,Maharashtra,27AAFCG9846E1ZB,Mumbai,Maharashtra,DELIVERED,19059090,0,0,0,0,1,198,178,0,0,0,0,0,178
788,1558087125,12-12-2025,10204798,"Vyndo Chorafali Khakhra, Healthy Millet Snacks",Vyndo,8906172900204,"Vyndo Chorafali Khakhra, Healthy Millet Snacks(Packet)",Munchies -> Namkeen Snacks -> Namkeen Snacks,Grocery - Snacks & Packaged Foods,Bengaluru,Karnataka,29AAFCG9846E1Z7,Bengaluru,Karnataka,DELIVERED,19059090,0,0,0,0,1,198,178,0,0,0,0,0,178
789,1559862688,12-12-2025,10204798,"Vyndo Chorafali Khakhra, Healthy Millet Snacks",Vyndo,8906172900204,"Vyndo Chorafali Khakhra, Healthy Millet Snacks(Packet)",Munchies -> Namkeen Snacks -> Namkeen Snacks,Grocery - Snacks & Packaged Foods,Chennai,Tamil Nadu,33AAFCG9846E1ZI,Chennai,Tamil Nadu,DELIVERED,19059090,0,0,0,0,1,198,178,0,0,0,0,0,178
790,1559468953,12-12-2025,10204798,"Vyndo Chorafali Khakhra, Healthy Millet Snacks",Vyndo,8906172900204,"Vyndo Chorafali Khakhra, Healthy Millet Snacks(Packet)",Munchies -> Namkeen Snacks -> Namkeen Snacks,Grocery - Snacks & Packaged Foods,Anand,Gujarat,24AAFCG9846E1ZH,Anand,Gujarat,DELIVERED,19059090,0,0,0,0,1,198,178,0,0,0,0,0,178
791,1559477935,12-12-2025,10204798,"Vyndo Chorafali Khakhra, Healthy Millet Snacks",Vyndo,8906172900204,"Vyndo Chorafali Khakhra, Healthy Millet Snacks(Packet)",Munchies -> Namkeen Snacks -> Namkeen Snacks,Grocery - Snacks & Packaged Foods,Pune,Maharashtra,27AAFCG9846E1ZB,Pune,Maharashtra,DELIVERED,19059090,0,0,0,0,1,198,178,0,0,0,0,0,178
792,1560077764,12-12-2025,10204798,"Vyndo Chorafali Khakhra, Healthy Millet Snacks",Vyndo,8906172900204,"Vyndo Chorafali Khakhra, Healthy Millet Snacks(Packet)",Munchies -> Namkeen Snacks -> Namkeen Snacks,Grocery - Snacks & Packaged Foods,UP-NCR,Uttar Pradesh,09AAFCG9846E1Z9,Ghaziabad,Uttar Pradesh,DELIVERED,19059090,0,0,0,0,1,198,178,0,0,0,0,0,178
793,1559352088,12-12-2025,10204798,"Vyndo Chorafali Khakhra, Healthy Millet Snacks",Vyndo,8906172900204,"Vyndo Chorafali Khakhra, Healthy Millet Snacks(Packet)",Munchies -> Namkeen Snacks -> Namkeen Snacks,Grocery - Snacks & Packaged Foods,Bengaluru,Karnataka,29AAFCG9846E1Z7,Bengaluru,Karnataka,DELIVERED,19059090,0,0,0,0,1,198,178,0,0,0,0,0,178
794,1559323129,12-12-2025,10204798,"Vyndo Chorafali Khakhra, Healthy Millet Snacks",Vyndo,8906172900204,"Vyndo Chorafali Khakhra, Healthy Millet Snacks(Packet)",Munchies -> Namkeen Snacks -> Namkeen Snacks,Grocery - Snacks & Packaged Foods,Vadodara,Gujarat,24AAFCG9846E1ZH,Vadodara,Gujarat,DELIVERED,19059090,0,0,0,0,1,198,178,0,0,0,0,0,178
795,1558468527,12-12-2025,10204798,"Vyndo Chorafali Khakhra, Healthy Millet Snacks",Vyndo,8906172900204,"Vyndo Chorafali Khakhra, Healthy Millet Snacks(Packet)",Munchies -> Namkeen Snacks -> Namkeen Snacks,Grocery - Snacks & Packaged Foods,Pune,Maharashtra,27AAFCG9846E1ZB,Pune,Maharashtra,DELIVERED,19059090,0,0,0,0,1,198,178,0,0,0,0,0,178
796,1558386848,12-12-2025,10204798,"Vyndo Chorafali Khakhra, Healthy Millet Snacks",Vyndo,8906172900204,"Vyndo Chorafali Khakhra, Healthy Millet Snacks(Packet)",Munchies -> Namkeen Snacks -> Namkeen Snacks,Grocery - Snacks & Packaged Foods,Bengaluru,Karnataka,29AAFCG9846E1Z7,Bengaluru,Karnataka,DELIVERED,19059090,0,0,0,0,1,198,178,0,0,0,0,0,178
797,1559729755,12-12-2025,10204798,"Vyndo Chorafali Khakhra, Healthy Millet Snacks",Vyndo,8906172900204,"Vyndo Chorafali Khakhra, Healthy Millet Snacks(Packet)",Munchies -> Namkeen Snacks -> Namkeen Snacks,Grocery - Snacks & Packaged Foods,Bengaluru,Karnataka,29AAFCG9846E1Z7,Bengaluru,Karnataka,DELIVERED,19059090,0,0,0,0,1,198,178,0,0,0,0,0,178
798,1559624005,12-12-2025,10205139,"Vyndo Methi Bajra Khakhra, Healthy Millet Snacks",Vyndo,8906172900235,"Vyndo Methi Bajra Khakhra, Healthy Millet Snacks(Pouch)",Munchies -> Namkeen Snacks -> Namkeen Snacks,Grocery - Snacks & Packaged Foods,Delhi,Delhi,07AAFCG9846E2ZC,Delhi,Delhi,DELIVERED,19059090,0,0,0,0,1,198,178,0,0,0,0,0,178
799,1559231295,12-12-2025,10205139,"Vyndo Methi Bajra Khakhra, Healthy Millet Snacks",Vyndo,8906172900235,"Vyndo Methi Bajra Khakhra, Healthy Millet Snacks(Pouch)",Munchies -> Namkeen Snacks -> Namkeen Snacks,Grocery - Snacks & Packaged Foods,UP-NCR,Uttar Pradesh,09AAFCG9846E1Z9,Ghaziabad,Uttar Pradesh,DELIVERED,19059090,0,0,0,0,1,198,178,0,0,0,0,0,178
800,1557944680,12-12-2025,10205139,"Vyndo Methi Bajra Khakhra, Healthy Millet Snacks",Vyndo,8906172900235,"Vyndo Methi Bajra Khakhra, Healthy Millet Snacks(Pouch)",Munchies -> Namkeen Snacks -> Namkeen Snacks,Grocery - Snacks & Packaged Foods,Mumbai,Maharashtra,27AAFCG9846E1ZB,Mumbai,Maharashtra,DELIVERED,19059090,0,0,0,0,1,198,178,0,0,0,0,0,178
801,1558831749,12-12-2025,10205139,"Vyndo Methi Bajra Khakhra, Healthy Millet Snacks",Vyndo,8906172900235,"Vyndo Methi Bajra Khakhra, Healthy Millet Snacks(Pouch)",Munchies -> Namkeen Snacks -> Namkeen Snacks,Grocery - Snacks & Packaged Foods,Mumbai,Maharashtra,27AAFCG9846E1ZB,Mumbai,Maharashtra,DELIVERED,19059090,0,0,0,0,1,198,178,0,0,0,0,0,178
802,1560136633,12-12-2025,10205139,"Vyndo Methi Bajra Khakhra, Healthy Millet Snacks",Vyndo,8906172900235,"Vyndo Methi Bajra Khakhra, Healthy Millet Snacks(Pouch)",Munchies -> Namkeen Snacks -> Namkeen Snacks,Grocery - Snacks & Packaged Foods,Pune,Maharashtra,27AAFCG9846E1ZB,Pune,Maharashtra,DELIVERED,19059090,0,0,0,0,1,198,178,0,0,0,0,0,178
803,1559240319,12-12-2025,10205139,"Vyndo Methi Bajra Khakhra, Healthy Millet Snacks",Vyndo,8906172900235,"Vyndo Methi Bajra Khakhra, Healthy Millet Snacks(Pouch)",Munchies -> Namkeen Snacks -> Namkeen Snacks,Grocery - Snacks & Packaged Foods,Delhi,Delhi,07AAFCG9846E2ZC,Delhi,Delhi,DELIVERED,19059090,0,0,0,0,1,198,178,0,0,0,0,0,178
804,1558291444,12-12-2025,10205139,"Vyndo Methi Bajra Khakhra, Healthy Millet Snacks",Vyndo,8906172900235,"Vyndo Methi Bajra Khakhra, Healthy Millet Snacks(Pouch)",Munchies -> Namkeen Snacks -> Namkeen Snacks,Grocery - Snacks & Packaged Foods,Mumbai,Maharashtra,27AAFCG9846E1ZB,Mumbai,Maharashtra,DELIVERED,19059090,0,0,0,0,1,198,178,0,0,0,0,0,178
805,1558000105,12-12-2025,10205139,"Vyndo Methi Bajra Khakhra, Healthy Millet Snacks",Vyndo,8906172900235,"Vyndo Methi Bajra Khakhra, Healthy Millet Snacks(Pouch)",Munchies -> Namkeen Snacks -> Namkeen Snacks,Grocery - Snacks & Packaged Foods,Mumbai,Maharashtra,27AAFCG9846E1ZB,Mumbai,Maharashtra,DELIVERED,19059090,0,0,0,0,1,198,178,0,0,0,0,0,178
806,1558259396,12-12-2025,10205139,"Vyndo Methi Bajra Khakhra, Healthy Millet Snacks",Vyndo,8906172900235,"Vyndo Methi Bajra Khakhra, Healthy Millet Snacks(Pouch)",Munchies -> Namkeen Snacks -> Namkeen Snacks,Grocery - Snacks & Packaged Foods,Delhi,Delhi,07AAFCG9846E2ZC,Delhi,Delhi,DELIVERED,19059090,0,0,0,0,1,198,178,0,0,0,0,0,178
807,1559157157,12-12-2025,10205139,"Vyndo Methi Bajra Khakhra, Healthy Millet Snacks",Vyndo,8906172900235,"Vyndo Methi Bajra Khakhra, Healthy Millet Snacks(Pouch)",Munchies -> Namkeen Snacks -> Namkeen Snacks,Grocery - Snacks & Packaged Foods,UP-NCR,Uttar Pradesh,09AAFCG9846E1Z9,Ghaziabad,Uttar Pradesh,DELIVERED,19059090,0,0,0,0,1,198,178,0,0,0,0,0,178
808,1559976564,12-12-2025,10265470,Vyndo Pudina Ragi Sev Bhujia Healthy Non-Fried Millet Snack,Vyndo,8906172900464,Vyndo Pudina Ragi Sev Bhujia Healthy Non-Fried Millet Snack(Packet),Munchies -> Bhujia & Mixtures -> Bhujia & Mixtures,Grocery - Snacks & Packaged Foods,Mumbai,Maharashtra,27AAFCG9846E1ZB,Mumbai,Maharashtra,DELIVERED,21069099,0,2.5,2.5,0,1,130,117,0,2.79,2.79,0,2.79,117
809,1559452252,12-12-2025,10267273,Vyndo Assorted Khakhra & Bhakhri,Vyndo,8906172900501,Vyndo Assorted Khakhra & Bhakhri(Packet),Organic & Premium -> Snacks & Munchies -> Snacks & Munchies,Grocery - Snacks & Packaged Foods,Mumbai,Maharashtra,27AAFCG9846E1ZB,Mumbai,Maharashtra,DELIVERED,19059090,0,0,0,0,1,160,144,0,0,0,0,0,144
810,1561087182,13-12-2025,10196943,"Vyndo Masala Ragi Bhakhri, Healthy Millet Snacks",Vyndo,8906172900495,"Vyndo Masala Ragi Bhakhri, Healthy Millet Snacks(Pack)",Munchies -> Namkeen Snacks -> Namkeen Snacks,Grocery - Snacks & Packaged Foods,Kolkata,West Bengal,19AAFCG9846E1Z8,Kolkata,West Bengal,DELIVERED,19059090,0,0,0,0,1,198,178,0,0,0,0,0,178
811,1563723882,13-12-2025,10196943,"Vyndo Masala Ragi Bhakhri, Healthy Millet Snacks",Vyndo,8906172900495,"Vyndo Masala Ragi Bhakhri, Healthy Millet Snacks(Pack)",Munchies -> Namkeen Snacks -> Namkeen Snacks,Grocery - Snacks & Packaged Foods,Kolkata,West Bengal,19AAFCG9846E1Z8,Kolkata,West Bengal,DELIVERED,19059090,0,0,0,0,1,198,178,0,0,0,0,0,178
812,1562615156,13-12-2025,10196943,"Vyndo Masala Ragi Bhakhri, Healthy Millet Snacks",Vyndo,8906172900495,"Vyndo Masala Ragi Bhakhri, Healthy Millet Snacks(Pack)",Munchies -> Namkeen Snacks -> Namkeen Snacks,Grocery - Snacks & Packaged Foods,Lucknow,Uttar Pradesh,09AAFCG9846E1Z9,Lucknow,Uttar Pradesh,DELIVERED,19059090,0,0,0,0,1,198,178,0,0,0,0,0,178
813,1561546615,13-12-2025,10196943,"Vyndo Masala Ragi Bhakhri, Healthy Millet Snacks",Vyndo,8906172900495,"Vyndo Masala Ragi Bhakhri, Healthy Millet Snacks(Pack)",Munchies -> Namkeen Snacks -> Namkeen Snacks,Grocery - Snacks & Packaged Foods,Lucknow,Uttar Pradesh,09AAFCG9846E1Z9,Lucknow,Uttar Pradesh,DELIVERED,19059090,0,0,0,0,1,198,178,0,0,0,0,0,178
814,1561016671,13-12-2025,10197316,Vyndo Farali Millet Bhakhri Fasting Energy Snacks,Vyndo,8906172900358,Vyndo Farali Millet Bhakhri Fasting Energy Snacks,Organic & Premium -> Snacks & Munchies -> Snacks & Munchies,Grocery - Snacks & Packaged Foods,UP-NCR,Uttar Pradesh,09AAFCG9846E1Z9,Ghaziabad,Uttar Pradesh,DELIVERED,19059090,0,0,0,0,1,198,178,0,0,0,0,0,178
815,1562460909,13-12-2025,10197316,Vyndo Farali Millet Bhakhri Fasting Energy Snacks,Vyndo,8906172900358,Vyndo Farali Millet Bhakhri Fasting Energy Snacks,Organic & Premium -> Snacks & Munchies -> Snacks & Munchies,Grocery - Snacks & Packaged Foods,Pune,Maharashtra,27AAFCG9846E1ZB,Pune,Maharashtra,DELIVERED,19059090,0,0,0,0,1,198,178,0,0,0,0,0,178
816,1562790323,13-12-2025,10197316,Vyndo Farali Millet Bhakhri Fasting Energy Snacks,Vyndo,8906172900358,Vyndo Farali Millet Bhakhri Fasting Energy Snacks,Organic & Premium -> Snacks & Munchies -> Snacks & Munchies,Grocery - Snacks & Packaged Foods,Delhi,Delhi,07AAFCG9846E2ZC,Delhi,Delhi,DELIVERED,19059090,0,0,0,0,1,198,178,0,0,0,0,0,178
817,1561546615,13-12-2025,10197316,Vyndo Farali Millet Bhakhri Fasting Energy Snacks,Vyndo,8906172900358,Vyndo Farali Millet Bhakhri Fasting Energy Snacks,Organic & Premium -> Snacks & Munchies -> Snacks & Munchies,Grocery - Snacks & Packaged Foods,Lucknow,Uttar Pradesh,09AAFCG9846E1Z9,Lucknow,Uttar Pradesh,DELIVERED,19059090,0,0,0,0,1,198,178,0,0,0,0,0,178
818,1560875080,13-12-2025,10197316,Vyndo Farali Millet Bhakhri Fasting Energy Snacks,Vyndo,8906172900358,Vyndo Farali Millet Bhakhri Fasting Energy Snacks,Organic & Premium -> Snacks & Munchies -> Snacks & Munchies,Grocery - Snacks & Packaged Foods,Kolkata,West Bengal,19AAFCG9846E1Z8,Kolkata,West Bengal,DELIVERED,19059090,0,0,0,0,1,198,178,0,0,0,0,0,178
819,1561713395,13-12-2025,10197316,Vyndo Farali Millet Bhakhri Fasting Energy Snacks,Vyndo,8906172900358,Vyndo Farali Millet Bhakhri Fasting Energy Snacks,Organic & Premium -> Snacks & Munchies -> Snacks & Munchies,Grocery - Snacks & Packaged Foods,UP-NCR,Uttar Pradesh,09AAFCG9846E1Z9,Ghaziabad,Uttar Pradesh,DELIVERED,19059090,0,0,0,0,1,198,178,0,0,0,0,0,178
820,1561360800,13-12-2025,10200587,"Vyndo Moong Bajra Bhakhri, Healthy Millet Snacks",Vyndo,8906172900365,"Vyndo Moong Bajra Bhakhri, Healthy Millet Snacks(Box)",Munchies -> Namkeen Snacks -> Namkeen Snacks,Grocery - Snacks & Packaged Foods,Mumbai,Maharashtra,27AAFCG9846E1ZB,Mumbai,Maharashtra,DELIVERED,19059090,0,0,0,0,1,198,178,0,0,0,0,0,178
821,1563129084,13-12-2025,10200587,"Vyndo Moong Bajra Bhakhri, Healthy Millet Snacks",Vyndo,8906172900365,"Vyndo Moong Bajra Bhakhri, Healthy Millet Snacks(Box)",Munchies -> Namkeen Snacks -> Namkeen Snacks,Grocery - Snacks & Packaged Foods,Bengaluru,Karnataka,29AAFCG9846E1Z7,Bengaluru,Karnataka,DELIVERED,19059090,0,0,0,0,1,198,168,0,0,0,0,0,168
822,1561044216,13-12-2025,10200587,"Vyndo Moong Bajra Bhakhri, Healthy Millet Snacks",Vyndo,8906172900365,"Vyndo Moong Bajra Bhakhri, Healthy Millet Snacks(Box)",Munchies -> Namkeen Snacks -> Namkeen Snacks,Grocery - Snacks & Packaged Foods,Rajkot,Gujarat,24AAFCG9846E1ZH,Rajkot,Gujarat,DELIVERED,19059090,0,0,0,0,1,198,178,0,0,0,0,0,178
823,1562501436,13-12-2025,10200587,"Vyndo Moong Bajra Bhakhri, Healthy Millet Snacks",Vyndo,8906172900365,"Vyndo Moong Bajra Bhakhri, Healthy Millet Snacks(Box)",Munchies -> Namkeen Snacks -> Namkeen Snacks,Grocery - Snacks & Packaged Foods,Ahmedabad,Gujarat,24AAFCG9846E1ZH,Ahmedabad,Gujarat,DELIVERED,19059090,0,0,0,0,1,198,178,0,0,0,0,0,178
824,1562691499,13-12-2025,10200587,"Vyndo Moong Bajra Bhakhri, Healthy Millet Snacks",Vyndo,8906172900365,"Vyndo Moong Bajra Bhakhri, Healthy Millet Snacks(Box)",Munchies -> Namkeen Snacks -> Namkeen Snacks,Grocery - Snacks & Packaged Foods,Ahmedabad,Gujarat,24AAFCG9846E1ZH,Ahmedabad,Gujarat,DELIVERED,19059090,0,0,0,0,1,198,168,0,0,0,0,0,168
825,1560921774,13-12-2025,10200587,"Vyndo Moong Bajra Bhakhri, Healthy Millet Snacks",Vyndo,8906172900365,"Vyndo Moong Bajra Bhakhri, Healthy Millet Snacks(Box)",Munchies -> Namkeen Snacks -> Namkeen Snacks,Grocery - Snacks & Packaged Foods,Bengaluru,Karnataka,29AAFCG9846E1Z7,Bengaluru,Karnataka,DELIVERED,19059090,0,0,0,0,1,198,178,0,0,0,0,0,178
826,1562674658,13-12-2025,10200587,"Vyndo Moong Bajra Bhakhri, Healthy Millet Snacks",Vyndo,8906172900365,"Vyndo Moong Bajra Bhakhri, Healthy Millet Snacks(Box)",Munchies -> Namkeen Snacks -> Namkeen Snacks,Grocery - Snacks & Packaged Foods,Ahmedabad,Gujarat,24AAFCG9846E1ZH,Ahmedabad,Gujarat,DELIVERED,19059090,0,0,0,0,1,198,168,0,0,0,0,0,168
827,1562657558,13-12-2025,10200590,"Vyndo Roasted Ragi Bhakhri, Healthy Millet Snacks",Vyndo,8906172900372,"Vyndo Roasted Ragi Bhakhri, Healthy Millet Snacks(Box)",Munchies -> Namkeen Snacks -> Namkeen Snacks,Grocery - Snacks & Packaged Foods,Bareilly,Uttar Pradesh,09AAFCG9846E1Z9,Bareilly,Uttar Pradesh,DELIVERED,19059090,0,0,0,0,1,198,178,0,0,0,0,0,178
828,1562615156,13-12-2025,10200590,"Vyndo Roasted Ragi Bhakhri, Healthy Millet Snacks",Vyndo,8906172900372,"Vyndo Roasted Ragi Bhakhri, Healthy Millet Snacks(Box)",Munchies -> Namkeen Snacks -> Namkeen Snacks,Grocery - Snacks & Packaged Foods,Lucknow,Uttar Pradesh,09AAFCG9846E1Z9,Lucknow,Uttar Pradesh,DELIVERED,19059090,0,0,0,0,1,198,178,0,0,0,0,0,178
829,1560824017,13-12-2025,10200590,"Vyndo Roasted Ragi Bhakhri, Healthy Millet Snacks",Vyndo,8906172900372,"Vyndo Roasted Ragi Bhakhri, Healthy Millet Snacks(Box)",Munchies -> Namkeen Snacks -> Namkeen Snacks,Grocery - Snacks & Packaged Foods,Bengaluru,Karnataka,29AAFCG9846E1Z7,Bengaluru,Karnataka,DELIVERED,19059090,0,0,0,0,1,198,178,0,0,0,0,0,178
830,1563235471,13-12-2025,10200590,"Vyndo Roasted Ragi Bhakhri, Healthy Millet Snacks",Vyndo,8906172900372,"Vyndo Roasted Ragi Bhakhri, Healthy Millet Snacks(Box)",Munchies -> Namkeen Snacks -> Namkeen Snacks,Grocery - Snacks & Packaged Foods,Pune,Maharashtra,27AAFCG9846E1ZB,Pune,Maharashtra,DELIVERED,19059090,0,0,0,0,1,198,178,0,0,0,0,0,178
831,1562276038,13-12-2025,10200590,"Vyndo Roasted Ragi Bhakhri, Healthy Millet Snacks",Vyndo,8906172900372,"Vyndo Roasted Ragi Bhakhri, Healthy Millet Snacks(Box)",Munchies -> Namkeen Snacks -> Namkeen Snacks,Grocery - Snacks & Packaged Foods,Bengaluru,Karnataka,29AAFCG9846E1Z7,Bengaluru,Karnataka,DELIVERED,19059090,0,0,0,0,1,198,178,0,0,0,0,0,178
832,1562397270,13-12-2025,10200590,"Vyndo Roasted Ragi Bhakhri, Healthy Millet Snacks",Vyndo,8906172900372,"Vyndo Roasted Ragi Bhakhri, Healthy Millet Snacks(Box)",Munchies -> Namkeen Snacks -> Namkeen Snacks,Grocery - Snacks & Packaged Foods,Ahmedabad,Gujarat,24AAFCG9846E1ZH,Ahmedabad,Gujarat,DELIVERED,19059090,0,0,0,0,1,198,178,0,0,0,0,0,178
833,1561708903,13-12-2025,10200590,"Vyndo Roasted Ragi Bhakhri, Healthy Millet Snacks",Vyndo,8906172900372,"Vyndo Roasted Ragi Bhakhri, Healthy Millet Snacks(Box)",Munchies -> Namkeen Snacks -> Namkeen Snacks,Grocery - Snacks & Packaged Foods,Kolkata,West Bengal,19AAFCG9846E1Z8,Kolkata,West Bengal,DELIVERED,19059090,0,0,0,0,1,198,178,0,0,0,0,0,178
834,1561984525,13-12-2025,10200590,"Vyndo Roasted Ragi Bhakhri, Healthy Millet Snacks",Vyndo,8906172900372,"Vyndo Roasted Ragi Bhakhri, Healthy Millet Snacks(Box)",Munchies -> Namkeen Snacks -> Namkeen Snacks,Grocery - Snacks & Packaged Foods,Mumbai,Maharashtra,27AAFCG9846E1ZB,Mumbai,Maharashtra,DELIVERED,19059090,0,0,0,0,1,198,178,0,0,0,0,0,178
835,1561694440,13-12-2025,10204795,Vyndo Sattu Khakhra,Vyndo,8906172900198,Vyndo Sattu Khakhra(Packet),Munchies -> Namkeen Snacks -> Namkeen Snacks,Grocery - Snacks & Packaged Foods,Mumbai,Maharashtra,27AAFCG9846E1ZB,Mumbai,Maharashtra,DELIVERED,19059090,0,0,0,0,1,198,178,0,0,0,0,0,178
836,1561026292,13-12-2025,10204795,Vyndo Sattu Khakhra,Vyndo,8906172900198,Vyndo Sattu Khakhra(Packet),Munchies -> Namkeen Snacks -> Namkeen Snacks,Grocery - Snacks & Packaged Foods,Pune,Maharashtra,27AAFCG9846E1ZB,Pune,Maharashtra,DELIVERED,19059090,0,0,0,0,1,198,178,0,0,0,0,0,178
837,1563230934,13-12-2025,10204795,Vyndo Sattu Khakhra,Vyndo,8906172900198,Vyndo Sattu Khakhra(Packet),Munchies -> Namkeen Snacks -> Namkeen Snacks,Grocery - Snacks & Packaged Foods,Kolkata,West Bengal,19AAFCG9846E1Z8,Kolkata,West Bengal,DELIVERED,19059090,0,0,0,0,1,198,178,0,0,0,0,0,178
838,1561713395,13-12-2025,10204795,Vyndo Sattu Khakhra,Vyndo,8906172900198,Vyndo Sattu Khakhra(Packet),Munchies -> Namkeen Snacks -> Namkeen Snacks,Grocery - Snacks & Packaged Foods,UP-NCR,Uttar Pradesh,09AAFCG9846E1Z9,Ghaziabad,Uttar Pradesh,DELIVERED,19059090,0,0,0,0,2,198,178,0,0,0,0,0,356
839,1563608816,13-12-2025,10204798,"Vyndo Chorafali Khakhra, Healthy Millet Snacks",Vyndo,8906172900204,"Vyndo Chorafali Khakhra, Healthy Millet Snacks(Packet)",Munchies -> Namkeen Snacks -> Namkeen Snacks,Grocery - Snacks & Packaged Foods,Mumbai,Maharashtra,27AAFCG9846E1ZB,Mumbai,Maharashtra,DELIVERED,19059090,0,0,0,0,1,198,178,0,0,0,0,0,178
840,1562025561,13-12-2025,10204798,"Vyndo Chorafali Khakhra, Healthy Millet Snacks",Vyndo,8906172900204,"Vyndo Chorafali Khakhra, Healthy Millet Snacks(Packet)",Munchies -> Namkeen Snacks -> Namkeen Snacks,Grocery - Snacks & Packaged Foods,Mumbai,Maharashtra,27AAFCG9846E1ZB,Mumbai,Maharashtra,DELIVERED,19059090,0,0,0,0,1,198,178,0,0,0,0,0,178
841,1562700450,13-12-2025,10204798,"Vyndo Chorafali Khakhra, Healthy Millet Snacks",Vyndo,8906172900204,"Vyndo Chorafali Khakhra, Healthy Millet Snacks(Packet)",Munchies -> Namkeen Snacks -> Namkeen Snacks,Grocery - Snacks & Packaged Foods,Mumbai,Maharashtra,27AAFCG9846E1ZB,Mumbai,Maharashtra,DELIVERED,19059090,0,0,0,0,1,198,178,0,0,0,0,0,178
842,1561068994,13-12-2025,10204798,"Vyndo Chorafali Khakhra, Healthy Millet Snacks",Vyndo,8906172900204,"Vyndo Chorafali Khakhra, Healthy Millet Snacks(Packet)",Munchies -> Namkeen Snacks -> Namkeen Snacks,Grocery - Snacks & Packaged Foods,Kolkata,West Bengal,19AAFCG9846E1Z8,Kolkata,West Bengal,DELIVERED,19059090,0,0,0,0,1,198,178,0,0,0,0,0,178
843,1562979662,13-12-2025,10204798,"Vyndo Chorafali Khakhra, Healthy Millet Snacks",Vyndo,8906172900204,"Vyndo Chorafali Khakhra, Healthy Millet Snacks(Packet)",Munchies -> Namkeen Snacks -> Namkeen Snacks,Grocery - Snacks & Packaged Foods,Ahmedabad,Gujarat,24AAFCG9846E1ZH,Ahmedabad,Gujarat,DELIVERED,19059090,0,0,0,0,1,198,178,0,0,0,0,0,178
844,1563446042,13-12-2025,10204798,"Vyndo Chorafali Khakhra, Healthy Millet Snacks",Vyndo,8906172900204,"Vyndo Chorafali Khakhra, Healthy Millet Snacks(Packet)",Munchies -> Namkeen Snacks -> Namkeen Snacks,Grocery - Snacks & Packaged Foods,Rajkot,Gujarat,24AAFCG9846E1ZH,Rajkot,Gujarat,DELIVERED,19059090,0,0,0,0,1,198,178,0,0,0,0,0,178
845,1560883224,13-12-2025,10204798,"Vyndo Chorafali Khakhra, Healthy Millet Snacks",Vyndo,8906172900204,"Vyndo Chorafali Khakhra, Healthy Millet Snacks(Packet)",Munchies -> Namkeen Snacks -> Namkeen Snacks,Grocery - Snacks & Packaged Foods,Bengaluru,Karnataka,29AAFCG9846E1Z7,Bengaluru,Karnataka,DELIVERED,19059090,0,0,0,0,1,198,178,0,0,0,0,0,178
846,1561459435,13-12-2025,10204798,"Vyndo Chorafali Khakhra, Healthy Millet Snacks",Vyndo,8906172900204,"Vyndo Chorafali Khakhra, Healthy Millet Snacks(Packet)",Munchies -> Namkeen Snacks -> Namkeen Snacks,Grocery - Snacks & Packaged Foods,Chennai,Tamil Nadu,33AAFCG9846E1ZI,Chennai,Tamil Nadu,DELIVERED,19059090,0,0,0,0,1,198,178,0,0,0,0,0,178
847,1561011486,13-12-2025,10204798,"Vyndo Chorafali Khakhra, Healthy Millet Snacks",Vyndo,8906172900204,"Vyndo Chorafali Khakhra, Healthy Millet Snacks(Packet)",Munchies -> Namkeen Snacks -> Namkeen Snacks,Grocery - Snacks & Packaged Foods,Bengaluru,Karnataka,29AAFCG9846E1Z7,Bengaluru,Karnataka,DELIVERED,19059090,0,0,0,0,1,198,178,0,0,0,0,0,178
848,1561217142,13-12-2025,10204798,"Vyndo Chorafali Khakhra, Healthy Millet Snacks",Vyndo,8906172900204,"Vyndo Chorafali Khakhra, Healthy Millet Snacks(Packet)",Munchies -> Namkeen Snacks -> Namkeen Snacks,Grocery - Snacks & Packaged Foods,Mumbai,Maharashtra,27AAFCG9846E1ZB,Mumbai,Maharashtra,DELIVERED,19059090,0,0,0,0,1,198,178,0,0,0,0,0,178
849,1562583771,13-12-2025,10204798,"Vyndo Chorafali Khakhra, Healthy Millet Snacks",Vyndo,8906172900204,"Vyndo Chorafali Khakhra, Healthy Millet Snacks(Packet)",Munchies -> Namkeen Snacks -> Namkeen Snacks,Grocery - Snacks & Packaged Foods,Mumbai,Maharashtra,27AAFCG9846E1ZB,Mumbai,Maharashtra,DELIVERED,19059090,0,0,0,0,1,198,178,0,0,0,0,0,178
850,1561294690,13-12-2025,10204798,"Vyndo Chorafali Khakhra, Healthy Millet Snacks",Vyndo,8906172900204,"Vyndo Chorafali Khakhra, Healthy Millet Snacks(Packet)",Munchies -> Namkeen Snacks -> Namkeen Snacks,Grocery - Snacks & Packaged Foods,Pune,Maharashtra,27AAFCG9846E1ZB,Pune,Maharashtra,DELIVERED,19059090,0,0,0,0,1,198,178,0,0,0,0,0,178
851,1561477406,13-12-2025,10204798,"Vyndo Chorafali Khakhra, Healthy Millet Snacks",Vyndo,8906172900204,"Vyndo Chorafali Khakhra, Healthy Millet Snacks(Packet)",Munchies -> Namkeen Snacks -> Namkeen Snacks,Grocery - Snacks & Packaged Foods,Pune,Maharashtra,27AAFCG9846E1ZB,Pune,Maharashtra,DELIVERED,19059090,0,0,0,0,1,198,178,0,0,0,0,0,178
852,1561682333,13-12-2025,10205139,"Vyndo Methi Bajra Khakhra, Healthy Millet Snacks",Vyndo,8906172900235,"Vyndo Methi Bajra Khakhra, Healthy Millet Snacks(Pouch)",Munchies -> Namkeen Snacks -> Namkeen Snacks,Grocery - Snacks & Packaged Foods,Pune,Maharashtra,27AAFCG9846E1ZB,Pune,Maharashtra,DELIVERED,19059090,0,0,0,0,1,198,178,0,0,0,0,0,178
853,1562639119,13-12-2025,10205139,"Vyndo Methi Bajra Khakhra, Healthy Millet Snacks",Vyndo,8906172900235,"Vyndo Methi Bajra Khakhra, Healthy Millet Snacks(Pouch)",Munchies -> Namkeen Snacks -> Namkeen Snacks,Grocery - Snacks & Packaged Foods,Mumbai,Maharashtra,27AAFCG9846E1ZB,Mumbai,Maharashtra,DELIVERED,19059090,0,0,0,0,1,198,178,0,0,0,0,0,178
854,1562779197,13-12-2025,10205139,"Vyndo Methi Bajra Khakhra, Healthy Millet Snacks",Vyndo,8906172900235,"Vyndo Methi Bajra Khakhra, Healthy Millet Snacks(Pouch)",Munchies -> Namkeen Snacks -> Namkeen Snacks,Grocery - Snacks & Packaged Foods,Delhi,Delhi,07AAFCG9846E2ZC,Delhi,Delhi,DELIVERED,19059090,0,0,0,0,1,198,178,0,0,0,0,0,178
855,1562212076,13-12-2025,10205139,"Vyndo Methi Bajra Khakhra, Healthy Millet Snacks",Vyndo,8906172900235,"Vyndo Methi Bajra Khakhra, Healthy Millet Snacks(Pouch)",Munchies -> Namkeen Snacks -> Namkeen Snacks,Grocery - Snacks & Packaged Foods,UP-NCR,Uttar Pradesh,09AAFCG9846E1Z9,Ghaziabad,Uttar Pradesh,DELIVERED,19059090,0,0,0,0,1,198,178,0,0,0,0,0,178
856,1561713395,13-12-2025,10205139,"Vyndo Methi Bajra Khakhra, Healthy Millet Snacks",Vyndo,8906172900235,"Vyndo Methi Bajra Khakhra, Healthy Millet Snacks(Pouch)",Munchies -> Namkeen Snacks -> Namkeen Snacks,Grocery - Snacks & Packaged Foods,UP-NCR,Uttar Pradesh,09AAFCG9846E1Z9,Ghaziabad,Uttar Pradesh,DELIVERED,19059090,0,0,0,0,2,198,178,0,0,0,0,0,356
857,1561609521,13-12-2025,10205139,"Vyndo Methi Bajra Khakhra, Healthy Millet Snacks",Vyndo,8906172900235,"Vyndo Methi Bajra Khakhra, Healthy Millet Snacks(Pouch)",Munchies -> Namkeen Snacks -> Namkeen Snacks,Grocery - Snacks & Packaged Foods,Mumbai,Maharashtra,27AAFCG9846E1ZB,Mumbai,Maharashtra,DELIVERED,19059090,0,0,0,0,1,198,178,0,0,0,0,0,178
858,1561273452,13-12-2025,10205139,"Vyndo Methi Bajra Khakhra, Healthy Millet Snacks",Vyndo,8906172900235,"Vyndo Methi Bajra Khakhra, Healthy Millet Snacks(Pouch)",Munchies -> Namkeen Snacks -> Namkeen Snacks,Grocery - Snacks & Packaged Foods,Pune,Maharashtra,27AAFCG9846E1ZB,Pune,Maharashtra,DELIVERED,19059090,0,0,0,0,1,198,178,0,0,0,0,0,178
859,1562859356,13-12-2025,10205139,"Vyndo Methi Bajra Khakhra, Healthy Millet Snacks",Vyndo,8906172900235,"Vyndo Methi Bajra Khakhra, Healthy Millet Snacks(Pouch)",Munchies -> Namkeen Snacks -> Namkeen Snacks,Grocery - Snacks & Packaged Foods,Kanpur,Uttar Pradesh,09AAFCG9846E1Z9,Kanpur,Uttar Pradesh,DELIVERED,19059090,0,0,0,0,1,198,178,0,0,0,0,0,178
860,1562021987,13-12-2025,10205139,"Vyndo Methi Bajra Khakhra, Healthy Millet Snacks",Vyndo,8906172900235,"Vyndo Methi Bajra Khakhra, Healthy Millet Snacks(Pouch)",Munchies -> Namkeen Snacks -> Namkeen Snacks,Grocery - Snacks & Packaged Foods,Mumbai,Maharashtra,27AAFCG9846E1ZB,Mumbai,Maharashtra,DELIVERED,19059090,0,0,0,0,1,198,178,0,0,0,0,0,178
861,1562424568,13-12-2025,10205139,"Vyndo Methi Bajra Khakhra, Healthy Millet Snacks",Vyndo,8906172900235,"Vyndo Methi Bajra Khakhra, Healthy Millet Snacks(Pouch)",Munchies -> Namkeen Snacks -> Namkeen Snacks,Grocery - Snacks & Packaged Foods,Chennai,Tamil Nadu,33AAFCG9846E1ZI,Chennai,Tamil Nadu,DELIVERED,19059090,0,0,0,0,2,198,178,0,0,0,0,0,356
862,1561685170,13-12-2025,10265470,Vyndo Pudina Ragi Sev Bhujia Healthy Non-Fried Millet Snack,Vyndo,8906172900464,Vyndo Pudina Ragi Sev Bhujia Healthy Non-Fried Millet Snack(Packet),Munchies -> Bhujia & Mixtures -> Bhujia & Mixtures,Grocery - Snacks & Packaged Foods,Mumbai,Maharashtra,27AAFCG9846E1ZB,Mumbai,Maharashtra,DELIVERED,21069099,0,2.5,2.5,0,1,130,117,0,2.79,2.79,0,2.79,117
863,1565386103,14-12-2025,10196943,"Vyndo Masala Ragi Bhakhri, Healthy Millet Snacks",Vyndo,8906172900495,"Vyndo Masala Ragi Bhakhri, Healthy Millet Snacks(Pack)",Munchies -> Namkeen Snacks -> Namkeen Snacks,Grocery - Snacks & Packaged Foods,Kolkata,West Bengal,19AAFCG9846E1Z8,Kolkata,West Bengal,DELIVERED,19059090,0,0,0,0,1,198,178,0,0,0,0,0,178
864,1565781937,14-12-2025,10196943,"Vyndo Masala Ragi Bhakhri, Healthy Millet Snacks",Vyndo,8906172900495,"Vyndo Masala Ragi Bhakhri, Healthy Millet Snacks(Pack)",Munchies -> Namkeen Snacks -> Namkeen Snacks,Grocery - Snacks & Packaged Foods,Delhi,Delhi,07AAFCG9846E2ZC,Delhi,Delhi,DELIVERED,19059090,0,0,0,0,1,198,178,0,0,0,0,0,178
865,1566014625,14-12-2025,10197316,Vyndo Farali Millet Bhakhri Fasting Energy Snacks,Vyndo,8906172900358,Vyndo Farali Millet Bhakhri Fasting Energy Snacks,Organic & Premium -> Snacks & Munchies -> Snacks & Munchies,Grocery - Snacks & Packaged Foods,Delhi,Delhi,07AAFCG9846E2ZC,Delhi,Delhi,DELIVERED,19059090,0,0,0,0,4,198,178,0,0,0,0,0,712
866,1563935826,14-12-2025,10197316,Vyndo Farali Millet Bhakhri Fasting Energy Snacks,Vyndo,8906172900358,Vyndo Farali Millet Bhakhri Fasting Energy Snacks,Organic & Premium -> Snacks & Munchies -> Snacks & Munchies,Grocery - Snacks & Packaged Foods,Mumbai,Maharashtra,27AAFCG9846E1ZB,Mumbai,Maharashtra,DELIVERED,19059090,0,0,0,0,1,198,178,0,0,0,0,0,178
867,1565436279,14-12-2025,10197316,Vyndo Farali Millet Bhakhri Fasting Energy Snacks,Vyndo,8906172900358,Vyndo Farali Millet Bhakhri Fasting Energy Snacks,Organic & Premium -> Snacks & Munchies -> Snacks & Munchies,Grocery - Snacks & Packaged Foods,Kolkata,West Bengal,19AAFCG9846E1Z8,Kolkata,West Bengal,DELIVERED,19059090,0,0,0,0,1,198,178,0,0,0,0,0,178
868,1563977385,14-12-2025,10197316,Vyndo Farali Millet Bhakhri Fasting Energy Snacks,Vyndo,8906172900358,Vyndo Farali Millet Bhakhri Fasting Energy Snacks,Organic & Premium -> Snacks & Munchies -> Snacks & Munchies,Grocery - Snacks & Packaged Foods,Chennai,Tamil Nadu,33AAFCG9846E1ZI,Chennai,Tamil Nadu,DELIVERED,19059090,0,0,0,0,1,198,178,0,0,0,0,0,178
869,1566790526,14-12-2025,10197316,Vyndo Farali Millet Bhakhri Fasting Energy Snacks,Vyndo,8906172900358,Vyndo Farali Millet Bhakhri Fasting Energy Snacks,Organic & Premium -> Snacks & Munchies -> Snacks & Munchies,Grocery - Snacks & Packaged Foods,Mumbai,Maharashtra,27AAFCG9846E1ZB,Mumbai,Maharashtra,DELIVERED,19059090,0,0,0,0,1,198,178,0,0,0,0,0,178
870,1565953671,14-12-2025,10197316,Vyndo Farali Millet Bhakhri Fasting Energy Snacks,Vyndo,8906172900358,Vyndo Farali Millet Bhakhri Fasting Energy Snacks,Organic & Premium -> Snacks & Munchies -> Snacks & Munchies,Grocery - Snacks & Packaged Foods,Pune,Maharashtra,27AAFCG9846E1ZB,Pune,Maharashtra,DELIVERED,19059090,0,0,0,0,1,198,178,0,0,0,0,0,178
871,1565167568,14-12-2025,10197316,Vyndo Farali Millet Bhakhri Fasting Energy Snacks,Vyndo,8906172900358,Vyndo Farali Millet Bhakhri Fasting Energy Snacks,Organic & Premium -> Snacks & Munchies -> Snacks & Munchies,Grocery - Snacks & Packaged Foods,Kolkata,West Bengal,19AAFCG9846E1Z8,Kolkata,West Bengal,DELIVERED,19059090,0,0,0,0,1,198,178,0,0,0,0,0,178
872,1565720773,14-12-2025,10200587,"Vyndo Moong Bajra Bhakhri, Healthy Millet Snacks",Vyndo,8906172900365,"Vyndo Moong Bajra Bhakhri, Healthy Millet Snacks(Box)",Munchies -> Namkeen Snacks -> Namkeen Snacks,Grocery - Snacks & Packaged Foods,Vadodara,Gujarat,24AAFCG9846E1ZH,Vadodara,Gujarat,DELIVERED,19059090,0,0,0,0,1,198,168,0,0,0,0,0,168
873,1565633366,14-12-2025,10200587,"Vyndo Moong Bajra Bhakhri, Healthy Millet Snacks",Vyndo,8906172900365,"Vyndo Moong Bajra Bhakhri, Healthy Millet Snacks(Box)",Munchies -> Namkeen Snacks -> Namkeen Snacks,Grocery - Snacks & Packaged Foods,Manipal,Karnataka,29AAFCG9846E1Z7,Manipal,Karnataka,DELIVERED,19059090,0,0,0,0,1,198,168,0,0,0,0,0,168
874,1566707084,14-12-2025,10200587,"Vyndo Moong Bajra Bhakhri, Healthy Millet Snacks",Vyndo,8906172900365,"Vyndo Moong Bajra Bhakhri, Healthy Millet Snacks(Box)",Munchies -> Namkeen Snacks -> Namkeen Snacks,Grocery - Snacks & Packaged Foods,Ahmedabad,Gujarat,24AAFCG9846E1ZH,Ahmedabad,Gujarat,DELIVERED,19059090,0,0,0,0,1,198,168,0,0,0,0,0,168
875,1565673948,14-12-2025,10200587,"Vyndo Moong Bajra Bhakhri, Healthy Millet Snacks",Vyndo,8906172900365,"Vyndo Moong Bajra Bhakhri, Healthy Millet Snacks(Box)",Munchies -> Namkeen Snacks -> Namkeen Snacks,Grocery - Snacks & Packaged Foods,Bengaluru,Karnataka,29AAFCG9846E1Z7,Bengaluru,Karnataka,DELIVERED,19059090,0,0,0,0,4,198,168,0,0,0,0,0,672
876,1565386103,14-12-2025,10200590,"Vyndo Roasted Ragi Bhakhri, Healthy Millet Snacks",Vyndo,8906172900372,"Vyndo Roasted Ragi Bhakhri, Healthy Millet Snacks(Box)",Munchies -> Namkeen Snacks -> Namkeen Snacks,Grocery - Snacks & Packaged Foods,Kolkata,West Bengal,19AAFCG9846E1Z8,Kolkata,West Bengal,DELIVERED,19059090,0,0,0,0,1,198,178,0,0,0,0,0,178
877,1564958507,14-12-2025,10200590,"Vyndo Roasted Ragi Bhakhri, Healthy Millet Snacks",Vyndo,8906172900372,"Vyndo Roasted Ragi Bhakhri, Healthy Millet Snacks(Box)",Munchies -> Namkeen Snacks -> Namkeen Snacks,Grocery - Snacks & Packaged Foods,Bengaluru,Karnataka,29AAFCG9846E1Z7,Bengaluru,Karnataka,DELIVERED,19059090,0,0,0,0,1,198,178,0,0,0,0,0,178
878,1563934053,14-12-2025,10200590,"Vyndo Roasted Ragi Bhakhri, Healthy Millet Snacks",Vyndo,8906172900372,"Vyndo Roasted Ragi Bhakhri, Healthy Millet Snacks(Box)",Munchies -> Namkeen Snacks -> Namkeen Snacks,Grocery - Snacks & Packaged Foods,Bengaluru,Karnataka,29AAFCG9846E1Z7,Bengaluru,Karnataka,DELIVERED,19059090,0,0,0,0,1,198,178,0,0,0,0,0,178
879,1566153930,14-12-2025,10200590,"Vyndo Roasted Ragi Bhakhri, Healthy Millet Snacks",Vyndo,8906172900372,"Vyndo Roasted Ragi Bhakhri, Healthy Millet Snacks(Box)",Munchies -> Namkeen Snacks -> Namkeen Snacks,Grocery - Snacks & Packaged Foods,Bengaluru,Karnataka,29AAFCG9846E1Z7,Bengaluru,Karnataka,DELIVERED,19059090,0,0,0,0,1,198,178,0,0,0,0,0,178
880,1566296368,14-12-2025,10200590,"Vyndo Roasted Ragi Bhakhri, Healthy Millet Snacks",Vyndo,8906172900372,"Vyndo Roasted Ragi Bhakhri, Healthy Millet Snacks(Box)",Munchies -> Namkeen Snacks -> Namkeen Snacks,Grocery - Snacks & Packaged Foods,Mumbai,Maharashtra,27AAFCG9846E1ZB,Mumbai,Maharashtra,DELIVERED,19059090,0,0,0,0,1,198,178,0,0,0,0,0,178
881,1565953671,14-12-2025,10200590,"Vyndo Roasted Ragi Bhakhri, Healthy Millet Snacks",Vyndo,8906172900372,"Vyndo Roasted Ragi Bhakhri, Healthy Millet Snacks(Box)",Munchies -> Namkeen Snacks -> Namkeen Snacks,Grocery - Snacks & Packaged Foods,Pune,Maharashtra,27AAFCG9846E1ZB,Pune,Maharashtra,DELIVERED,19059090,0,0,0,0,1,198,178,0,0,0,0,0,178
882,1565953671,14-12-2025,10204795,Vyndo Sattu Khakhra,Vyndo,8906172900198,Vyndo Sattu Khakhra(Packet),Munchies -> Namkeen Snacks -> Namkeen Snacks,Grocery - Snacks & Packaged Foods,Pune,Maharashtra,27AAFCG9846E1ZB,Pune,Maharashtra,DELIVERED,19059090,0,0,0,0,1,198,178,0,0,0,0,0,178
883,1563959781,14-12-2025,10204795,Vyndo Sattu Khakhra,Vyndo,8906172900198,Vyndo Sattu Khakhra(Packet),Munchies -> Namkeen Snacks -> Namkeen Snacks,Grocery - Snacks & Packaged Foods,Pune,Maharashtra,27AAFCG9846E1ZB,Pune,Maharashtra,DELIVERED,19059090,0,0,0,0,1,198,178,0,0,0,0,0,178
884,1566809870,14-12-2025,10204795,Vyndo Sattu Khakhra,Vyndo,8906172900198,Vyndo Sattu Khakhra(Packet),Munchies -> Namkeen Snacks -> Namkeen Snacks,Grocery - Snacks & Packaged Foods,UP-NCR,Uttar Pradesh,09AAFCG9846E1Z9,Ghaziabad,Uttar Pradesh,DELIVERED,19059090,0,0,0,0,1,198,178,0,0,0,0,0,178
885,1565386103,14-12-2025,10204795,Vyndo Sattu Khakhra,Vyndo,8906172900198,Vyndo Sattu Khakhra(Packet),Munchies -> Namkeen Snacks -> Namkeen Snacks,Grocery - Snacks & Packaged Foods,Kolkata,West Bengal,19AAFCG9846E1Z8,Kolkata,West Bengal,DELIVERED,19059090,0,0,0,0,1,198,178,0,0,0,0,0,178
886,1563895998,14-12-2025,10204795,Vyndo Sattu Khakhra,Vyndo,8906172900198,Vyndo Sattu Khakhra(Packet),Munchies -> Namkeen Snacks -> Namkeen Snacks,Grocery - Snacks & Packaged Foods,Bengaluru,Karnataka,29AAFCG9846E1Z7,Bengaluru,Karnataka,DELIVERED,19059090,0,0,0,0,1,198,178,0,0,0,0,0,178
887,1565203742,14-12-2025,10204795,Vyndo Sattu Khakhra,Vyndo,8906172900198,Vyndo Sattu Khakhra(Packet),Munchies -> Namkeen Snacks -> Namkeen Snacks,Grocery - Snacks & Packaged Foods,Chennai,Tamil Nadu,33AAFCG9846E1ZI,Chennai,Tamil Nadu,DELIVERED,19059090,0,0,0,0,1,198,178,0,0,0,0,0,178
888,1565386103,14-12-2025,10204798,"Vyndo Chorafali Khakhra, Healthy Millet Snacks",Vyndo,8906172900204,"Vyndo Chorafali Khakhra, Healthy Millet Snacks(Packet)",Munchies -> Namkeen Snacks -> Namkeen Snacks,Grocery - Snacks & Packaged Foods,Kolkata,West Bengal,19AAFCG9846E1Z8,Kolkata,West Bengal,DELIVERED,19059090,0,0,0,0,1,198,178,0,0,0,0,0,178
889,1565203742,14-12-2025,10204798,"Vyndo Chorafali Khakhra, Healthy Millet Snacks",Vyndo,8906172900204,"Vyndo Chorafali Khakhra, Healthy Millet Snacks(Packet)",Munchies -> Namkeen Snacks -> Namkeen Snacks,Grocery - Snacks & Packaged Foods,Chennai,Tamil Nadu,33AAFCG9846E1ZI,Chennai,Tamil Nadu,DELIVERED,19059090,0,0,0,0,1,198,178,0,0,0,0,0,178
890,1563776948,14-12-2025,10204798,"Vyndo Chorafali Khakhra, Healthy Millet Snacks",Vyndo,8906172900204,"Vyndo Chorafali Khakhra, Healthy Millet Snacks(Packet)",Munchies -> Namkeen Snacks -> Namkeen Snacks,Grocery - Snacks & Packaged Foods,Rajkot,Gujarat,24AAFCG9846E1ZH,Rajkot,Gujarat,DELIVERED,19059090,0,0,0,0,1,198,178,0,0,0,0,0,178
891,1565953671,14-12-2025,10204798,"Vyndo Chorafali Khakhra, Healthy Millet Snacks",Vyndo,8906172900204,"Vyndo Chorafali Khakhra, Healthy Millet Snacks(Packet)",Munchies -> Namkeen Snacks -> Namkeen Snacks,Grocery - Snacks & Packaged Foods,Pune,Maharashtra,27AAFCG9846E1ZB,Pune,Maharashtra,DELIVERED,19059090,0,0,0,0,1,198,178,0,0,0,0,0,178
892,1564190868,14-12-2025,10204798,"Vyndo Chorafali Khakhra, Healthy Millet Snacks",Vyndo,8906172900204,"Vyndo Chorafali Khakhra, Healthy Millet Snacks(Packet)",Munchies -> Namkeen Snacks -> Namkeen Snacks,Grocery - Snacks & Packaged Foods,Pune,Maharashtra,27AAFCG9846E1ZB,Pune,Maharashtra,DELIVERED,19059090,0,0,0,0,1,198,178,0,0,0,0,0,178
893,1566222044,14-12-2025,10204798,"Vyndo Chorafali Khakhra, Healthy Millet Snacks",Vyndo,8906172900204,"Vyndo Chorafali Khakhra, Healthy Millet Snacks(Packet)",Munchies -> Namkeen Snacks -> Namkeen Snacks,Grocery - Snacks & Packaged Foods,Pune,Maharashtra,27AAFCG9846E1ZB,Pune,Maharashtra,DELIVERED,19059090,0,0,0,0,1,198,178,0,0,0,0,0,178
894,1565312432,14-12-2025,10204798,"Vyndo Chorafali Khakhra, Healthy Millet Snacks",Vyndo,8906172900204,"Vyndo Chorafali Khakhra, Healthy Millet Snacks(Packet)",Munchies -> Namkeen Snacks -> Namkeen Snacks,Grocery - Snacks & Packaged Foods,Ahmedabad,Gujarat,24AAFCG9846E1ZH,Ahmedabad,Gujarat,DELIVERED,19059090,0,0,0,0,1,198,178,0,0,0,0,0,178
895,1564692542,14-12-2025,10205139,"Vyndo Methi Bajra Khakhra, Healthy Millet Snacks",Vyndo,8906172900235,"Vyndo Methi Bajra Khakhra, Healthy Millet Snacks(Pouch)",Munchies -> Namkeen Snacks -> Namkeen Snacks,Grocery - Snacks & Packaged Foods,Lucknow,Uttar Pradesh,09AAFCG9846E1Z9,Lucknow,Uttar Pradesh,DELIVERED,19059090,0,0,0,0,1,198,178,0,0,0,0,0,178
896,1563875169,14-12-2025,10205139,"Vyndo Methi Bajra Khakhra, Healthy Millet Snacks",Vyndo,8906172900235,"Vyndo Methi Bajra Khakhra, Healthy Millet Snacks(Pouch)",Munchies -> Namkeen Snacks -> Namkeen Snacks,Grocery - Snacks & Packaged Foods,Barabanki,Uttar Pradesh,09AAFCG9846E1Z9,Barabanki,Uttar Pradesh,DELIVERED,19059090,0,0,0,0,1,198,178,0,0,0,0,0,178
897,1565128795,14-12-2025,10205139,"Vyndo Methi Bajra Khakhra, Healthy Millet Snacks",Vyndo,8906172900235,"Vyndo Methi Bajra Khakhra, Healthy Millet Snacks(Pouch)",Munchies -> Namkeen Snacks -> Namkeen Snacks,Grocery - Snacks & Packaged Foods,UP-NCR,Uttar Pradesh,09AAFCG9846E1Z9,Ghaziabad,Uttar Pradesh,DELIVERED,19059090,0,0,0,0,1,198,178,0,0,0,0,0,178
898,1565203742,14-12-2025,10205139,"Vyndo Methi Bajra Khakhra, Healthy Millet Snacks",Vyndo,8906172900235,"Vyndo Methi Bajra Khakhra, Healthy Millet Snacks(Pouch)",Munchies -> Namkeen Snacks -> Namkeen Snacks,Grocery - Snacks & Packaged Foods,Chennai,Tamil Nadu,33AAFCG9846E1ZI,Chennai,Tamil Nadu,DELIVERED,19059090,0,0,0,0,1,198,178,0,0,0,0,0,178
899,1565386103,14-12-2025,10205139,"Vyndo Methi Bajra Khakhra, Healthy Millet Snacks",Vyndo,8906172900235,"Vyndo Methi Bajra Khakhra, Healthy Millet Snacks(Pouch)",Munchies -> Namkeen Snacks -> Namkeen Snacks,Grocery - Snacks & Packaged Foods,Kolkata,West Bengal,19AAFCG9846E1Z8,Kolkata,West Bengal,DELIVERED,19059090,0,0,0,0,1,198,178,0,0,0,0,0,178
900,1566106459,14-12-2025,10205139,"Vyndo Methi Bajra Khakhra, Healthy Millet Snacks",Vyndo,8906172900235,"Vyndo Methi Bajra Khakhra, Healthy Millet Snacks(Pouch)",Munchies -> Namkeen Snacks -> Namkeen Snacks,Grocery - Snacks & Packaged Foods,Mumbai,Maharashtra,27AAFCG9846E1ZB,Mumbai,Maharashtra,DELIVERED,19059090,0,0,0,0,1,198,178,0,0,0,0,0,178
901,1563763951,14-12-2025,10205139,"Vyndo Methi Bajra Khakhra, Healthy Millet Snacks",Vyndo,8906172900235,"Vyndo Methi Bajra Khakhra, Healthy Millet Snacks(Pouch)",Munchies -> Namkeen Snacks -> Namkeen Snacks,Grocery - Snacks & Packaged Foods,Mumbai,Maharashtra,27AAFCG9846E1ZB,Mumbai,Maharashtra,DELIVERED,19059090,0,0,0,0,1,198,178,0,0,0,0,0,178
902,1566790526,14-12-2025,10267273,Vyndo Assorted Khakhra & Bhakhri,Vyndo,8906172900501,Vyndo Assorted Khakhra & Bhakhri(Packet),Organic & Premium -> Snacks & Munchies -> Snacks & Munchies,Grocery - Snacks & Packaged Foods,Mumbai,Maharashtra,27AAFCG9846E1ZB,Mumbai,Maharashtra,DELIVERED,19059090,0,0,0,0,1,160,130,0,0,0,0,0,130
903,1563931269,14-12-2025,10267273,Vyndo Assorted Khakhra & Bhakhri,Vyndo,8906172900501,Vyndo Assorted Khakhra & Bhakhri(Packet),Organic & Premium -> Snacks & Munchies -> Snacks & Munchies,Grocery - Snacks & Packaged Foods,Mumbai,Maharashtra,27AAFCG9846E1ZB,Mumbai,Maharashtra,DELIVERED,19059090,0,0,0,0,1,160,130,0,0,0,0,0,130
